unpacking 1 channels...
fetching git input 'git+file:///home/dak/nixos/yoshi.flakes'
warning: Git tree '/home/dak/nixos/yoshi.flakes' is dirty
fetching github input 'github:numtide/flake-utils/11707dc2f618dd54ca8739b309ec4fc024de578b'
fetching github input 'github:nix-systems/default/da67096a3b9bf56a91d16901293e51ba5b49a27e'
these 22 derivations will be built:
  /nix/store/fsqywwv8i2j4rsbpmx3k0dg3xdw9zlvq-pytest-hook.drv
  /nix/store/21srvgm9sjciy6qi8pkzz4rdljkpl73i-python3.13-pytest-8.4.2.drv
  /nix/store/2814rf38lfnvbvgv9hp95kagjhaf421b-builder.pl.drv
  /nix/store/b7n5h4nql1qc9rca2zarxj3xbpqp42fd-rowan-0.15.16.drv
  /nix/store/ljvm96p1s8ciq8hhzmxaln1490lcq97q-editline-1.17.1-unstable-2025-05-24.drv
  /nix/store/lw90ldrqdam9gi10gmbn456rvi97dacj-boehm-gc-8.2.8.drv
  /nix/store/rd4i94z95h4a070lbgx88hx2ydsvmba4-closure-info.drv
  /nix/store/dlgdwn2161qx4lrf5amjhhan3a6k3f1g-lix-builtin-dep-closure.drv
  /nix/store/f0rkkjgd6sblacnv82whsw816kw5pbf4-countme-3.0.1.drv
  /nix/store/fh5f9l5m2wsnbgjd3plldm7mzlwzn7j9-text-size-1.1.1.drv
  /nix/store/rm6mglc1grgh2b0zkck4z3wpix697m0q-expect-test-1.5.0.drv
  /nix/store/iasj0ab4i2ik88fgkyq5aza4whghbhxq-crate-rnix-0.12.0.tar.gz.drv
  /nix/store/w0y01hn86zck83ahirn9mnhvfx6ycb5c-rnix-0.12.0.drv
  /nix/store/y6nd8zr0vhm252d010ffkj8y13z585ca-dissimilar-1.0.9.drv
  /nix/store/dvwg1ifldss2j72ia3gz35vc0byviyz8-cargo-vendor-dir.drv
  /nix/store/g4rp682k0bvrb0zz7pi62jqvaxjd87y2-rapidcheck-0-unstable-2023-12-14.drv
  /nix/store/q09nrn8niib81mcl2gvrdp2lh55mvn1r-python3-3.13.11-env.drv
  /nix/store/w9wa75skamrw5pd3jhgvcabf2figjf7l-python3-3.13.11-env.drv
  /nix/store/vd5v45wvrfxvh67l7xa0v5qwd3bwi28g-build-release-notes.drv
  /nix/store/x6nvh7pp4y80mi8192mxzbxm147czqi4-lix-native-file.conf.drv
  /nix/store/z6h1czr149frma1nc9qff35cm70k7lh0-lix-2.95.0-pre20260129-dev_b6c8f41.drv
  /nix/store/wdkdx9ql26nddm2yrp8k87sd0sdlyvkr-nixos-rebuild-ng-26.05.drv
these 102 paths will be fetched (45.13 MiB download, 203.04 MiB unpacked):
  /nix/store/jz16l0q37bqm6znab9zk8l1xz4f9446i-acl-2.3.2-dev
  /nix/store/6mnivxxcligymm566si26hg4byfjzm0k-acl-static-x86_64-unknown-linux-musl-2.3.2
  /nix/store/84xq1an9yk9sh5g2s0cz58q7j2ziqfkv-acl-static-x86_64-unknown-linux-musl-2.3.2-bin
  /nix/store/gibflv1zrb6kp2a38ggzczy8m876wwky-attr-2.5.2-dev
  /nix/store/jq6i0i6bp2y98hnf7swh2mk40hndnlxn-attr-static-x86_64-unknown-linux-musl-2.5.2
  /nix/store/1jwy2sfvk9gndm57avk2ll16bl0rf3bp-autoconf-2.72
  /nix/store/y79jmv8xnw46x4vqdqpnyncwb4jqvcba-automake-1.18.1
  /nix/store/jhddnylqbn9km84mi7iv0rw0xgrwdwsa-autoreconf-hook
  /nix/store/0aidq13y5cnfczwypx6xwpb4psnaaqq7-aws-crt-cpp-0.34.3-dev
  /nix/store/4906b443qf1nagx41xj1d1yhw836ya40-aws-sdk-cpp-1.11.647-dev
  /nix/store/ihn3s9q5csqbkk3w46iaxq57fd67ahsf-bash-interactive-static-x86_64-unknown-linux-musl-5.3p9
  /nix/store/71zazsbsl9j3avg2csbif6cfn2y1s301-bin
  /nix/store/aflblv48yhibafwyvh2qfl0r1xx41d6v-busybox-static-x86_64-unknown-linux-musl-1.37.0
  /nix/store/5bn0f4v79j04931gghfjw42pmyiijnq2-crate-countme-3.0.1.tar.gz
  /nix/store/r1b1x1m4h79ixfscak4ixwpj2bw3wn0s-crate-dissimilar-1.0.9.tar.gz
  /nix/store/gi4vm5r909abqxk8larz2kas1rhnv3cd-crate-expect-test-1.5.0.tar.gz
  /nix/store/4p23w0yf077jg30q1pa3s5zffv807c7r-crate-rowan-0.15.16.tar.gz
  /nix/store/j5vc2ha2shimmrj0qcg6s7b4fxx9ncnj-crate-text-size-1.1.1.tar.gz
  /nix/store/z2p2fghmmlz811h4m5gf8dvv831n7pd1-curl-8.17.0
  /nix/store/nkcdnynzmpivn89lqqz3iby95w36vbfi-curl-8.17.0-bin
  /nix/store/1zpdv6g5dawfialmjqnrizmg9c27df8k-curl-8.17.0-dev
  /nix/store/l4yqm58fi4b50caazj7wmbzxam6arg0h-curl-8.17.0-man
  /nix/store/yhxa1py6ya5w18c8s4jq0zh8yd34w291-die-hook
  /nix/store/nnzjir75lffgf6xmc1b6757g2b48nmsi-ensure-newer-sources-hook
  /nix/store/nyy0bvgjwd98x7ih8pl6pr79qjljgsf7-file-5.45
  /nix/store/ikl1b9wr9b5bcr08sb76xhxpimadx47y-file-5.45-dev
  /nix/store/bjgsr6vjn2zvp6xp28zf73ny8fnyy74b-gnu-config-2024-01-01
  /nix/store/vbah5c4rzy1q1hbqhginyxjhj8d4dj8j-gnumake-4.4.1
  /nix/store/sxbd05cr4ckhdvmqmz38851am9mg3fr5-gtest-1.17.0-dev
  /nix/store/7rs3vgbaiarazlxh1wajvmi3sisfd7g1-hashbrown-0.14.5
  /nix/store/73ik8cqs2x7m18y8zaf84vq8x49gxp6h-install-shell-files
  /nix/store/d73i1fvhrqms0sbfrvqaynsr8iva216v-jq-1.8.1-dev
  /nix/store/kxfavk87jb5rwhi05qbyk8anlwvw1jk8-krb5-1.22.1
  /nix/store/gi64nay165p6423nbzncp4xiq1sryx9m-krb5-1.22.1-dev
  /nix/store/psvbc8fpgh9qgqfp5ymnr7h0jla36f7p-krb5-1.22.1-lib
  /nix/store/72hw5y7rbf4k33gnnwxkny5x4ahpi8k6-libarchive-3.8.4-dev
  /nix/store/pbp7y16lkpxf4psvq4qxhyavsgncy594-libseccomp-2.6.0-dev
  /nix/store/vbsr171scsnz906q7v0ivi6vj4zk8pf1-libssh2-1.11.1
  /nix/store/84lsi0ixsc5jvms03v6x2dyq8kyy2k0z-libssh2-1.11.1-dev
  /nix/store/0wji2p1jcqx4a6y31grqqhzskljx70ps-libtool-2.5.4
  /nix/store/p4a76cda0nh70q287v4jglzwacwwhrki-lowdown-2.0.4-dev
  /nix/store/4vlbi84gav86y4mrs96y78wq71y3zpj2-make-binary-wrapper-hook
  /nix/store/cp7i54jrkql572jljv4nsymn3w9bpiz3-make-shell-wrapper-hook
  /nix/store/0j472hdyg6n40gajm6ii2c5k4mcynnsb-mdbook-0.5.2
  /nix/store/dm25n53dmimzndqysks5blsch5gi20n5-mdbook-linkcheck-0.7.7
  /nix/store/6816abc3ky6byb0hz6r49kcbyd218xdj-mercurial-7.1
  /nix/store/k9dmwf87kz9s32h554j0gc88g4wn4bzs-meson-1.9.1
  /nix/store/1mjmg64bj09mjplbvsaabh58l18p0xjq-mirrors-list
  /nix/store/28a4kzj02qsxy60wrglsizdglibm8xyp-ncurses-static-x86_64-unknown-linux-musl-6.6
  /nix/store/i90b5jvf5f8k1hfai9aj29268580078d-nghttp2-1.67.1
  /nix/store/r3f4zs56fzpahwnykhr3wbl1j33ksvxr-nghttp2-1.67.1-dev
  /nix/store/jgmb7ck2zrf5sb1fglmxz8r8i8qyflyc-nghttp2-1.67.1-lib
  /nix/store/wc7a9w61k9bqvdnksx7mfj49x55nl8i8-ninja-1.13.2
  /nix/store/cwjixkaaww90b3j21xhpdq12dlyj6c2f-once_cell-1.19.0
  /nix/store/j7368sjzibfyzh6kkr6b70zblw17i602-openssl-3.6.0
  /nix/store/mi2gmmmhmyjlcjd7gq0jq7nkx599m6lc-openssl-3.6.0-bin
  /nix/store/q6zwrig7ymwbn5hi44py5ai1ixh847s3-openssl-3.6.0-dev
  /nix/store/ba3kkganl37fskmvcbj6r1gjvj567id0-pypa-install-hook
  /nix/store/fvrkn81gby2ghm8w4bflj3zwc61gk1wb-pytest-8.4.2.tar.gz
  /nix/store/zai16nq3b9wphaz278l3kavw81gvf9m2-pytest-check-hook
  /nix/store/pscx1khsxm0dlk73iqr2n6md0d3pdhgq-python-catch-conflicts-hook
  /nix/store/hx22jj1ml06z7zcaa3lz74pznpidl9bx-python-imports-check-hook.sh
  /nix/store/a5a52l81n6jr5qnrparnqagd76ar0sv6-python-namespaces-hook.sh
  /nix/store/npmsjq0si04qvs0j3l19wr4p0xhjdsrk-python-output-dist-hook
  /nix/store/vyk8f7y6wqnw8blclf048hnv765h5l4q-python-remove-bin-bytecode-hook
  /nix/store/j36j9aary4ixqzhipg4gqyy23016kjp7-python-remove-tests-dir-hook
  /nix/store/fm9y11h3g6f4i80jmlbqnj4qj9pkzyzd-python-runtime-deps-check-hook.sh
  /nix/store/aswhl3acy0dy7cb8sfind9501f9zlid8-python3.13-execnet-2.1.1
  /nix/store/vj557s7ljqjsxammphr453x9j39vwp0k-python3.13-google-re2-1.1.20250805
  /nix/store/v156im8a56arqlm9kdym9jm93p5r9qxd-python3.13-iniconfig-2.1.0
  /nix/store/jdm0nbpj2dw37bc3p356ylh7pi1siz1w-python3.13-installer-0.7.0
  /nix/store/m552yvsin970cgvx56gzzsvmhwvzjpbi-python3.13-pluggy-1.6.0
  /nix/store/5s4i1qd80f1avfa3pd9c9kn3m9prfvbn-python3.13-pyaml-25.7.0
  /nix/store/hq5mswi85raa2mfx1zkfdzf1gylphmdc-python3.13-pycapnp-2.0.0
  /nix/store/7n1h5a6pabzkwb81wbwygicv0lk126ql-python3.13-pytest-8.4.2
  /nix/store/iivnl6kdxhw6mkjbk4skwajiinfslw58-python3.13-pytest-timeout-2.4.0
  /nix/store/4yjjhqhrmgah7bhppwcl6pq6srf87vdb-python3.13-pytest-xdist-3.8.0
  /nix/store/snd0235sxlc45d0dgzb8678cmra90h3g-python3.13-python-frontmatter-1.1.0
  /nix/store/5lpp014xcf7n7iffasibk6k30p4daclq-python3.13-pyxattr-0.8.1
  /nix/store/6k0j5qdk6ay4m6wk7j6z5j4d8824s0n2-python3.13-ruff-0.14.14
  /nix/store/1fm7aw98ddmd2fwyri49r170pssvk8zq-python3.13-setuptools-scm-9.0.1
  /nix/store/7mvd58ncd6fvdq0wcix7h4s0al427mpd-python3.13-shtab-1.7.2
  /nix/store/zg5v3iafd4phh3ndrl7v576dkm7ixdhm-python3.13-tomlkit-0.13.3
  /nix/store/m5izw5j6wc42njjbvcfmr4g6w8xm1wjm-python3.13-yq-3.4.3
  /nix/store/42n5ly8hqhkrx22l77q4gsipmzvya8r2-remove-references-to
  /nix/store/xmy9vff4zlbvkz3y830085dzgjpmaj8d-ruff-0.14.14
  /nix/store/qicqqhlk36ix65axc5497939zh0ff2gx-rust-cbindgen-0.29.2
  /nix/store/j6a4b3hvr7bvcng0kcdpnka3d3bv18xj-rustc-hash-1.1.0
  /nix/store/1fdk1rch7j37fzc7rpns6bhqf1bj1dd7-s2n-tls-1.5.27-dev
  /nix/store/g9wml1z4bky4z1kzcspnf1mhfx4cs4sx-scdoc-1.11.4
  /nix/store/6kvgiwk9avxxf420fpk2mjndzzir85s2-scdoc-1.11.4-dev
  /nix/store/5vnd9ip0dpns0xcvwayvh58lkghxq6pq-source
  /nix/store/fp3n2bh8zg0qqp5ivsvscxzmdg1f3jf8-source
  /nix/store/n6amkzly4c76qv81kccjfrsdq5ylszyp-source
  /nix/store/gidygr7l2i5kckd3zv9kfjcymxcycw6y-stdenv-linux
  /nix/store/jsz7r5l61wczr93i33a25m5jvaff8y2f-stdenv-linux
  /nix/store/lajqvvaxn87hc409wkxlzfq89ycf0pw4-stdenv-linux
  /nix/store/48jgzkn85sfcsm9wpk7gdqx51jval609-systemtap-5.4
  /nix/store/8hpf8xcdiklazwzjc1awz08jdaf42g02-systemtap-5.4
  /nix/store/y03z7y8cgdck7vk8qpim30vps4d22gzv-update-autotools-gnu-config-scripts-hook
  /nix/store/yy54fq8g6n7snqginvx7m933c2acwq7g-util-linux-minimal-2.41.3-dev
  /nix/store/v2rp5s5z0x3c4wj56mj92406mhk9w8lh-wrap-python-hook
copying path '/nix/store/73ik8cqs2x7m18y8zaf84vq8x49gxp6h-install-shell-files' from 'https://cache.nixos.org'...
copying path '/nix/store/yhxa1py6ya5w18c8s4jq0zh8yd34w291-die-hook' from 'https://cache.nixos.org'...
copying path '/nix/store/npmsjq0si04qvs0j3l19wr4p0xhjdsrk-python-output-dist-hook' from 'https://cache.nixos.org'...
copying path '/nix/store/vyk8f7y6wqnw8blclf048hnv765h5l4q-python-remove-bin-bytecode-hook' from 'https://cache.nixos.org'...
copying path '/nix/store/nnzjir75lffgf6xmc1b6757g2b48nmsi-ensure-newer-sources-hook' from 'https://cache.nixos.org'...
copying path '/nix/store/fm9y11h3g6f4i80jmlbqnj4qj9pkzyzd-python-runtime-deps-check-hook.sh' from 'https://cache.nixos.org'...
copying path '/nix/store/aflblv48yhibafwyvh2qfl0r1xx41d6v-busybox-static-x86_64-unknown-linux-musl-1.37.0' from 'https://cache.nixos.org'...
copying path '/nix/store/g9wml1z4bky4z1kzcspnf1mhfx4cs4sx-scdoc-1.11.4' from 'https://cache.nixos.org'...
copying path '/nix/store/vbah5c4rzy1q1hbqhginyxjhj8d4dj8j-gnumake-4.4.1' from 'https://cache.nixos.org'...
copying path '/nix/store/sxbd05cr4ckhdvmqmz38851am9mg3fr5-gtest-1.17.0-dev' from 'https://cache.nixos.org'...
copying path '/nix/store/nyy0bvgjwd98x7ih8pl6pr79qjljgsf7-file-5.45' from 'https://cache.nixos.org'...
copying path '/nix/store/m552yvsin970cgvx56gzzsvmhwvzjpbi-python3.13-pluggy-1.6.0' from 'https://cache.nixos.org'...
copying path '/nix/store/pscx1khsxm0dlk73iqr2n6md0d3pdhgq-python-catch-conflicts-hook' from 'https://cache.nixos.org'...
copying path '/nix/store/v156im8a56arqlm9kdym9jm93p5r9qxd-python3.13-iniconfig-2.1.0' from 'https://cache.nixos.org'...
copying path '/nix/store/k9dmwf87kz9s32h554j0gc88g4wn4bzs-meson-1.9.1' from 'https://cache.nixos.org'...
copying path '/nix/store/jdm0nbpj2dw37bc3p356ylh7pi1siz1w-python3.13-installer-0.7.0' from 'https://cache.nixos.org'...
copying path '/nix/store/bjgsr6vjn2zvp6xp28zf73ny8fnyy74b-gnu-config-2024-01-01' from 'https://cache.nixos.org'...
copying path '/nix/store/dm25n53dmimzndqysks5blsch5gi20n5-mdbook-linkcheck-0.7.7' from 'https://cache.nixos.org'...
copying path '/nix/store/a5a52l81n6jr5qnrparnqagd76ar0sv6-python-namespaces-hook.sh' from 'https://cache.nixos.org'...
copying path '/nix/store/j36j9aary4ixqzhipg4gqyy23016kjp7-python-remove-tests-dir-hook' from 'https://cache.nixos.org'...
copying path '/nix/store/jz16l0q37bqm6znab9zk8l1xz4f9446i-acl-2.3.2-dev' from 'https://cache.nixos.org'...
copying path '/nix/store/qicqqhlk36ix65axc5497939zh0ff2gx-rust-cbindgen-0.29.2' from 'https://cache.nixos.org'...
copying path '/nix/store/cp7i54jrkql572jljv4nsymn3w9bpiz3-make-shell-wrapper-hook' from 'https://cache.nixos.org'...
copying path '/nix/store/aswhl3acy0dy7cb8sfind9501f9zlid8-python3.13-execnet-2.1.1' from 'https://cache.nixos.org'...
copying path '/nix/store/n6amkzly4c76qv81kccjfrsdq5ylszyp-source' from 'https://cache.nixos.org'...
copying path '/nix/store/iivnl6kdxhw6mkjbk4skwajiinfslw58-python3.13-pytest-timeout-2.4.0' from 'https://cache.nixos.org'...
copying path '/nix/store/28a4kzj02qsxy60wrglsizdglibm8xyp-ncurses-static-x86_64-unknown-linux-musl-6.6' from 'https://cache.nixos.org'...
copying path '/nix/store/7mvd58ncd6fvdq0wcix7h4s0al427mpd-python3.13-shtab-1.7.2' from 'https://cache.nixos.org'...
copying path '/nix/store/j5vc2ha2shimmrj0qcg6s7b4fxx9ncnj-crate-text-size-1.1.1.tar.gz' from 'https://cache.nixos.org'...
copying path '/nix/store/fp3n2bh8zg0qqp5ivsvscxzmdg1f3jf8-source' from 'https://cache.nixos.org'...
copying path '/nix/store/d73i1fvhrqms0sbfrvqaynsr8iva216v-jq-1.8.1-dev' from 'https://cache.nixos.org'...
copying path '/nix/store/hx22jj1ml06z7zcaa3lz74pznpidl9bx-python-imports-check-hook.sh' from 'https://cache.nixos.org'...
copying path '/nix/store/0j472hdyg6n40gajm6ii2c5k4mcynnsb-mdbook-0.5.2' from 'https://cache.nixos.org'...
copying path '/nix/store/ikl1b9wr9b5bcr08sb76xhxpimadx47y-file-5.45-dev' from 'https://cache.nixos.org'...
copying path '/nix/store/gibflv1zrb6kp2a38ggzczy8m876wwky-attr-2.5.2-dev' from 'https://cache.nixos.org'...
copying path '/nix/store/5lpp014xcf7n7iffasibk6k30p4daclq-python3.13-pyxattr-0.8.1' from 'https://cache.nixos.org'...
copying path '/nix/store/42n5ly8hqhkrx22l77q4gsipmzvya8r2-remove-references-to' from 'https://cache.nixos.org'...
copying path '/nix/store/wc7a9w61k9bqvdnksx7mfj49x55nl8i8-ninja-1.13.2' from 'https://cache.nixos.org'...
copying path '/nix/store/1fdk1rch7j37fzc7rpns6bhqf1bj1dd7-s2n-tls-1.5.27-dev' from 'https://cache.nixos.org'...
copying path '/nix/store/y03z7y8cgdck7vk8qpim30vps4d22gzv-update-autotools-gnu-config-scripts-hook' from 'https://cache.nixos.org'...
copying path '/nix/store/y79jmv8xnw46x4vqdqpnyncwb4jqvcba-automake-1.18.1' from 'https://cache.nixos.org'...
copying path '/nix/store/1jwy2sfvk9gndm57avk2ll16bl0rf3bp-autoconf-2.72' from 'https://cache.nixos.org'...
copying path '/nix/store/5vnd9ip0dpns0xcvwayvh58lkghxq6pq-source' from 'https://cache.nixos.org'...
copying path '/nix/store/5bn0f4v79j04931gghfjw42pmyiijnq2-crate-countme-3.0.1.tar.gz' from 'https://cache.nixos.org'...
copying path '/nix/store/xmy9vff4zlbvkz3y830085dzgjpmaj8d-ruff-0.14.14' from 'https://cache.nixos.org'...
copying path '/nix/store/hq5mswi85raa2mfx1zkfdzf1gylphmdc-python3.13-pycapnp-2.0.0' from 'https://cache.nixos.org'...
copying path '/nix/store/p4a76cda0nh70q287v4jglzwacwwhrki-lowdown-2.0.4-dev' from 'https://cache.nixos.org'...
copying path '/nix/store/4vlbi84gav86y4mrs96y78wq71y3zpj2-make-binary-wrapper-hook' from 'https://cache.nixos.org'...
copying path '/nix/store/7rs3vgbaiarazlxh1wajvmi3sisfd7g1-hashbrown-0.14.5' from 'https://cache.nixos.org'...
copying path '/nix/store/cwjixkaaww90b3j21xhpdq12dlyj6c2f-once_cell-1.19.0' from 'https://cache.nixos.org'...
copying path '/nix/store/jq6i0i6bp2y98hnf7swh2mk40hndnlxn-attr-static-x86_64-unknown-linux-musl-2.5.2' from 'https://cache.nixos.org'...
copying path '/nix/store/pbp7y16lkpxf4psvq4qxhyavsgncy594-libseccomp-2.6.0-dev' from 'https://cache.nixos.org'...
copying path '/nix/store/j6a4b3hvr7bvcng0kcdpnka3d3bv18xj-rustc-hash-1.1.0' from 'https://cache.nixos.org'...
copying path '/nix/store/4p23w0yf077jg30q1pa3s5zffv807c7r-crate-rowan-0.15.16.tar.gz' from 'https://cache.nixos.org'...
copying path '/nix/store/5s4i1qd80f1avfa3pd9c9kn3m9prfvbn-python3.13-pyaml-25.7.0' from 'https://cache.nixos.org'...
copying path '/nix/store/1mjmg64bj09mjplbvsaabh58l18p0xjq-mirrors-list' from 'https://cache.nixos.org'...
copying path '/nix/store/r1b1x1m4h79ixfscak4ixwpj2bw3wn0s-crate-dissimilar-1.0.9.tar.gz' from 'https://cache.nixos.org'...
copying path '/nix/store/71zazsbsl9j3avg2csbif6cfn2y1s301-bin' from 'https://cache.nixos.org'...
copying path '/nix/store/7n1h5a6pabzkwb81wbwygicv0lk126ql-python3.13-pytest-8.4.2' from 'https://cache.nixos.org'...
copying path '/nix/store/ba3kkganl37fskmvcbj6r1gjvj567id0-pypa-install-hook' from 'https://cache.nixos.org'...
copying path '/nix/store/i90b5jvf5f8k1hfai9aj29268580078d-nghttp2-1.67.1' from 'https://cache.nixos.org'...
copying path '/nix/store/zg5v3iafd4phh3ndrl7v576dkm7ixdhm-python3.13-tomlkit-0.13.3' from 'https://cache.nixos.org'...
copying path '/nix/store/vj557s7ljqjsxammphr453x9j39vwp0k-python3.13-google-re2-1.1.20250805' from 'https://cache.nixos.org'...
copying path '/nix/store/gi4vm5r909abqxk8larz2kas1rhnv3cd-crate-expect-test-1.5.0.tar.gz' from 'https://cache.nixos.org'...
copying path '/nix/store/fvrkn81gby2ghm8w4bflj3zwc61gk1wb-pytest-8.4.2.tar.gz' from 'https://cache.nixos.org'...
copying path '/nix/store/v2rp5s5z0x3c4wj56mj92406mhk9w8lh-wrap-python-hook' from 'https://cache.nixos.org'...
copying path '/nix/store/l4yqm58fi4b50caazj7wmbzxam6arg0h-curl-8.17.0-man' from 'https://cache.nixos.org'...
copying path '/nix/store/jgmb7ck2zrf5sb1fglmxz8r8i8qyflyc-nghttp2-1.67.1-lib' from 'https://cache.nixos.org'...
copying path '/nix/store/48jgzkn85sfcsm9wpk7gdqx51jval609-systemtap-5.4' from 'https://cache.nixos.org'...
copying path '/nix/store/yy54fq8g6n7snqginvx7m933c2acwq7g-util-linux-minimal-2.41.3-dev' from 'https://cache.nixos.org'...
copying path '/nix/store/j7368sjzibfyzh6kkr6b70zblw17i602-openssl-3.6.0' from 'https://cache.nixos.org'...
copying path '/nix/store/1fm7aw98ddmd2fwyri49r170pssvk8zq-python3.13-setuptools-scm-9.0.1' from 'https://cache.nixos.org'...
copying path '/nix/store/4yjjhqhrmgah7bhppwcl6pq6srf87vdb-python3.13-pytest-xdist-3.8.0' from 'https://cache.nixos.org'...
copying path '/nix/store/0wji2p1jcqx4a6y31grqqhzskljx70ps-libtool-2.5.4' from 'https://cache.nixos.org'...
copying path '/nix/store/6kvgiwk9avxxf420fpk2mjndzzir85s2-scdoc-1.11.4-dev' from 'https://cache.nixos.org'...
copying path '/nix/store/72hw5y7rbf4k33gnnwxkny5x4ahpi8k6-libarchive-3.8.4-dev' from 'https://cache.nixos.org'...
copying path '/nix/store/gidygr7l2i5kckd3zv9kfjcymxcycw6y-stdenv-linux' from 'https://cache.nixos.org'...
copying path '/nix/store/lajqvvaxn87hc409wkxlzfq89ycf0pw4-stdenv-linux' from 'https://cache.nixos.org'...
copying path '/nix/store/jsz7r5l61wczr93i33a25m5jvaff8y2f-stdenv-linux' from 'https://cache.nixos.org'...
copying path '/nix/store/0aidq13y5cnfczwypx6xwpb4psnaaqq7-aws-crt-cpp-0.34.3-dev' from 'https://cache.nixos.org'...
copying path '/nix/store/snd0235sxlc45d0dgzb8678cmra90h3g-python3.13-python-frontmatter-1.1.0' from 'https://cache.nixos.org'...
copying path '/nix/store/6mnivxxcligymm566si26hg4byfjzm0k-acl-static-x86_64-unknown-linux-musl-2.3.2' from 'https://cache.nixos.org'...
building '/nix/store/2814rf38lfnvbvgv9hp95kagjhaf421b-builder.pl.drv'...
copying path '/nix/store/r3f4zs56fzpahwnykhr3wbl1j33ksvxr-nghttp2-1.67.1-dev' from 'https://cache.nixos.org'...
copying path '/nix/store/6816abc3ky6byb0hz6r49kcbyd218xdj-mercurial-7.1' from 'https://cache.nixos.org'...
copying path '/nix/store/m5izw5j6wc42njjbvcfmr4g6w8xm1wjm-python3.13-yq-3.4.3' from 'https://cache.nixos.org'...
copying path '/nix/store/4906b443qf1nagx41xj1d1yhw836ya40-aws-sdk-cpp-1.11.647-dev' from 'https://cache.nixos.org'...
copying path '/nix/store/vbsr171scsnz906q7v0ivi6vj4zk8pf1-libssh2-1.11.1' from 'https://cache.nixos.org'...
builder.pl> Running phase: patchPhase
building '/nix/store/fh5f9l5m2wsnbgjd3plldm7mzlwzn7j9-text-size-1.1.1.drv'...
builder.pl> Running phase: updateAutotoolsGnuConfigScriptsPhase
copying path '/nix/store/zai16nq3b9wphaz278l3kavw81gvf9m2-pytest-check-hook' from 'https://cache.nixos.org'...
copying path '/nix/store/mi2gmmmhmyjlcjd7gq0jq7nkx599m6lc-openssl-3.6.0-bin' from 'https://cache.nixos.org'...
building '/nix/store/rm6mglc1grgh2b0zkck4z3wpix697m0q-expect-test-1.5.0.drv'...
builder.pl> Running phase: configurePhase
builder.pl> no configure script, doing nothing
builder.pl> Running phase: buildPhase
copying path '/nix/store/84xq1an9yk9sh5g2s0cz58q7j2ziqfkv-acl-static-x86_64-unknown-linux-musl-2.3.2-bin' from 'https://cache.nixos.org'...
builder.pl> Running phase: checkPhase
copying path '/nix/store/jhddnylqbn9km84mi7iv0rw0xgrwdwsa-autoreconf-hook' from 'https://cache.nixos.org'...
copying path '/nix/store/psvbc8fpgh9qgqfp5ymnr7h0jla36f7p-krb5-1.22.1-lib' from 'https://cache.nixos.org'...
building '/nix/store/g4rp682k0bvrb0zz7pi62jqvaxjd87y2-rapidcheck-0-unstable-2023-12-14.drv'...
builder.pl> Running phase: installPhase
builder.pl> no Makefile or custom installPhase, doing nothing
builder.pl> Running phase: fixupPhase
builder.pl> shrinking RPATHs of ELF executables and libraries in /nix/store/jin84i2lrd93d4974rx6g5azy72mxfl5-builder.pl
builder.pl> checking for references to /build/ in /nix/store/jin84i2lrd93d4974rx6g5azy72mxfl5-builder.pl...
builder.pl> patching script interpreter paths in /nix/store/jin84i2lrd93d4974rx6g5azy72mxfl5-builder.pl
building '/nix/store/y6nd8zr0vhm252d010ffkj8y13z585ca-dissimilar-1.0.9.drv'...
building '/nix/store/lw90ldrqdam9gi10gmbn456rvi97dacj-boehm-gc-8.2.8.drv'...
boehm-gc> structuredAttrs is enabled
rapidcheck> Running phase: unpackPhase
rapidcheck> unpacking source archive /nix/store/5vnd9ip0dpns0xcvwayvh58lkghxq6pq-source
building '/nix/store/f0rkkjgd6sblacnv82whsw816kw5pbf4-countme-3.0.1.drv'...
copying path '/nix/store/q6zwrig7ymwbn5hi44py5ai1ixh847s3-openssl-3.6.0-dev' from 'https://cache.nixos.org'...
building '/nix/store/b7n5h4nql1qc9rca2zarxj3xbpqp42fd-rowan-0.15.16.drv'...
rapidcheck> source root is source
building '/nix/store/w9wa75skamrw5pd3jhgvcabf2figjf7l-python3-3.13.11-env.drv'...
rapidcheck> Running phase: patchPhase
rapidcheck> applying patch /nix/store/130hjpl3yiv949s2qal903f0zw0gizhr-rapidcheck-gen-hpp.patch
rapidcheck> patching file include/rapidcheck/Gen.hpp
rapidcheck> Running phase: updateAutotoolsGnuConfigScriptsPhase
rapidcheck> Running phase: configurePhase
copying path '/nix/store/6k0j5qdk6ay4m6wk7j6z5j4d8824s0n2-python3.13-ruff-0.14.14' from 'https://cache.nixos.org'...
building '/nix/store/fsqywwv8i2j4rsbpmx3k0dg3xdw9zlvq-pytest-hook.drv'...
rapidcheck> cmake flags: -DCMAKE_FIND_USE_SYSTEM_PACKAGE_REGISTRY=OFF -DCMAKE_FIND_USE_PACKAGE_REGISTRY=OFF -DCMAKE_EXPORT_NO_PACKAGE_REGISTRY=ON -DCMAKE_BUILD_TYPE=Release -DBUILD_TESTING=OFF -DCMAKE_INSTALL_LOCALEDIR=/nix/store/i2kvh8kmwqprsfh7yhggxfmkrhrx2dwy-rapidcheck-0-unstable-2023-12-14/share/locale -DCMAKE_INSTALL_LIBEXECDIR=/nix/store/i2kvh8kmwqprsfh7yhggxfmkrhrx2dwy-rapidcheck-0-unstable-2023-12-14/libexec -DCMAKE_INSTALL_LIBDIR=/nix/store/i2kvh8kmwqprsfh7yhggxfmkrhrx2dwy-rapidcheck-0-unstable-2023-12-14/lib -DCMAKE_INSTALL_DOCDIR=/nix/store/i2kvh8kmwqprsfh7yhggxfmkrhrx2dwy-rapidcheck-0-unstable-2023-12-14/share/doc/rapidcheck -DCMAKE_INSTALL_INFODIR=/nix/store/i2kvh8kmwqprsfh7yhggxfmkrhrx2dwy-rapidcheck-0-unstable-2023-12-14/share/info -DCMAKE_INSTALL_MANDIR=/nix/store/i2kvh8kmwqprsfh7yhggxfmkrhrx2dwy-rapidcheck-0-unstable-2023-12-14/share/man -DCMAKE_INSTALL_INCLUDEDIR=/nix/store/hraivgziifbi8qal47bfqlbwf19gzbny-rapidcheck-0-unstable-2023-12-14-dev/include -DCMAKE_INSTALL_SBINDIR=/nix/store/i2kvh8kmwqprsfh7yhggxfmkrhrx2dwy-rapidcheck-0-unstable-2023-12-14/sbin -DCMAKE_INSTALL_BINDIR=/nix/store/i2kvh8kmwqprsfh7yhggxfmkrhrx2dwy-rapidcheck-0-unstable-2023-12-14/bin -DCMAKE_INSTALL_NAME_DIR=/nix/store/i2kvh8kmwqprsfh7yhggxfmkrhrx2dwy-rapidcheck-0-unstable-2023-12-14/lib -DCMAKE_STRIP=/nix/store/a245z3cvf9x9sn0xlk6k8j9xhxbhda1z-gcc-wrapper-15.2.0/bin/strip -DCMAKE_RANLIB=/nix/store/a245z3cvf9x9sn0xlk6k8j9xhxbhda1z-gcc-wrapper-15.2.0/bin/ranlib -DCMAKE_AR=/nix/store/a245z3cvf9x9sn0xlk6k8j9xhxbhda1z-gcc-wrapper-15.2.0/bin/ar -DCMAKE_C_COMPILER=gcc -DCMAKE_CXX_COMPILER=g++ -DCMAKE_INSTALL_PREFIX=/nix/store/i2kvh8kmwqprsfh7yhggxfmkrhrx2dwy-rapidcheck-0-unstable-2023-12-14 -DBUILD_SHARED_LIBS:BOOL=TRUE -DRC_INSTALL_ALL_EXTRAS:BOOL=TRUE
boehm-gc> Running phase: unpackPhase
boehm-gc> unpacking source archive /nix/store/n6amkzly4c76qv81kccjfrsdq5ylszyp-source
boehm-gc> source root is source
boehm-gc> separate-debug-info: recording checksum of source files for debug support...
copying path '/nix/store/kxfavk87jb5rwhi05qbyk8anlwvw1jk8-krb5-1.22.1' from 'https://cache.nixos.org'...
copying path '/nix/store/z2p2fghmmlz811h4m5gf8dvv831n7pd1-curl-8.17.0' from 'https://cache.nixos.org'...
copying path '/nix/store/84lsi0ixsc5jvms03v6x2dyq8kyy2k0z-libssh2-1.11.1-dev' from 'https://cache.nixos.org'...
building '/nix/store/ljvm96p1s8ciq8hhzmxaln1490lcq97q-editline-1.17.1-unstable-2025-05-24.drv'...
building '/nix/store/21srvgm9sjciy6qi8pkzz4rdljkpl73i-python3.13-pytest-8.4.2.drv'...
boehm-gc> Running phase: patchPhase
boehm-gc> Running phase: autoreconfPhase
python3> created 233 symlinks in user environment
copying path '/nix/store/nkcdnynzmpivn89lqqz3iby95w36vbfi-curl-8.17.0-bin' from 'https://cache.nixos.org'...
copying path '/nix/store/gi64nay165p6423nbzncp4xiq1sryx9m-krb5-1.22.1-dev' from 'https://cache.nixos.org'...
python3.13-pytest> Sourcing python-remove-tests-dir-hook
python3.13-pytest> Sourcing python-catch-conflicts-hook.sh
python3.13-pytest> Sourcing python-remove-bin-bytecode-hook.sh
python3.13-pytest> Sourcing pypa-build-hook
python3.13-pytest> Using pypaBuildPhase
python3.13-pytest> Sourcing python-runtime-deps-check-hook
python3.13-pytest> Using pythonRuntimeDepsCheckHook
python3.13-pytest> Sourcing pypa-install-hook
python3.13-pytest> Using pypaInstallPhase
python3.13-pytest> Sourcing python-imports-check-hook.sh
python3.13-pytest> Using pythonImportsCheckPhase
python3.13-pytest> Sourcing python-namespaces-hook
python3.13-pytest> Sourcing python-catch-conflicts-hook.sh
copying path '/nix/store/1zpdv6g5dawfialmjqnrizmg9c27df8k-curl-8.17.0-dev' from 'https://cache.nixos.org'...
warning: 'NIX_SSL_CERT_FILE' is an impure environment variable of this derivation but a *DIFFERENT* `ssl-cert-file` was set in the settings which takes precedence.
If you use `ssl-cert-file`, the certificate gets copied in the builder environment and the environment variables are set automatically.
If you set this environment variable to be an impure environment variable, you need to ensure it is accessible to the sandbox via `extra-sandbox-paths`.
This warning may become a hard error in the future version of Lix.
building '/nix/store/iasj0ab4i2ik88fgkyq5aza4whghbhxq-crate-rnix-0.12.0.tar.gz.drv'...
editline> Running phase: unpackPhase
editline> unpacking source archive /nix/store/fp3n2bh8zg0qqp5ivsvscxzmdg1f3jf8-source
editline> source root is source
editline> Running phase: patchPhase
editline> Running phase: autoreconfPhase
boehm-gc> autoreconf: export WARNINGS=
boehm-gc> autoreconf: Entering directory '.'
boehm-gc> autoreconf: configure.ac: not using Gettext
python3.13-pytest> Running phase: unpackPhase
python3.13-pytest> unpacking source archive /nix/store/fvrkn81gby2ghm8w4bflj3zwc61gk1wb-pytest-8.4.2.tar.gz
python3.13-pytest> source root is pytest-8.4.2
python3.13-pytest> setting SOURCE_DATE_EPOCH to timestamp 1756996391 of file "pytest-8.4.2/setup.cfg"
python3.13-pytest> Running phase: patchPhase
crate-rnix> structuredAttrs is enabled
python3.13-pytest> Running phase: updateAutotoolsGnuConfigScriptsPhase
editline> autoreconf: export WARNINGS=
editline> autoreconf: Entering directory '.'
editline> autoreconf: configure.ac: not using Gettext
python3.13-pytest> Running phase: configurePhase
python3.13-pytest> no configure script, doing nothing
python3.13-pytest> Running phase: buildPhase
rapidcheck> -- The CXX compiler identification is GNU 15.2.0
python3.13-pytest> Executing pypaBuildPhase
python3.13-pytest> Setting SETUPTOOLS_SCM_PRETEND_VERSION to 8.4.2
python3.13-pytest> Including all tracked files automatically
python3.13-pytest> Creating a wheel...
python3.13-pytest> pypa build flags: --no-isolation --outdir dist/ --wheel
crate-rnix> trying https://crates.io/api/v1/crates/rnix/0.12.0/download
crate-rnix>   % Total    % Received % Xferd  Average Speed   Time    Time     Time  Current
crate-rnix>                                  Dload  Upload   Total   Spent    Left  Speed
rapidcheck> -- Detecting CXX compiler ABI info
python3.13-pytest> * Getting build dependencies for wheel...
rapidcheck> -- Detecting CXX compiler ABI info - done
rapidcheck> -- Check for working CXX compiler: /nix/store/a245z3cvf9x9sn0xlk6k8j9xhxbhda1z-gcc-wrapper-15.2.0/bin/g++ - skipped
rapidcheck> -- Detecting CXX compile features
rapidcheck> -- Detecting CXX compile features - done
crate-rnix>   0     0   0     0   0     0     0     0  --:--:-- --:--:-- --:--:--     0
rapidcheck> -- Configuring done (0.4s)
copying path '/nix/store/ihn3s9q5csqbkk3w46iaxq57fd67ahsf-bash-interactive-static-x86_64-unknown-linux-musl-5.3p9' from 'https://cache.nixos.org'...
rapidcheck> -- Generating done (0.0s)
rapidcheck> CMake Warning:
rapidcheck>   Manually-specified variables were not used by the project:
rapidcheck>     BUILD_TESTING
rapidcheck>     CMAKE_C_COMPILER
rapidcheck>     CMAKE_EXPORT_NO_PACKAGE_REGISTRY
rapidcheck>     CMAKE_FIND_USE_PACKAGE_REGISTRY
rapidcheck>     CMAKE_FIND_USE_SYSTEM_PACKAGE_REGISTRY
rapidcheck> 
rapidcheck> -- Build files have been written to: /build/source/build
rapidcheck> cmake: enabled parallel building
rapidcheck> cmake: enabled parallel installing
rapidcheck> Running phase: buildPhase
rapidcheck> build flags: -j8 SHELL=/nix/store/f15k3dpilmiyv6zgpib289rnjykgr1r4-bash-5.3p9/bin/bash
copying path '/nix/store/8hpf8xcdiklazwzjc1awz08jdaf42g02-systemtap-5.4' from 'https://cache.nixos.org'...
rapidcheck> [ 11%] Building CXX object CMakeFiles/rapidcheck.dir/src/Classify.cpp.o
rapidcheck> [ 11%] Building CXX object CMakeFiles/rapidcheck.dir/src/Random.cpp.o
rapidcheck> [ 11%] Building CXX object CMakeFiles/rapidcheck.dir/src/Check.cpp.o
rapidcheck> [ 11%] Building CXX object CMakeFiles/rapidcheck.dir/src/Log.cpp.o
rapidcheck> [ 14%] Building CXX object CMakeFiles/rapidcheck.dir/src/BeforeMinimalTestCase.cpp.o
rapidcheck> [ 17%] Building CXX object CMakeFiles/rapidcheck.dir/src/GenerationFailure.cpp.o
rapidcheck> [ 22%] Building CXX object CMakeFiles/rapidcheck.dir/src/detail/Any.cpp.o
rapidcheck> [ 22%] Building CXX object CMakeFiles/rapidcheck.dir/src/Show.cpp.o
crate-rnix> 100 212319 100 212319   0     0 948288     0  --:--:-- --:--:-- --:--:-- 948288
building '/nix/store/w0y01hn86zck83ahirn9mnhvfx6ycb5c-rnix-0.12.0.drv'...
rapidcheck> [ 25%] Building CXX object CMakeFiles/rapidcheck.dir/src/detail/Assertions.cpp.o
python3.13-pytest> /nix/store/mfx6d4xq18jlpbi0cwnfhmk9hr0gb8i3-python3.13-setuptools-80.9.0/lib/python3.13/site-packages/setuptools/config/_apply_pyprojecttoml.py:82: SetuptoolsDeprecationWarning: `project.license` as a TOML table is deprecated
python3.13-pytest> !!
python3.13-pytest>         ********************************************************************************
python3.13-pytest>         Please use a simple string containing a SPDX expression for `project.license`. You can also use `project.license-files`. (Both options available on setuptools>=77.0.0).
python3.13-pytest>         By 2026-Feb-18, you need to update your project and remove deprecated calls
python3.13-pytest>         or your builds will no longer be supported.
python3.13-pytest>         See https://packaging.python.org/en/latest/guides/writing-pyproject-toml/#license for details.
python3.13-pytest>         ********************************************************************************
python3.13-pytest> !!
python3.13-pytest>   corresp(dist, value, root_dir)
building '/nix/store/dvwg1ifldss2j72ia3gz35vc0byviyz8-cargo-vendor-dir.drv'...
python3.13-pytest> /nix/store/mfx6d4xq18jlpbi0cwnfhmk9hr0gb8i3-python3.13-setuptools-80.9.0/lib/python3.13/site-packages/setuptools/config/_apply_pyprojecttoml.py:61: SetuptoolsDeprecationWarning: License classifiers are deprecated.
python3.13-pytest> !!
python3.13-pytest>         ********************************************************************************
python3.13-pytest>         Please consider removing the following classifiers in favor of a SPDX license expression:
python3.13-pytest>         License :: OSI Approved :: MIT License
python3.13-pytest>         See https://packaging.python.org/en/latest/guides/writing-pyproject-toml/#license for details.
python3.13-pytest>         ********************************************************************************
python3.13-pytest> !!
python3.13-pytest>   dist._finalize_license_expression()
python3.13-pytest> /nix/store/mfx6d4xq18jlpbi0cwnfhmk9hr0gb8i3-python3.13-setuptools-80.9.0/lib/python3.13/site-packages/setuptools/dist.py:759: SetuptoolsDeprecationWarning: License classifiers are deprecated.
python3.13-pytest> !!
python3.13-pytest>         ********************************************************************************
python3.13-pytest>         Please consider removing the following classifiers in favor of a SPDX license expression:
python3.13-pytest>         License :: OSI Approved :: MIT License
python3.13-pytest>         See https://packaging.python.org/en/latest/guides/writing-pyproject-toml/#license for details.
python3.13-pytest>         ********************************************************************************
python3.13-pytest> !!
python3.13-pytest>   self._finalize_license_expression()
python3.13-pytest> running egg_info
python3.13-pytest> writing src/pytest.egg-info/PKG-INFO
python3.13-pytest> writing dependency_links to src/pytest.egg-info/dependency_links.txt
python3.13-pytest> writing entry points to src/pytest.egg-info/entry_points.txt
python3.13-pytest> writing requirements to src/pytest.egg-info/requires.txt
python3.13-pytest> writing top-level names to src/pytest.egg-info/top_level.txt
python3.13-pytest> reading manifest file 'src/pytest.egg-info/SOURCES.txt'
python3.13-pytest> reading manifest template 'MANIFEST.in'
rapidcheck> [ 28%] Building CXX object CMakeFiles/rapidcheck.dir/src/detail/Base64.cpp.o
python3.13-pytest> adding license file 'LICENSE'
python3.13-pytest> adding license file 'AUTHORS'
python3.13-pytest> writing manifest file 'src/pytest.egg-info/SOURCES.txt'
python3.13-pytest> * Building wheel...
building '/nix/store/vd5v45wvrfxvh67l7xa0v5qwd3bwi28g-build-release-notes.drv'...
python3.13-pytest> /nix/store/mfx6d4xq18jlpbi0cwnfhmk9hr0gb8i3-python3.13-setuptools-80.9.0/lib/python3.13/site-packages/setuptools/config/_apply_pyprojecttoml.py:82: SetuptoolsDeprecationWarning: `project.license` as a TOML table is deprecated
python3.13-pytest> !!
python3.13-pytest>         ********************************************************************************
python3.13-pytest>         Please use a simple string containing a SPDX expression for `project.license`. You can also use `project.license-files`. (Both options available on setuptools>=77.0.0).
python3.13-pytest>         By 2026-Feb-18, you need to update your project and remove deprecated calls
python3.13-pytest>         or your builds will no longer be supported.
python3.13-pytest>         See https://packaging.python.org/en/latest/guides/writing-pyproject-toml/#license for details.
python3.13-pytest>         ********************************************************************************
python3.13-pytest> !!
python3.13-pytest>   corresp(dist, value, root_dir)
rapidcheck> [ 31%] Building CXX object CMakeFiles/rapidcheck.dir/src/detail/Configuration.cpp.o
python3.13-pytest> /nix/store/mfx6d4xq18jlpbi0cwnfhmk9hr0gb8i3-python3.13-setuptools-80.9.0/lib/python3.13/site-packages/setuptools/config/_apply_pyprojecttoml.py:61: SetuptoolsDeprecationWarning: License classifiers are deprecated.
python3.13-pytest> !!
python3.13-pytest>         ********************************************************************************
python3.13-pytest>         Please consider removing the following classifiers in favor of a SPDX license expression:
python3.13-pytest>         License :: OSI Approved :: MIT License
python3.13-pytest>         See https://packaging.python.org/en/latest/guides/writing-pyproject-toml/#license for details.
python3.13-pytest>         ********************************************************************************
python3.13-pytest> !!
python3.13-pytest>   dist._finalize_license_expression()
python3.13-pytest> /nix/store/mfx6d4xq18jlpbi0cwnfhmk9hr0gb8i3-python3.13-setuptools-80.9.0/lib/python3.13/site-packages/setuptools/dist.py:759: SetuptoolsDeprecationWarning: License classifiers are deprecated.
python3.13-pytest> !!
python3.13-pytest>         ********************************************************************************
python3.13-pytest>         Please consider removing the following classifiers in favor of a SPDX license expression:
python3.13-pytest>         License :: OSI Approved :: MIT License
python3.13-pytest>         See https://packaging.python.org/en/latest/guides/writing-pyproject-toml/#license for details.
python3.13-pytest>         ********************************************************************************
python3.13-pytest> !!
python3.13-pytest>   self._finalize_license_expression()
python3.13-pytest> running bdist_wheel
python3.13-pytest> running build
python3.13-pytest> running build_py
python3.13-pytest> creating build/lib
python3.13-pytest> copying src/py.py -> build/lib
python3.13-pytest> creating build/lib/_pytest
python3.13-pytest> copying src/_pytest/__init__.py -> build/lib/_pytest
python3.13-pytest> copying src/_pytest/_argcomplete.py -> build/lib/_pytest
python3.13-pytest> copying src/_pytest/_version.py -> build/lib/_pytest
python3.13-pytest> copying src/_pytest/cacheprovider.py -> build/lib/_pytest
python3.13-pytest> copying src/_pytest/capture.py -> build/lib/_pytest
python3.13-pytest> copying src/_pytest/compat.py -> build/lib/_pytest
python3.13-pytest> copying src/_pytest/debugging.py -> build/lib/_pytest
python3.13-pytest> copying src/_pytest/deprecated.py -> build/lib/_pytest
python3.13-pytest> copying src/_pytest/doctest.py -> build/lib/_pytest
python3.13-pytest> copying src/_pytest/faulthandler.py -> build/lib/_pytest
python3.13-pytest> copying src/_pytest/fixtures.py -> build/lib/_pytest
python3.13-pytest> copying src/_pytest/freeze_support.py -> build/lib/_pytest
python3.13-pytest> copying src/_pytest/helpconfig.py -> build/lib/_pytest
python3.13-pytest> copying src/_pytest/hookspec.py -> build/lib/_pytest
python3.13-pytest> copying src/_pytest/junitxml.py -> build/lib/_pytest
python3.13-pytest> copying src/_pytest/legacypath.py -> build/lib/_pytest
python3.13-pytest> copying src/_pytest/logging.py -> build/lib/_pytest
rapidcheck> [ 34%] Building CXX object CMakeFiles/rapidcheck.dir/src/detail/DefaultTestListener.cpp.o
python3.13-pytest> copying src/_pytest/main.py -> build/lib/_pytest
python3.13-pytest> copying src/_pytest/monkeypatch.py -> build/lib/_pytest
python3.13-pytest> copying src/_pytest/nodes.py -> build/lib/_pytest
python3.13-pytest> copying src/_pytest/outcomes.py -> build/lib/_pytest
python3.13-pytest> copying src/_pytest/pastebin.py -> build/lib/_pytest
python3.13-pytest> copying src/_pytest/pathlib.py -> build/lib/_pytest
python3.13-pytest> copying src/_pytest/pytester.py -> build/lib/_pytest
python3.13-pytest> copying src/_pytest/pytester_assertions.py -> build/lib/_pytest
python3.13-pytest> copying src/_pytest/python.py -> build/lib/_pytest
python3.13-pytest> copying src/_pytest/python_api.py -> build/lib/_pytest
python3.13-pytest> copying src/_pytest/raises.py -> build/lib/_pytest
python3.13-pytest> copying src/_pytest/recwarn.py -> build/lib/_pytest
python3.13-pytest> copying src/_pytest/reports.py -> build/lib/_pytest
python3.13-pytest> copying src/_pytest/runner.py -> build/lib/_pytest
python3.13-pytest> copying src/_pytest/scope.py -> build/lib/_pytest
python3.13-pytest> copying src/_pytest/setuponly.py -> build/lib/_pytest
python3.13-pytest> copying src/_pytest/setupplan.py -> build/lib/_pytest
python3.13-pytest> copying src/_pytest/skipping.py -> build/lib/_pytest
python3.13-pytest> copying src/_pytest/stash.py -> build/lib/_pytest
python3.13-pytest> copying src/_pytest/stepwise.py -> build/lib/_pytest
python3.13-pytest> copying src/_pytest/terminal.py -> build/lib/_pytest
python3.13-pytest> copying src/_pytest/threadexception.py -> build/lib/_pytest
python3.13-pytest> copying src/_pytest/timing.py -> build/lib/_pytest
python3.13-pytest> copying src/_pytest/tmpdir.py -> build/lib/_pytest
python3.13-pytest> copying src/_pytest/tracemalloc.py -> build/lib/_pytest
python3.13-pytest> copying src/_pytest/unittest.py -> build/lib/_pytest
python3.13-pytest> copying src/_pytest/unraisableexception.py -> build/lib/_pytest
python3.13-pytest> copying src/_pytest/warning_types.py -> build/lib/_pytest
python3.13-pytest> copying src/_pytest/warnings.py -> build/lib/_pytest
python3.13-pytest> creating build/lib/pytest
python3.13-pytest> copying src/pytest/__init__.py -> build/lib/pytest
python3.13-pytest> copying src/pytest/__main__.py -> build/lib/pytest
python3.13-pytest> creating build/lib/_pytest/_code
python3.13-pytest> copying src/_pytest/_code/__init__.py -> build/lib/_pytest/_code
python3.13-pytest> copying src/_pytest/_code/code.py -> build/lib/_pytest/_code
python3.13-pytest> copying src/_pytest/_code/source.py -> build/lib/_pytest/_code
python3.13-pytest> creating build/lib/_pytest/_io
python3.13-pytest> copying src/_pytest/_io/__init__.py -> build/lib/_pytest/_io
python3.13-pytest> copying src/_pytest/_io/pprint.py -> build/lib/_pytest/_io
python3.13-pytest> copying src/_pytest/_io/saferepr.py -> build/lib/_pytest/_io
python3.13-pytest> copying src/_pytest/_io/terminalwriter.py -> build/lib/_pytest/_io
python3.13-pytest> copying src/_pytest/_io/wcwidth.py -> build/lib/_pytest/_io
python3.13-pytest> creating build/lib/_pytest/_py
python3.13-pytest> copying src/_pytest/_py/__init__.py -> build/lib/_pytest/_py
python3.13-pytest> copying src/_pytest/_py/error.py -> build/lib/_pytest/_py
python3.13-pytest> copying src/_pytest/_py/path.py -> build/lib/_pytest/_py
python3.13-pytest> creating build/lib/_pytest/assertion
python3.13-pytest> copying src/_pytest/assertion/__init__.py -> build/lib/_pytest/assertion
python3.13-pytest> copying src/_pytest/assertion/rewrite.py -> build/lib/_pytest/assertion
python3.13-pytest> copying src/_pytest/assertion/truncate.py -> build/lib/_pytest/assertion
python3.13-pytest> copying src/_pytest/assertion/util.py -> build/lib/_pytest/assertion
python3.13-pytest> creating build/lib/_pytest/config
python3.13-pytest> copying src/_pytest/config/__init__.py -> build/lib/_pytest/config
python3.13-pytest> copying src/_pytest/config/argparsing.py -> build/lib/_pytest/config
python3.13-pytest> copying src/_pytest/config/compat.py -> build/lib/_pytest/config
python3.13-pytest> copying src/_pytest/config/exceptions.py -> build/lib/_pytest/config
python3.13-pytest> copying src/_pytest/config/findpaths.py -> build/lib/_pytest/config
python3.13-pytest> creating build/lib/_pytest/mark
python3.13-pytest> copying src/_pytest/mark/__init__.py -> build/lib/_pytest/mark
python3.13-pytest> copying src/_pytest/mark/expression.py -> build/lib/_pytest/mark
python3.13-pytest> copying src/_pytest/mark/structures.py -> build/lib/_pytest/mark
python3.13-pytest> running egg_info
python3.13-pytest> writing src/pytest.egg-info/PKG-INFO
python3.13-pytest> writing dependency_links to src/pytest.egg-info/dependency_links.txt
python3.13-pytest> writing entry points to src/pytest.egg-info/entry_points.txt
python3.13-pytest> writing requirements to src/pytest.egg-info/requires.txt
python3.13-pytest> writing top-level names to src/pytest.egg-info/top_level.txt
rapidcheck> [ 37%] Building CXX object CMakeFiles/rapidcheck.dir/src/detail/FrequencyMap.cpp.o
python3.13-pytest> reading manifest file 'src/pytest.egg-info/SOURCES.txt'
python3.13-pytest> reading manifest template 'MANIFEST.in'
python3.13-pytest> adding license file 'LICENSE'
python3.13-pytest> adding license file 'AUTHORS'
python3.13-pytest> writing manifest file 'src/pytest.egg-info/SOURCES.txt'
python3.13-pytest> copying src/_pytest/py.typed -> build/lib/_pytest
python3.13-pytest> copying src/pytest/py.typed -> build/lib/pytest
python3.13-pytest> installing to build/bdist.linux-x86_64/wheel
python3.13-pytest> running install
python3.13-pytest> running install_lib
python3.13-pytest> creating build/bdist.linux-x86_64/wheel
python3.13-pytest> copying build/lib/py.py -> build/bdist.linux-x86_64/wheel/.
python3.13-pytest> creating build/bdist.linux-x86_64/wheel/_pytest
python3.13-pytest> copying build/lib/_pytest/__init__.py -> build/bdist.linux-x86_64/wheel/./_pytest
python3.13-pytest> copying build/lib/_pytest/_argcomplete.py -> build/bdist.linux-x86_64/wheel/./_pytest
python3.13-pytest> copying build/lib/_pytest/_version.py -> build/bdist.linux-x86_64/wheel/./_pytest
python3.13-pytest> copying build/lib/_pytest/cacheprovider.py -> build/bdist.linux-x86_64/wheel/./_pytest
python3.13-pytest> copying build/lib/_pytest/capture.py -> build/bdist.linux-x86_64/wheel/./_pytest
python3.13-pytest> copying build/lib/_pytest/compat.py -> build/bdist.linux-x86_64/wheel/./_pytest
python3.13-pytest> copying build/lib/_pytest/debugging.py -> build/bdist.linux-x86_64/wheel/./_pytest
python3.13-pytest> copying build/lib/_pytest/deprecated.py -> build/bdist.linux-x86_64/wheel/./_pytest
python3.13-pytest> copying build/lib/_pytest/doctest.py -> build/bdist.linux-x86_64/wheel/./_pytest
python3.13-pytest> copying build/lib/_pytest/faulthandler.py -> build/bdist.linux-x86_64/wheel/./_pytest
python3.13-pytest> copying build/lib/_pytest/fixtures.py -> build/bdist.linux-x86_64/wheel/./_pytest
python3.13-pytest> copying build/lib/_pytest/freeze_support.py -> build/bdist.linux-x86_64/wheel/./_pytest
python3.13-pytest> copying build/lib/_pytest/helpconfig.py -> build/bdist.linux-x86_64/wheel/./_pytest
python3.13-pytest> copying build/lib/_pytest/hookspec.py -> build/bdist.linux-x86_64/wheel/./_pytest
python3.13-pytest> copying build/lib/_pytest/junitxml.py -> build/bdist.linux-x86_64/wheel/./_pytest
python3.13-pytest> copying build/lib/_pytest/legacypath.py -> build/bdist.linux-x86_64/wheel/./_pytest
python3.13-pytest> copying build/lib/_pytest/logging.py -> build/bdist.linux-x86_64/wheel/./_pytest
python3.13-pytest> copying build/lib/_pytest/main.py -> build/bdist.linux-x86_64/wheel/./_pytest
python3.13-pytest> copying build/lib/_pytest/monkeypatch.py -> build/bdist.linux-x86_64/wheel/./_pytest
python3.13-pytest> copying build/lib/_pytest/nodes.py -> build/bdist.linux-x86_64/wheel/./_pytest
python3.13-pytest> copying build/lib/_pytest/outcomes.py -> build/bdist.linux-x86_64/wheel/./_pytest
python3.13-pytest> copying build/lib/_pytest/pastebin.py -> build/bdist.linux-x86_64/wheel/./_pytest
python3.13-pytest> copying build/lib/_pytest/pathlib.py -> build/bdist.linux-x86_64/wheel/./_pytest
python3.13-pytest> copying build/lib/_pytest/pytester.py -> build/bdist.linux-x86_64/wheel/./_pytest
python3.13-pytest> copying build/lib/_pytest/pytester_assertions.py -> build/bdist.linux-x86_64/wheel/./_pytest
python3.13-pytest> copying build/lib/_pytest/python.py -> build/bdist.linux-x86_64/wheel/./_pytest
python3.13-pytest> copying build/lib/_pytest/python_api.py -> build/bdist.linux-x86_64/wheel/./_pytest
python3.13-pytest> copying build/lib/_pytest/raises.py -> build/bdist.linux-x86_64/wheel/./_pytest
python3.13-pytest> copying build/lib/_pytest/recwarn.py -> build/bdist.linux-x86_64/wheel/./_pytest
python3.13-pytest> copying build/lib/_pytest/reports.py -> build/bdist.linux-x86_64/wheel/./_pytest
python3.13-pytest> copying build/lib/_pytest/runner.py -> build/bdist.linux-x86_64/wheel/./_pytest
python3.13-pytest> copying build/lib/_pytest/scope.py -> build/bdist.linux-x86_64/wheel/./_pytest
python3.13-pytest> copying build/lib/_pytest/setuponly.py -> build/bdist.linux-x86_64/wheel/./_pytest
python3.13-pytest> copying build/lib/_pytest/setupplan.py -> build/bdist.linux-x86_64/wheel/./_pytest
python3.13-pytest> copying build/lib/_pytest/skipping.py -> build/bdist.linux-x86_64/wheel/./_pytest
python3.13-pytest> copying build/lib/_pytest/stash.py -> build/bdist.linux-x86_64/wheel/./_pytest
python3.13-pytest> copying build/lib/_pytest/stepwise.py -> build/bdist.linux-x86_64/wheel/./_pytest
python3.13-pytest> copying build/lib/_pytest/terminal.py -> build/bdist.linux-x86_64/wheel/./_pytest
python3.13-pytest> copying build/lib/_pytest/threadexception.py -> build/bdist.linux-x86_64/wheel/./_pytest
python3.13-pytest> copying build/lib/_pytest/timing.py -> build/bdist.linux-x86_64/wheel/./_pytest
python3.13-pytest> copying build/lib/_pytest/tmpdir.py -> build/bdist.linux-x86_64/wheel/./_pytest
python3.13-pytest> copying build/lib/_pytest/tracemalloc.py -> build/bdist.linux-x86_64/wheel/./_pytest
python3.13-pytest> copying build/lib/_pytest/unittest.py -> build/bdist.linux-x86_64/wheel/./_pytest
python3.13-pytest> copying build/lib/_pytest/unraisableexception.py -> build/bdist.linux-x86_64/wheel/./_pytest
python3.13-pytest> copying build/lib/_pytest/warning_types.py -> build/bdist.linux-x86_64/wheel/./_pytest
python3.13-pytest> copying build/lib/_pytest/warnings.py -> build/bdist.linux-x86_64/wheel/./_pytest
python3.13-pytest> creating build/bdist.linux-x86_64/wheel/_pytest/_code
python3.13-pytest> copying build/lib/_pytest/_code/__init__.py -> build/bdist.linux-x86_64/wheel/./_pytest/_code
python3.13-pytest> copying build/lib/_pytest/_code/code.py -> build/bdist.linux-x86_64/wheel/./_pytest/_code
python3.13-pytest> copying build/lib/_pytest/_code/source.py -> build/bdist.linux-x86_64/wheel/./_pytest/_code
python3.13-pytest> creating build/bdist.linux-x86_64/wheel/_pytest/_io
python3.13-pytest> copying build/lib/_pytest/_io/__init__.py -> build/bdist.linux-x86_64/wheel/./_pytest/_io
python3.13-pytest> copying build/lib/_pytest/_io/pprint.py -> build/bdist.linux-x86_64/wheel/./_pytest/_io
python3.13-pytest> copying build/lib/_pytest/_io/saferepr.py -> build/bdist.linux-x86_64/wheel/./_pytest/_io
python3.13-pytest> copying build/lib/_pytest/_io/terminalwriter.py -> build/bdist.linux-x86_64/wheel/./_pytest/_io
python3.13-pytest> copying build/lib/_pytest/_io/wcwidth.py -> build/bdist.linux-x86_64/wheel/./_pytest/_io
python3.13-pytest> creating build/bdist.linux-x86_64/wheel/_pytest/_py
python3.13-pytest> copying build/lib/_pytest/_py/__init__.py -> build/bdist.linux-x86_64/wheel/./_pytest/_py
python3.13-pytest> copying build/lib/_pytest/_py/error.py -> build/bdist.linux-x86_64/wheel/./_pytest/_py
python3.13-pytest> copying build/lib/_pytest/_py/path.py -> build/bdist.linux-x86_64/wheel/./_pytest/_py
python3.13-pytest> creating build/bdist.linux-x86_64/wheel/_pytest/assertion
python3.13-pytest> copying build/lib/_pytest/assertion/__init__.py -> build/bdist.linux-x86_64/wheel/./_pytest/assertion
python3.13-pytest> copying build/lib/_pytest/assertion/rewrite.py -> build/bdist.linux-x86_64/wheel/./_pytest/assertion
python3.13-pytest> copying build/lib/_pytest/assertion/truncate.py -> build/bdist.linux-x86_64/wheel/./_pytest/assertion
python3.13-pytest> copying build/lib/_pytest/assertion/util.py -> build/bdist.linux-x86_64/wheel/./_pytest/assertion
python3.13-pytest> creating build/bdist.linux-x86_64/wheel/_pytest/config
python3.13-pytest> copying build/lib/_pytest/config/__init__.py -> build/bdist.linux-x86_64/wheel/./_pytest/config
python3.13-pytest> copying build/lib/_pytest/config/argparsing.py -> build/bdist.linux-x86_64/wheel/./_pytest/config
python3.13-pytest> copying build/lib/_pytest/config/compat.py -> build/bdist.linux-x86_64/wheel/./_pytest/config
python3.13-pytest> copying build/lib/_pytest/config/exceptions.py -> build/bdist.linux-x86_64/wheel/./_pytest/config
python3.13-pytest> copying build/lib/_pytest/config/findpaths.py -> build/bdist.linux-x86_64/wheel/./_pytest/config
python3.13-pytest> creating build/bdist.linux-x86_64/wheel/_pytest/mark
python3.13-pytest> copying build/lib/_pytest/mark/__init__.py -> build/bdist.linux-x86_64/wheel/./_pytest/mark
python3.13-pytest> copying build/lib/_pytest/mark/expression.py -> build/bdist.linux-x86_64/wheel/./_pytest/mark
python3.13-pytest> copying build/lib/_pytest/mark/structures.py -> build/bdist.linux-x86_64/wheel/./_pytest/mark
python3.13-pytest> copying build/lib/_pytest/py.typed -> build/bdist.linux-x86_64/wheel/./_pytest
python3.13-pytest> creating build/bdist.linux-x86_64/wheel/pytest
python3.13-pytest> copying build/lib/pytest/__init__.py -> build/bdist.linux-x86_64/wheel/./pytest
python3.13-pytest> copying build/lib/pytest/__main__.py -> build/bdist.linux-x86_64/wheel/./pytest
python3.13-pytest> copying build/lib/pytest/py.typed -> build/bdist.linux-x86_64/wheel/./pytest
python3.13-pytest> running install_egg_info
python3.13-pytest> Copying src/pytest.egg-info to build/bdist.linux-x86_64/wheel/./pytest-8.4.2-py3.13.egg-info
python3.13-pytest> running install_scripts
python3.13-pytest> creating build/bdist.linux-x86_64/wheel/pytest-8.4.2.dist-info/WHEEL
python3.13-pytest> creating '/build/pytest-8.4.2/dist/.tmp-2nsqklct/pytest-8.4.2-py3-none-any.whl' and adding 'build/bdist.linux-x86_64/wheel' to it
python3.13-pytest> adding 'py.py'
python3.13-pytest> adding '_pytest/__init__.py'
python3.13-pytest> adding '_pytest/_argcomplete.py'
python3.13-pytest> adding '_pytest/_version.py'
python3.13-pytest> adding '_pytest/cacheprovider.py'
rapidcheck> [ 40%] Building CXX object CMakeFiles/rapidcheck.dir/src/detail/ImplicitParam.cpp.o
python3.13-pytest> adding '_pytest/capture.py'
python3.13-pytest> adding '_pytest/compat.py'
python3.13-pytest> adding '_pytest/debugging.py'
python3.13-pytest> adding '_pytest/deprecated.py'
python3.13-pytest> adding '_pytest/doctest.py'
python3.13-pytest> adding '_pytest/faulthandler.py'
python3.13-pytest> adding '_pytest/fixtures.py'
python3.13-pytest> adding '_pytest/freeze_support.py'
python3.13-pytest> adding '_pytest/helpconfig.py'
python3.13-pytest> adding '_pytest/hookspec.py'
python3.13-pytest> adding '_pytest/junitxml.py'
python3.13-pytest> adding '_pytest/legacypath.py'
python3.13-pytest> adding '_pytest/logging.py'
python3.13-pytest> adding '_pytest/main.py'
python3.13-pytest> adding '_pytest/monkeypatch.py'
python3.13-pytest> adding '_pytest/nodes.py'
python3.13-pytest> adding '_pytest/outcomes.py'
python3.13-pytest> adding '_pytest/pastebin.py'
python3.13-pytest> adding '_pytest/pathlib.py'
python3.13-pytest> adding '_pytest/py.typed'
python3.13-pytest> adding '_pytest/pytester.py'
python3.13-pytest> adding '_pytest/pytester_assertions.py'
rapidcheck> [ 42%] Building CXX object CMakeFiles/rapidcheck.dir/src/detail/LogTestListener.cpp.o
python3.13-pytest> adding '_pytest/python.py'
python3.13-pytest> adding '_pytest/python_api.py'
python3.13-pytest> adding '_pytest/raises.py'
python3.13-pytest> adding '_pytest/recwarn.py'
python3.13-pytest> adding '_pytest/reports.py'
python3.13-pytest> adding '_pytest/runner.py'
python3.13-pytest> adding '_pytest/scope.py'
python3.13-pytest> adding '_pytest/setuponly.py'
python3.13-pytest> adding '_pytest/setupplan.py'
python3.13-pytest> adding '_pytest/skipping.py'
python3.13-pytest> adding '_pytest/stash.py'
python3.13-pytest> adding '_pytest/stepwise.py'
python3.13-pytest> adding '_pytest/terminal.py'
python3.13-pytest> adding '_pytest/threadexception.py'
python3.13-pytest> adding '_pytest/timing.py'
python3.13-pytest> adding '_pytest/tmpdir.py'
python3.13-pytest> adding '_pytest/tracemalloc.py'
python3.13-pytest> adding '_pytest/unittest.py'
python3.13-pytest> adding '_pytest/unraisableexception.py'
python3.13-pytest> adding '_pytest/warning_types.py'
python3.13-pytest> adding '_pytest/warnings.py'
python3.13-pytest> adding '_pytest/_code/__init__.py'
python3.13-pytest> adding '_pytest/_code/code.py'
python3.13-pytest> adding '_pytest/_code/source.py'
python3.13-pytest> adding '_pytest/_io/__init__.py'
python3.13-pytest> adding '_pytest/_io/pprint.py'
python3.13-pytest> adding '_pytest/_io/saferepr.py'
python3.13-pytest> adding '_pytest/_io/terminalwriter.py'
python3.13-pytest> adding '_pytest/_io/wcwidth.py'
python3.13-pytest> adding '_pytest/_py/__init__.py'
python3.13-pytest> adding '_pytest/_py/error.py'
python3.13-pytest> adding '_pytest/_py/path.py'
python3.13-pytest> adding '_pytest/assertion/__init__.py'
python3.13-pytest> adding '_pytest/assertion/rewrite.py'
python3.13-pytest> adding '_pytest/assertion/truncate.py'
python3.13-pytest> adding '_pytest/assertion/util.py'
python3.13-pytest> adding '_pytest/config/__init__.py'
python3.13-pytest> adding '_pytest/config/argparsing.py'
python3.13-pytest> adding '_pytest/config/compat.py'
python3.13-pytest> adding '_pytest/config/exceptions.py'
python3.13-pytest> adding '_pytest/config/findpaths.py'
python3.13-pytest> adding '_pytest/mark/__init__.py'
python3.13-pytest> adding '_pytest/mark/expression.py'
python3.13-pytest> adding '_pytest/mark/structures.py'
python3.13-pytest> adding 'pytest/__init__.py'
python3.13-pytest> adding 'pytest/__main__.py'
rapidcheck> [ 45%] Building CXX object CMakeFiles/rapidcheck.dir/src/detail/MapParser.cpp.o
python3.13-pytest> adding 'pytest/py.typed'
python3.13-pytest> adding 'pytest-8.4.2.dist-info/licenses/AUTHORS'
python3.13-pytest> adding 'pytest-8.4.2.dist-info/licenses/LICENSE'
python3.13-pytest> adding 'pytest-8.4.2.dist-info/METADATA'
python3.13-pytest> adding 'pytest-8.4.2.dist-info/WHEEL'
python3.13-pytest> adding 'pytest-8.4.2.dist-info/entry_points.txt'
python3.13-pytest> adding 'pytest-8.4.2.dist-info/top_level.txt'
python3.13-pytest> adding 'pytest-8.4.2.dist-info/RECORD'
python3.13-pytest> removing build/bdist.linux-x86_64/wheel
boehm-gc> autoreconf: running: aclocal --force -I m4
python3.13-pytest> Successfully built pytest-8.4.2-py3-none-any.whl
python3.13-pytest> Finished creating a wheel...
python3.13-pytest> Finished executing pypaBuildPhase
python3.13-pytest> Running phase: pythonRuntimeDepsCheckHook
python3.13-pytest> Executing pythonRuntimeDepsCheck
python3.13-pytest> Checking runtime dependencies for pytest-8.4.2-py3-none-any.whl
rapidcheck> [ 48%] Building CXX object CMakeFiles/rapidcheck.dir/src/detail/MulticastTestListener.cpp.o
rapidcheck> [ 51%] Building CXX object CMakeFiles/rapidcheck.dir/src/detail/ParseException.cpp.o
editline> autoreconf: running: aclocal --force
rapidcheck> [ 54%] Building CXX object CMakeFiles/rapidcheck.dir/src/detail/Platform.cpp.o
python3.13-pytest> Finished executing pythonRuntimeDepsCheck
python3.13-pytest> Running phase: installPhase
python3.13-pytest> Executing pypaInstallPhase
rapidcheck> [ 57%] Building CXX object CMakeFiles/rapidcheck.dir/src/detail/Property.cpp.o
rapidcheck> [ 60%] Building CXX object CMakeFiles/rapidcheck.dir/src/detail/PropertyContext.cpp.o
rapidcheck> [ 62%] Building CXX object CMakeFiles/rapidcheck.dir/src/detail/ReproduceListener.cpp.o
rapidcheck> [ 65%] Building CXX object CMakeFiles/rapidcheck.dir/src/detail/Results.cpp.o
editline> autoreconf: configure.ac: tracing
rapidcheck> [ 68%] Building CXX object CMakeFiles/rapidcheck.dir/src/detail/Serialization.cpp.o
rapidcheck> [ 71%] Building CXX object CMakeFiles/rapidcheck.dir/src/detail/StringSerialization.cpp.o
rapidcheck> [ 74%] Building CXX object CMakeFiles/rapidcheck.dir/src/detail/TestMetadata.cpp.o
python3.13-pytest> Successfully installed pytest-8.4.2-py3-none-any.whl
boehm-gc> autoreconf: configure.ac: tracing
python3.13-pytest> Finished executing pypaInstallPhase
python3.13-pytest> Running phase: pythonOutputDistPhase
python3.13-pytest> Executing pythonOutputDistPhase
python3.13-pytest> Finished executing pythonOutputDistPhase
python3.13-pytest> Running phase: fixupPhase
python3.13-pytest> shrinking RPATHs of ELF executables and libraries in /nix/store/crcj90r7r2dq17fk19sp5cgzn75a0vkh-python3.13-pytest-8.4.2
rapidcheck> [ 77%] Building CXX object CMakeFiles/rapidcheck.dir/src/detail/TestParams.cpp.o
python3.13-pytest> checking for references to /build/ in /nix/store/crcj90r7r2dq17fk19sp5cgzn75a0vkh-python3.13-pytest-8.4.2...
rapidcheck> [ 80%] Building CXX object CMakeFiles/rapidcheck.dir/src/detail/Testing.cpp.o
editline> autoreconf: configure.ac: creating directory aux
editline> autoreconf: running: libtoolize --copy --force
python3.13-pytest> patching script interpreter paths in /nix/store/crcj90r7r2dq17fk19sp5cgzn75a0vkh-python3.13-pytest-8.4.2
editline> libtoolize: putting auxiliary files in AC_CONFIG_AUX_DIR, 'aux'.
editline> libtoolize: copying file 'aux/ltmain.sh'
rapidcheck> [ 82%] Building CXX object CMakeFiles/rapidcheck.dir/src/gen/Numeric.cpp.o
python3.13-pytest> stripping (with command strip and flags -S -p) in  /nix/store/crcj90r7r2dq17fk19sp5cgzn75a0vkh-python3.13-pytest-8.4.2/lib /nix/store/crcj90r7r2dq17fk19sp5cgzn75a0vkh-python3.13-pytest-8.4.2/bin
editline> libtoolize: putting macros in AC_CONFIG_MACRO_DIRS, 'm4'.
editline> libtoolize: copying file 'm4/libtool.m4'
editline> libtoolize: copying file 'm4/ltoptions.m4'
editline> libtoolize: copying file 'm4/ltsugar.m4'
editline> libtoolize: copying file 'm4/ltversion.m4'
editline> libtoolize: copying file 'm4/lt~obsolete.m4'
editline> libtoolize: Consider adding '-I m4' to ACLOCAL_AMFLAGS in Makefile.am.
editline> autoreconf: configure.ac: not using Intltool
editline> autoreconf: configure.ac: not using Gtkdoc
editline> autoreconf: running: aclocal --force
rapidcheck> [ 85%] Building CXX object CMakeFiles/rapidcheck.dir/src/gen/Text.cpp.o
python3.13-pytest> shrinking RPATHs of ELF executables and libraries in /nix/store/f13zlbn33zqbbjhripy619gvpyslgziy-python3.13-pytest-8.4.2-testout
boehm-gc> autoreconf: configure.ac: subdirectory libatomic_ops not present
boehm-gc> autoreconf: running: libtoolize --copy --force
python3.13-pytest> checking for references to /build/ in /nix/store/f13zlbn33zqbbjhripy619gvpyslgziy-python3.13-pytest-8.4.2-testout...
rapidcheck> [ 88%] Building CXX object CMakeFiles/rapidcheck.dir/src/gen/detail/ExecHandler.cpp.o
boehm-gc> libtoolize: putting auxiliary files in '.'.
boehm-gc> libtoolize: copying file './ltmain.sh'
boehm-gc> libtoolize: putting macros in AC_CONFIG_MACRO_DIRS, 'm4'.
boehm-gc> libtoolize: copying file 'm4/libtool.m4'
python3.13-pytest> patching script interpreter paths in /nix/store/f13zlbn33zqbbjhripy619gvpyslgziy-python3.13-pytest-8.4.2-testout
boehm-gc> libtoolize: copying file 'm4/ltoptions.m4'
python3.13-pytest> shrinking RPATHs of ELF executables and libraries in /nix/store/0dvfnmi47kfqjv5f1mxxxigsxqp1jsxd-python3.13-pytest-8.4.2-dist
python3.13-pytest> checking for references to /build/ in /nix/store/0dvfnmi47kfqjv5f1mxxxigsxqp1jsxd-python3.13-pytest-8.4.2-dist...
boehm-gc> libtoolize: copying file 'm4/ltsugar.m4'
boehm-gc> libtoolize: copying file 'm4/ltversion.m4'
python3.13-pytest> patching script interpreter paths in /nix/store/0dvfnmi47kfqjv5f1mxxxigsxqp1jsxd-python3.13-pytest-8.4.2-dist
boehm-gc> libtoolize: copying file 'm4/lt~obsolete.m4'
boehm-gc> autoreconf: configure.ac: not using Intltool
boehm-gc> autoreconf: configure.ac: not using Gtkdoc
boehm-gc> autoreconf: running: aclocal --force -I m4
python3.13-pytest> Executing pythonRemoveTestsDir
python3.13-pytest> Finished executing pythonRemoveTestsDir
python3.13-pytest> Running phase: pythonCatchConflictsPhase
python3.13-pytest> Running phase: pythonRemoveBinBytecodePhase
rapidcheck> [ 91%] Building CXX object CMakeFiles/rapidcheck.dir/src/gen/detail/GenerationHandler.cpp.o
python3.13-pytest> Running phase: pythonImportsCheckPhase
python3.13-pytest> Executing pythonImportsCheckPhase
python3.13-pytest> Check whether the following modules can be imported: pytest
rapidcheck> [ 94%] Building CXX object CMakeFiles/rapidcheck.dir/src/gen/detail/Recipe.cpp.o
rapidcheck> [ 97%] Building CXX object CMakeFiles/rapidcheck.dir/src/gen/detail/ScaleInteger.cpp.o
building '/nix/store/q09nrn8niib81mcl2gvrdp2lh55mvn1r-python3-3.13.11-env.drv'...
editline> autoreconf: running: /nix/store/1jwy2sfvk9gndm57avk2ll16bl0rf3bp-autoconf-2.72/bin/autoconf --force
python3> created 304 symlinks in user environment
boehm-gc> autoreconf: running: /nix/store/1jwy2sfvk9gndm57avk2ll16bl0rf3bp-autoconf-2.72/bin/autoconf --force
editline> configure.ac:35: warning: The macro 'AC_PROG_GCC_TRADITIONAL' is obsolete.
editline> configure.ac:35: You should run autoupdate.
editline> ./lib/autoconf/c.m4:1676: AC_PROG_GCC_TRADITIONAL is expanded from...
editline> configure.ac:35: the top level
editline> autoreconf: running: /nix/store/1jwy2sfvk9gndm57avk2ll16bl0rf3bp-autoconf-2.72/bin/autoheader --force
boehm-gc> configure.ac:395: warning: The macro 'AC_TRY_COMPILE' is obsolete.
boehm-gc> configure.ac:395: You should run autoupdate.
boehm-gc> ./lib/autoconf/general.m4:2845: AC_TRY_COMPILE is expanded from...
boehm-gc> configure.ac:395: the top level
boehm-gc> configure.ac:401: warning: The macro 'AC_TRY_COMPILE' is obsolete.
boehm-gc> configure.ac:401: You should run autoupdate.
boehm-gc> ./lib/autoconf/general.m4:2845: AC_TRY_COMPILE is expanded from...
boehm-gc> configure.ac:401: the top level
boehm-gc> configure.ac:414: warning: The macro 'AC_TRY_COMPILE' is obsolete.
boehm-gc> configure.ac:414: You should run autoupdate.
boehm-gc> ./lib/autoconf/general.m4:2845: AC_TRY_COMPILE is expanded from...
boehm-gc> configure.ac:414: the top level
boehm-gc> configure.ac:446: warning: The macro 'AC_TRY_COMPILE' is obsolete.
boehm-gc> configure.ac:446: You should run autoupdate.
boehm-gc> ./lib/autoconf/general.m4:2845: AC_TRY_COMPILE is expanded from...
boehm-gc> configure.ac:446: the top level
boehm-gc> configure.ac:578: warning: The macro 'AC_TRY_COMPILE' is obsolete.
boehm-gc> configure.ac:578: You should run autoupdate.
boehm-gc> ./lib/autoconf/general.m4:2845: AC_TRY_COMPILE is expanded from...
boehm-gc> configure.ac:578: the top level
boehm-gc> configure.ac:644: warning: The macro 'AC_PROG_LIBTOOL' is obsolete.
boehm-gc> configure.ac:644: You should run autoupdate.
boehm-gc> m4/libtool.m4:100: AC_PROG_LIBTOOL is expanded from...
boehm-gc> configure.ac:644: the top level
boehm-gc> configure.ac:800: warning: The macro 'AC_TRY_COMPILE' is obsolete.
boehm-gc> configure.ac:800: You should run autoupdate.
boehm-gc> ./lib/autoconf/general.m4:2845: AC_TRY_COMPILE is expanded from...
boehm-gc> configure.ac:800: the top level
boehm-gc> configure.ac:814: warning: The macro 'AC_TRY_COMPILE' is obsolete.
boehm-gc> configure.ac:814: You should run autoupdate.
boehm-gc> ./lib/autoconf/general.m4:2845: AC_TRY_COMPILE is expanded from...
boehm-gc> configure.ac:814: the top level
boehm-gc> configure.ac:830: warning: The macro 'AC_TRY_LINK' is obsolete.
boehm-gc> configure.ac:830: You should run autoupdate.
boehm-gc> ./lib/autoconf/general.m4:2918: AC_TRY_LINK is expanded from...
boehm-gc> configure.ac:830: the top level
boehm-gc> configure.ac:838: warning: The macro 'AC_TRY_COMPILE' is obsolete.
boehm-gc> configure.ac:838: You should run autoupdate.
boehm-gc> ./lib/autoconf/general.m4:2845: AC_TRY_COMPILE is expanded from...
boehm-gc> lib/m4sugar/m4sh.m4:697: AS_IF is expanded from...
boehm-gc> configure.ac:838: the top level
boehm-gc> configure.ac:838: warning: The macro 'AC_TRY_COMPILE' is obsolete.
boehm-gc> configure.ac:838: You should run autoupdate.
boehm-gc> ./lib/autoconf/general.m4:2845: AC_TRY_COMPILE is expanded from...
boehm-gc> lib/m4sugar/m4sh.m4:690: _AS_IF_ELSE is expanded from...
boehm-gc> lib/m4sugar/m4sh.m4:697: AS_IF is expanded from...
boehm-gc> ./lib/autoconf/general.m4:2821: _AC_COMPILE_IFELSE is expanded from...
boehm-gc> ./lib/autoconf/general.m4:2837: AC_COMPILE_IFELSE is expanded from...
boehm-gc> ./lib/autoconf/general.m4:2845: AC_TRY_COMPILE is expanded from...
boehm-gc> lib/m4sugar/m4sh.m4:697: AS_IF is expanded from...
boehm-gc> configure.ac:838: the top level
boehm-gc> configure.ac:838: warning: The macro 'AC_TRY_COMPILE' is obsolete.
boehm-gc> configure.ac:838: You should run autoupdate.
boehm-gc> ./lib/autoconf/general.m4:2845: AC_TRY_COMPILE is expanded from...
boehm-gc> lib/m4sugar/m4sh.m4:690: _AS_IF_ELSE is expanded from...
boehm-gc> lib/m4sugar/m4sh.m4:697: AS_IF is expanded from...
boehm-gc> ./lib/autoconf/general.m4:2821: _AC_COMPILE_IFELSE is expanded from...
boehm-gc> ./lib/autoconf/general.m4:2837: AC_COMPILE_IFELSE is expanded from...
boehm-gc> ./lib/autoconf/general.m4:2845: AC_TRY_COMPILE is expanded from...
boehm-gc> lib/m4sugar/m4sh.m4:690: _AS_IF_ELSE is expanded from...
boehm-gc> lib/m4sugar/m4sh.m4:697: AS_IF is expanded from...
boehm-gc> ./lib/autoconf/general.m4:2821: _AC_COMPILE_IFELSE is expanded from...
boehm-gc> ./lib/autoconf/general.m4:2837: AC_COMPILE_IFELSE is expanded from...
boehm-gc> ./lib/autoconf/general.m4:2845: AC_TRY_COMPILE is expanded from...
boehm-gc> lib/m4sugar/m4sh.m4:697: AS_IF is expanded from...
boehm-gc> configure.ac:838: the top level
boehm-gc> configure.ac:1089: warning: The macro 'AC_TRY_RUN' is obsolete.
boehm-gc> configure.ac:1089: You should run autoupdate.
boehm-gc> ./lib/autoconf/general.m4:2995: AC_TRY_RUN is expanded from...
boehm-gc> configure.ac:1089: the top level
boehm-gc> configure.ac:1155: warning: The macro 'AC_TRY_LINK' is obsolete.
boehm-gc> configure.ac:1155: You should run autoupdate.
boehm-gc> ./lib/autoconf/general.m4:2918: AC_TRY_LINK is expanded from...
boehm-gc> lib/m4sugar/m4sh.m4:697: AS_IF is expanded from...
boehm-gc> configure.ac:1155: the top level
boehm-gc> configure.ac:1155: warning: The macro 'AC_TRY_LINK' is obsolete.
boehm-gc> configure.ac:1155: You should run autoupdate.
boehm-gc> ./lib/autoconf/general.m4:2918: AC_TRY_LINK is expanded from...
boehm-gc> lib/m4sugar/m4sh.m4:697: AS_IF is expanded from...
boehm-gc> lib/m4sugar/m4sh.m4:697: AS_IF is expanded from...
boehm-gc> configure.ac:1155: the top level
editline> autoreconf: running: automake --add-missing --copy --force-missing
boehm-gc> autoreconf: running: /nix/store/1jwy2sfvk9gndm57avk2ll16bl0rf3bp-autoconf-2.72/bin/autoheader --force
editline> configure.ac:2: warning: name 'aux' is reserved on W32 and DOS platforms
editline> configure.ac:12: installing 'aux/compile'
editline> configure.ac:16: installing 'aux/config.guess'
editline> configure.ac:16: installing 'aux/config.sub'
editline> configure.ac:3: installing 'aux/install-sh'
editline> configure.ac:3: installing 'aux/missing'
editline> examples/Makefile.am: installing 'aux/depcomp'
boehm-gc> autoreconf: running: automake --add-missing --copy --force-missing
editline> autoreconf: Leaving directory '.'
editline> Running phase: updateAutotoolsGnuConfigScriptsPhase
editline> Updating Autotools / GNU config script to a newer upstream version: ./aux/config.sub
editline> Updating Autotools / GNU config script to a newer upstream version: ./aux/config.guess
editline> Running phase: configurePhase
editline> fixing libtool script ./aux/ltmain.sh
editline> ./configure
editline> patching script interpreter paths in ./configure
editline> ./configure: interpreter directive changed from "#! /bin/sh" to "/nix/store/f15k3dpilmiyv6zgpib289rnjykgr1r4-bash-5.3p9/bin/sh"
editline> configure flags: --disable-static --disable-dependency-tracking --prefix=/nix/store/x1lf76i429v1dpfs7s8ppbnhqgmjs0ss-editline-1.17.1-unstable-2025-05-24 --bindir=/nix/store/x1lf76i429v1dpfs7s8ppbnhqgmjs0ss-editline-1.17.1-unstable-2025-05-24/bin --sbindir=/nix/store/x1lf76i429v1dpfs7s8ppbnhqgmjs0ss-editline-1.17.1-unstable-2025-05-24/sbin --includedir=/nix/store/dpi2bnxfgl3s1ypanlrbx60bbalhs26r-editline-1.17.1-unstable-2025-05-24-dev/include --mandir=/nix/store/94h50fkwihsxqyaca7v3d6kl9npgm3yz-editline-1.17.1-unstable-2025-05-24-man/share/man --infodir=/nix/store/x1lf76i429v1dpfs7s8ppbnhqgmjs0ss-editline-1.17.1-unstable-2025-05-24/share/info --docdir=/nix/store/gcblywpv9k84cybcanphcnakxzpf19sc-editline-1.17.1-unstable-2025-05-24-doc/share/doc/editline --libdir=/nix/store/x1lf76i429v1dpfs7s8ppbnhqgmjs0ss-editline-1.17.1-unstable-2025-05-24/lib --libexecdir=/nix/store/x1lf76i429v1dpfs7s8ppbnhqgmjs0ss-editline-1.17.1-unstable-2025-05-24/libexec --localedir=/nix/store/x1lf76i429v1dpfs7s8ppbnhqgmjs0ss-editline-1.17.1-unstable-2025-05-24/share/locale --enable-sigstop --enable-arrow-keys --disable-termcap --enable-sigstop --enable-arrow-keys --enable-termcap
editline> checking for a BSD-compatible install... /nix/store/i2vmgx46q9hd3z6rigaiman3wl3i2gc4-coreutils-9.9/bin/install -c
editline> checking whether sleep supports fractional seconds... yes
boehm-gc> configure.ac:32: installing './compile'
boehm-gc> configure.ac:22: installing './config.guess'
boehm-gc> configure.ac:22: installing './config.sub'
boehm-gc> configure.ac:25: installing './install-sh'
boehm-gc> configure.ac:25: installing './missing'
editline> checking filesystem timestamp resolution... 0.01
editline> checking whether build environment is sane... yes
editline> checking for a race-free mkdir -p... /nix/store/i2vmgx46q9hd3z6rigaiman3wl3i2gc4-coreutils-9.9/bin/mkdir -p
editline> checking for gawk... gawk
boehm-gc> Makefile.am: installing './depcomp'
editline> checking whether make sets $(MAKE)... yes
editline> checking whether make supports nested variables... yes
editline> checking xargs -n works... yes
editline> checking whether UID '1000' is supported by ustar format... yes
editline> checking whether GID '100' is supported by ustar format... yes
editline> checking how to create a ustar tar archive... gnutar
editline> checking for gcc... gcc
boehm-gc> parallel-tests: installing './test-driver'
boehm-gc> autoreconf: Leaving directory '.'
boehm-gc> Running phase: updateAutotoolsGnuConfigScriptsPhase
boehm-gc> Updating Autotools / GNU config script to a newer upstream version: ./config.sub
boehm-gc> Updating Autotools / GNU config script to a newer upstream version: ./config.guess
boehm-gc> Running phase: configurePhase
boehm-gc> fixing libtool script ./ltmain.sh
boehm-gc> ./configure
boehm-gc> patching script interpreter paths in ./configure
boehm-gc> ./configure: interpreter directive changed from "#! /bin/sh" to "/nix/store/f15k3dpilmiyv6zgpib289rnjykgr1r4-bash-5.3p9/bin/sh"
boehm-gc> configure flags: --disable-static --disable-dependency-tracking --prefix=/nix/store/2cq74k7s6n6rycil5gb5w5y701va6b37-boehm-gc-8.2.8 --bindir=/nix/store/2cq74k7s6n6rycil5gb5w5y701va6b37-boehm-gc-8.2.8/bin --sbindir=/nix/store/2cq74k7s6n6rycil5gb5w5y701va6b37-boehm-gc-8.2.8/sbin --includedir=/nix/store/qg6ir0g65z6nxlgwm8kj3k2viwxxn9zz-boehm-gc-8.2.8-dev/include --mandir=/nix/store/2cq74k7s6n6rycil5gb5w5y701va6b37-boehm-gc-8.2.8/share/man --infodir=/nix/store/2cq74k7s6n6rycil5gb5w5y701va6b37-boehm-gc-8.2.8/share/info --docdir=/nix/store/dqyh5vqq47klvwpxcis7lk2vlb21r5lm-boehm-gc-8.2.8-doc/share/doc/gc --libdir=/nix/store/2cq74k7s6n6rycil5gb5w5y701va6b37-boehm-gc-8.2.8/lib --libexecdir=/nix/store/2cq74k7s6n6rycil5gb5w5y701va6b37-boehm-gc-8.2.8/libexec --localedir=/nix/store/2cq74k7s6n6rycil5gb5w5y701va6b37-boehm-gc-8.2.8/share/locale --enable-cplusplus --with-libatomic-ops=none --enable-mmap --enable-large-config
editline> checking whether the C compiler works... yes
editline> checking for C compiler default output file name... a.out
editline> checking for suffix of executables...
boehm-gc> checking build system type... x86_64-pc-linux-gnu
boehm-gc> checking host system type... x86_64-pc-linux-gnu
boehm-gc> checking target system type... x86_64-pc-linux-gnu
boehm-gc> checking GC version numbers... major=8 minor=2                 micro=8
editline> checking whether we are cross compiling... no
boehm-gc> checking for a BSD-compatible install... /nix/store/i2vmgx46q9hd3z6rigaiman3wl3i2gc4-coreutils-9.9/bin/install -c
boehm-gc> checking whether sleep supports fractional seconds... yes
editline> checking for suffix of object files... o
editline> checking whether the compiler supports GNU C... yes
editline> checking whether gcc accepts -g... yes
boehm-gc> checking filesystem timestamp resolution... 0.01
boehm-gc> checking whether build environment is sane... yes
boehm-gc> checking for a race-free mkdir -p... /nix/store/i2vmgx46q9hd3z6rigaiman3wl3i2gc4-coreutils-9.9/bin/mkdir -p
boehm-gc> checking for gawk... gawk
boehm-gc> checking whether make sets $(MAKE)... yes
boehm-gc> checking whether make supports nested variables... yes
boehm-gc> checking xargs -n works... yes
boehm-gc> checking whether UID '1000' is supported by ustar format... yes
boehm-gc> checking whether GID '100' is supported by ustar format... yes
editline> checking for gcc option to enable C11 features... none needed
boehm-gc> checking how to create a ustar tar archive... gnutar
boehm-gc> checking whether to enable maintainer-specific portions of Makefiles... no
boehm-gc> checking whether make supports the include directive... yes (GNU style)
boehm-gc> checking for gcc... gcc
editline> checking whether gcc understands -c and -o together... yes
editline> checking whether make supports the include directive... yes (GNU style)
editline> checking dependency style of gcc... none
editline> checking build system type... x86_64-pc-linux-gnu
editline> checking host system type... x86_64-pc-linux-gnu
editline> checking how to print strings... printf
editline> checking for a sed that does not truncate output... /nix/store/ryz8kcrm2bxpccllfqlb7qldsfnqp5c2-gnused-4.9/bin/sed
editline> checking for grep that handles long lines and -e... /nix/store/02vv0r262agf9j5n2y1gmbjvdf12zkl0-gnugrep-3.12/bin/grep
editline> checking for egrep... /nix/store/02vv0r262agf9j5n2y1gmbjvdf12zkl0-gnugrep-3.12/bin/grep -E
editline> checking for fgrep... /nix/store/02vv0r262agf9j5n2y1gmbjvdf12zkl0-gnugrep-3.12/bin/grep -F
boehm-gc> checking whether the C compiler works... yes
boehm-gc> checking for C compiler default output file name... a.out
editline> checking for ld used by gcc... ld
editline> checking if the linker (ld) is GNU ld... yes
editline> checking for BSD- or MS-compatible name lister (nm)... nm
editline> checking the name lister (nm) interface... BSD nm
editline> checking whether ln -s works... yes
editline> checking the maximum length of command line arguments... 1572864
editline> checking how to convert x86_64-pc-linux-gnu file names to x86_64-pc-linux-gnu format... func_convert_file_noop
editline> checking how to convert x86_64-pc-linux-gnu file names to toolchain format... func_convert_file_noop
editline> checking for ld option to reload object files... -r
editline> checking for file... file
editline> checking for objdump... objdump
editline> checking how to recognize dependent libraries... (cached) pass_all
editline> checking for dlltool... no
editline> checking how to associate runtime and link libraries... printf %s\n
editline> checking for ranlib... ranlib
boehm-gc> checking for suffix of executables...
editline> checking for archiver @FILE support... @
editline> checking for strip... strip
boehm-gc> checking whether we are cross compiling... no
boehm-gc> checking for suffix of object files... o
editline> checking command to parse nm output from gcc object... ok
editline> checking for sysroot... no
editline> checking for a working dd... /nix/store/i2vmgx46q9hd3z6rigaiman3wl3i2gc4-coreutils-9.9/bin/dd
editline> checking how to truncate binary pipes... /nix/store/i2vmgx46q9hd3z6rigaiman3wl3i2gc4-coreutils-9.9/bin/dd bs=4096 count=1
boehm-gc> checking whether the compiler supports GNU C... yes
boehm-gc> checking whether gcc accepts -g... yes
editline> checking for mt... no
editline> checking if : is a manifest tool... no
boehm-gc> checking for gcc option to enable C11 features... none needed
editline> checking for stdio.h... yes
editline> checking for stdlib.h... yes
boehm-gc> checking whether gcc understands -c and -o together... yes
boehm-gc> checking dependency style of gcc... none
editline> checking for string.h... yes
boehm-gc> checking whether the compiler supports GNU C++... yes
editline> checking for inttypes.h... yes
boehm-gc> checking whether g++ accepts -g... yes
editline> checking for stdint.h... yes
editline> checking for strings.h... yes
editline> checking for sys/stat.h... yes
boehm-gc> checking for g++ option to enable C++11 features... none needed
boehm-gc> checking dependency style of g++... none
boehm-gc> checking dependency style of gcc... none
boehm-gc> checking how to print strings... printf
rapidcheck> [100%] Linking CXX shared library librapidcheck.so
boehm-gc> checking for a sed that does not truncate output... /nix/store/ryz8kcrm2bxpccllfqlb7qldsfnqp5c2-gnused-4.9/bin/sed
boehm-gc> checking for grep that handles long lines and -e... /nix/store/02vv0r262agf9j5n2y1gmbjvdf12zkl0-gnugrep-3.12/bin/grep
boehm-gc> checking for egrep... /nix/store/02vv0r262agf9j5n2y1gmbjvdf12zkl0-gnugrep-3.12/bin/grep -E
boehm-gc> checking for fgrep... /nix/store/02vv0r262agf9j5n2y1gmbjvdf12zkl0-gnugrep-3.12/bin/grep -F
boehm-gc> checking for ld used by gcc... ld
boehm-gc> checking if the linker (ld) is GNU ld... yes
boehm-gc> checking for BSD- or MS-compatible name lister (nm)... nm
editline> checking for sys/types.h... yes
boehm-gc> checking the name lister (nm) interface... BSD nm
boehm-gc> checking whether ln -s works... yes
boehm-gc> checking the maximum length of command line arguments... 1572864
boehm-gc> checking how to convert x86_64-pc-linux-gnu file names to x86_64-pc-linux-gnu format... func_convert_file_noop
boehm-gc> checking how to convert x86_64-pc-linux-gnu file names to toolchain format... func_convert_file_noop
boehm-gc> checking for ld option to reload object files... -r
boehm-gc> checking for file... file
boehm-gc> checking for objdump... objdump
boehm-gc> checking how to recognize dependent libraries... (cached) pass_all
boehm-gc> checking for dlltool... no
boehm-gc> checking how to associate runtime and link libraries... printf %s\n
boehm-gc> checking for ranlib... ranlib
editline> checking for unistd.h... yes
boehm-gc> checking for archiver @FILE support... @
boehm-gc> checking for strip... strip
editline> checking for dlfcn.h... yes
rapidcheck> [100%] Built target rapidcheck
editline> checking for objdir... .libs
rapidcheck> Running phase: installPhase
rapidcheck> install flags: -j8 SHELL=/nix/store/f15k3dpilmiyv6zgpib289rnjykgr1r4-bash-5.3p9/bin/bash install
boehm-gc> checking command to parse nm output from gcc object... ok
boehm-gc> checking for sysroot... no
boehm-gc> checking for a working dd... /nix/store/i2vmgx46q9hd3z6rigaiman3wl3i2gc4-coreutils-9.9/bin/dd
boehm-gc> checking how to truncate binary pipes... /nix/store/i2vmgx46q9hd3z6rigaiman3wl3i2gc4-coreutils-9.9/bin/dd bs=4096 count=1
rapidcheck> [100%] Built target rapidcheck
boehm-gc> checking for mt... no
boehm-gc> checking if : is a manifest tool... no
rapidcheck> Install the project...
rapidcheck> -- Install configuration: "Release"
rapidcheck> -- Installing: /nix/store/i2kvh8kmwqprsfh7yhggxfmkrhrx2dwy-rapidcheck-0-unstable-2023-12-14/lib/librapidcheck.so
editline> checking if gcc supports -fno-rtti -fno-exceptions... no
editline> checking for gcc option to produce PIC... -fPIC -DPIC
rapidcheck> -- Installing: /nix/store/hraivgziifbi8qal47bfqlbwf19gzbny-rapidcheck-0-unstable-2023-12-14-dev/include
rapidcheck> -- Installing: /nix/store/hraivgziifbi8qal47bfqlbwf19gzbny-rapidcheck-0-unstable-2023-12-14-dev/include/rapidcheck
rapidcheck> -- Installing: /nix/store/hraivgziifbi8qal47bfqlbwf19gzbny-rapidcheck-0-unstable-2023-12-14-dev/include/rapidcheck/Assertions.h
rapidcheck> -- Installing: /nix/store/hraivgziifbi8qal47bfqlbwf19gzbny-rapidcheck-0-unstable-2023-12-14-dev/include/rapidcheck/Assertions.hpp
rapidcheck> -- Installing: /nix/store/hraivgziifbi8qal47bfqlbwf19gzbny-rapidcheck-0-unstable-2023-12-14-dev/include/rapidcheck/BeforeMinimalTestCase.h
rapidcheck> -- Installing: /nix/store/hraivgziifbi8qal47bfqlbwf19gzbny-rapidcheck-0-unstable-2023-12-14-dev/include/rapidcheck/Check.h
rapidcheck> -- Installing: /nix/store/hraivgziifbi8qal47bfqlbwf19gzbny-rapidcheck-0-unstable-2023-12-14-dev/include/rapidcheck/Check.hpp
rapidcheck> -- Installing: /nix/store/hraivgziifbi8qal47bfqlbwf19gzbny-rapidcheck-0-unstable-2023-12-14-dev/include/rapidcheck/Classify.h
rapidcheck> -- Installing: /nix/store/hraivgziifbi8qal47bfqlbwf19gzbny-rapidcheck-0-unstable-2023-12-14-dev/include/rapidcheck/Classify.hpp
rapidcheck> -- Installing: /nix/store/hraivgziifbi8qal47bfqlbwf19gzbny-rapidcheck-0-unstable-2023-12-14-dev/include/rapidcheck/Compat.h
rapidcheck> -- Installing: /nix/store/hraivgziifbi8qal47bfqlbwf19gzbny-rapidcheck-0-unstable-2023-12-14-dev/include/rapidcheck/Compat.hpp
rapidcheck> -- Installing: /nix/store/hraivgziifbi8qal47bfqlbwf19gzbny-rapidcheck-0-unstable-2023-12-14-dev/include/rapidcheck/Gen.h
rapidcheck> -- Installing: /nix/store/hraivgziifbi8qal47bfqlbwf19gzbny-rapidcheck-0-unstable-2023-12-14-dev/include/rapidcheck/GenerationFailure.h
rapidcheck> -- Installing: /nix/store/hraivgziifbi8qal47bfqlbwf19gzbny-rapidcheck-0-unstable-2023-12-14-dev/include/rapidcheck/Log.h
rapidcheck> -- Installing: /nix/store/hraivgziifbi8qal47bfqlbwf19gzbny-rapidcheck-0-unstable-2023-12-14-dev/include/rapidcheck/Log.hpp
rapidcheck> -- Installing: /nix/store/hraivgziifbi8qal47bfqlbwf19gzbny-rapidcheck-0-unstable-2023-12-14-dev/include/rapidcheck/Maybe.h
rapidcheck> -- Installing: /nix/store/hraivgziifbi8qal47bfqlbwf19gzbny-rapidcheck-0-unstable-2023-12-14-dev/include/rapidcheck/Maybe.hpp
rapidcheck> -- Installing: /nix/store/hraivgziifbi8qal47bfqlbwf19gzbny-rapidcheck-0-unstable-2023-12-14-dev/include/rapidcheck/Nothing.h
rapidcheck> -- Installing: /nix/store/hraivgziifbi8qal47bfqlbwf19gzbny-rapidcheck-0-unstable-2023-12-14-dev/include/rapidcheck/Random.h
rapidcheck> -- Installing: /nix/store/hraivgziifbi8qal47bfqlbwf19gzbny-rapidcheck-0-unstable-2023-12-14-dev/include/rapidcheck/Random.hpp
rapidcheck> -- Installing: /nix/store/hraivgziifbi8qal47bfqlbwf19gzbny-rapidcheck-0-unstable-2023-12-14-dev/include/rapidcheck/Seq.h
rapidcheck> -- Installing: /nix/store/hraivgziifbi8qal47bfqlbwf19gzbny-rapidcheck-0-unstable-2023-12-14-dev/include/rapidcheck/Seq.hpp
rapidcheck> -- Installing: /nix/store/hraivgziifbi8qal47bfqlbwf19gzbny-rapidcheck-0-unstable-2023-12-14-dev/include/rapidcheck/Show.h
rapidcheck> -- Installing: /nix/store/hraivgziifbi8qal47bfqlbwf19gzbny-rapidcheck-0-unstable-2023-12-14-dev/include/rapidcheck/Show.hpp
rapidcheck> -- Installing: /nix/store/hraivgziifbi8qal47bfqlbwf19gzbny-rapidcheck-0-unstable-2023-12-14-dev/include/rapidcheck/Shrinkable.h
rapidcheck> -- Installing: /nix/store/hraivgziifbi8qal47bfqlbwf19gzbny-rapidcheck-0-unstable-2023-12-14-dev/include/rapidcheck/Shrinkable.hpp
rapidcheck> -- Installing: /nix/store/hraivgziifbi8qal47bfqlbwf19gzbny-rapidcheck-0-unstable-2023-12-14-dev/include/rapidcheck/Traits.h
rapidcheck> -- Installing: /nix/store/hraivgziifbi8qal47bfqlbwf19gzbny-rapidcheck-0-unstable-2023-12-14-dev/include/rapidcheck/detail
rapidcheck> -- Installing: /nix/store/hraivgziifbi8qal47bfqlbwf19gzbny-rapidcheck-0-unstable-2023-12-14-dev/include/rapidcheck/detail/AlignedUnion.h
rapidcheck> -- Installing: /nix/store/hraivgziifbi8qal47bfqlbwf19gzbny-rapidcheck-0-unstable-2023-12-14-dev/include/rapidcheck/detail/Any.h
rapidcheck> -- Installing: /nix/store/hraivgziifbi8qal47bfqlbwf19gzbny-rapidcheck-0-unstable-2023-12-14-dev/include/rapidcheck/detail/Any.hpp
rapidcheck> -- Installing: /nix/store/hraivgziifbi8qal47bfqlbwf19gzbny-rapidcheck-0-unstable-2023-12-14-dev/include/rapidcheck/detail/ApplyTuple.h
rapidcheck> -- Installing: /nix/store/hraivgziifbi8qal47bfqlbwf19gzbny-rapidcheck-0-unstable-2023-12-14-dev/include/rapidcheck/detail/BitStream.h
rapidcheck> -- Installing: /nix/store/hraivgziifbi8qal47bfqlbwf19gzbny-rapidcheck-0-unstable-2023-12-14-dev/include/rapidcheck/detail/BitStream.hpp
rapidcheck> -- Installing: /nix/store/hraivgziifbi8qal47bfqlbwf19gzbny-rapidcheck-0-unstable-2023-12-14-dev/include/rapidcheck/detail/Capture.h
rapidcheck> -- Installing: /nix/store/hraivgziifbi8qal47bfqlbwf19gzbny-rapidcheck-0-unstable-2023-12-14-dev/include/rapidcheck/detail/Configuration.h
rapidcheck> -- Installing: /nix/store/hraivgziifbi8qal47bfqlbwf19gzbny-rapidcheck-0-unstable-2023-12-14-dev/include/rapidcheck/detail/ExecFixture.h
rapidcheck> -- Installing: /nix/store/hraivgziifbi8qal47bfqlbwf19gzbny-rapidcheck-0-unstable-2023-12-14-dev/include/rapidcheck/detail/FrequencyMap.h
rapidcheck> -- Installing: /nix/store/hraivgziifbi8qal47bfqlbwf19gzbny-rapidcheck-0-unstable-2023-12-14-dev/include/rapidcheck/detail/FunctionTraits.h
rapidcheck> -- Installing: /nix/store/hraivgziifbi8qal47bfqlbwf19gzbny-rapidcheck-0-unstable-2023-12-14-dev/include/rapidcheck/detail/ImplicitParam.h
rapidcheck> -- Installing: /nix/store/hraivgziifbi8qal47bfqlbwf19gzbny-rapidcheck-0-unstable-2023-12-14-dev/include/rapidcheck/detail/ImplicitParam.hpp
rapidcheck> -- Installing: /nix/store/hraivgziifbi8qal47bfqlbwf19gzbny-rapidcheck-0-unstable-2023-12-14-dev/include/rapidcheck/detail/IntSequence.h
rapidcheck> -- Installing: /nix/store/hraivgziifbi8qal47bfqlbwf19gzbny-rapidcheck-0-unstable-2023-12-14-dev/include/rapidcheck/detail/Platform.h
rapidcheck> -- Installing: /nix/store/hraivgziifbi8qal47bfqlbwf19gzbny-rapidcheck-0-unstable-2023-12-14-dev/include/rapidcheck/detail/Property.h
rapidcheck> -- Installing: /nix/store/hraivgziifbi8qal47bfqlbwf19gzbny-rapidcheck-0-unstable-2023-12-14-dev/include/rapidcheck/detail/Property.hpp
rapidcheck> -- Installing: /nix/store/hraivgziifbi8qal47bfqlbwf19gzbny-rapidcheck-0-unstable-2023-12-14-dev/include/rapidcheck/detail/PropertyContext.h
rapidcheck> -- Installing: /nix/store/hraivgziifbi8qal47bfqlbwf19gzbny-rapidcheck-0-unstable-2023-12-14-dev/include/rapidcheck/detail/Results.h
rapidcheck> -- Installing: /nix/store/hraivgziifbi8qal47bfqlbwf19gzbny-rapidcheck-0-unstable-2023-12-14-dev/include/rapidcheck/detail/Results.hpp
rapidcheck> -- Installing: /nix/store/hraivgziifbi8qal47bfqlbwf19gzbny-rapidcheck-0-unstable-2023-12-14-dev/include/rapidcheck/detail/Serialization.h
rapidcheck> -- Installing: /nix/store/hraivgziifbi8qal47bfqlbwf19gzbny-rapidcheck-0-unstable-2023-12-14-dev/include/rapidcheck/detail/Serialization.hpp
rapidcheck> -- Installing: /nix/store/hraivgziifbi8qal47bfqlbwf19gzbny-rapidcheck-0-unstable-2023-12-14-dev/include/rapidcheck/detail/ShowType.h
rapidcheck> -- Installing: /nix/store/hraivgziifbi8qal47bfqlbwf19gzbny-rapidcheck-0-unstable-2023-12-14-dev/include/rapidcheck/detail/ShowType.hpp
rapidcheck> -- Installing: /nix/store/hraivgziifbi8qal47bfqlbwf19gzbny-rapidcheck-0-unstable-2023-12-14-dev/include/rapidcheck/detail/TestListener.h
rapidcheck> -- Installing: /nix/store/hraivgziifbi8qal47bfqlbwf19gzbny-rapidcheck-0-unstable-2023-12-14-dev/include/rapidcheck/detail/TestListenerAdapter.h
rapidcheck> -- Installing: /nix/store/hraivgziifbi8qal47bfqlbwf19gzbny-rapidcheck-0-unstable-2023-12-14-dev/include/rapidcheck/detail/TestMetadata.h
rapidcheck> -- Installing: /nix/store/hraivgziifbi8qal47bfqlbwf19gzbny-rapidcheck-0-unstable-2023-12-14-dev/include/rapidcheck/detail/TestParams.h
rapidcheck> -- Installing: /nix/store/hraivgziifbi8qal47bfqlbwf19gzbny-rapidcheck-0-unstable-2023-12-14-dev/include/rapidcheck/detail/Traits.h
rapidcheck> -- Installing: /nix/store/hraivgziifbi8qal47bfqlbwf19gzbny-rapidcheck-0-unstable-2023-12-14-dev/include/rapidcheck/detail/TypeList.h
rapidcheck> -- Installing: /nix/store/hraivgziifbi8qal47bfqlbwf19gzbny-rapidcheck-0-unstable-2023-12-14-dev/include/rapidcheck/detail/Utility.h
rapidcheck> -- Installing: /nix/store/hraivgziifbi8qal47bfqlbwf19gzbny-rapidcheck-0-unstable-2023-12-14-dev/include/rapidcheck/detail/Variant.h
rapidcheck> -- Installing: /nix/store/hraivgziifbi8qal47bfqlbwf19gzbny-rapidcheck-0-unstable-2023-12-14-dev/include/rapidcheck/detail/Variant.hpp
rapidcheck> -- Installing: /nix/store/hraivgziifbi8qal47bfqlbwf19gzbny-rapidcheck-0-unstable-2023-12-14-dev/include/rapidcheck/fn
rapidcheck> -- Installing: /nix/store/hraivgziifbi8qal47bfqlbwf19gzbny-rapidcheck-0-unstable-2023-12-14-dev/include/rapidcheck/fn/Common.h
rapidcheck> -- Installing: /nix/store/hraivgziifbi8qal47bfqlbwf19gzbny-rapidcheck-0-unstable-2023-12-14-dev/include/rapidcheck/fn/Common.hpp
rapidcheck> -- Installing: /nix/store/hraivgziifbi8qal47bfqlbwf19gzbny-rapidcheck-0-unstable-2023-12-14-dev/include/rapidcheck/gen
rapidcheck> -- Installing: /nix/store/hraivgziifbi8qal47bfqlbwf19gzbny-rapidcheck-0-unstable-2023-12-14-dev/include/rapidcheck/gen/Arbitrary.h
rapidcheck> -- Installing: /nix/store/hraivgziifbi8qal47bfqlbwf19gzbny-rapidcheck-0-unstable-2023-12-14-dev/include/rapidcheck/gen/Arbitrary.hpp
rapidcheck> -- Installing: /nix/store/hraivgziifbi8qal47bfqlbwf19gzbny-rapidcheck-0-unstable-2023-12-14-dev/include/rapidcheck/gen/Build.h
rapidcheck> -- Installing: /nix/store/hraivgziifbi8qal47bfqlbwf19gzbny-rapidcheck-0-unstable-2023-12-14-dev/include/rapidcheck/gen/Build.hpp
rapidcheck> -- Installing: /nix/store/hraivgziifbi8qal47bfqlbwf19gzbny-rapidcheck-0-unstable-2023-12-14-dev/include/rapidcheck/gen/Chrono.h
rapidcheck> -- Installing: /nix/store/hraivgziifbi8qal47bfqlbwf19gzbny-rapidcheck-0-unstable-2023-12-14-dev/include/rapidcheck/gen/Chrono.hpp
rapidcheck> -- Installing: /nix/store/hraivgziifbi8qal47bfqlbwf19gzbny-rapidcheck-0-unstable-2023-12-14-dev/include/rapidcheck/gen/Container.h
rapidcheck> -- Installing: /nix/store/hraivgziifbi8qal47bfqlbwf19gzbny-rapidcheck-0-unstable-2023-12-14-dev/include/rapidcheck/gen/Container.hpp
rapidcheck> -- Installing: /nix/store/hraivgziifbi8qal47bfqlbwf19gzbny-rapidcheck-0-unstable-2023-12-14-dev/include/rapidcheck/gen/Create.h
rapidcheck> -- Installing: /nix/store/hraivgziifbi8qal47bfqlbwf19gzbny-rapidcheck-0-unstable-2023-12-14-dev/include/rapidcheck/gen/Create.hpp
rapidcheck> -- Installing: /nix/store/hraivgziifbi8qal47bfqlbwf19gzbny-rapidcheck-0-unstable-2023-12-14-dev/include/rapidcheck/gen/Exec.h
rapidcheck> -- Installing: /nix/store/hraivgziifbi8qal47bfqlbwf19gzbny-rapidcheck-0-unstable-2023-12-14-dev/include/rapidcheck/gen/Exec.hpp
rapidcheck> -- Installing: /nix/store/hraivgziifbi8qal47bfqlbwf19gzbny-rapidcheck-0-unstable-2023-12-14-dev/include/rapidcheck/gen/Maybe.h
rapidcheck> -- Installing: /nix/store/hraivgziifbi8qal47bfqlbwf19gzbny-rapidcheck-0-unstable-2023-12-14-dev/include/rapidcheck/gen/Maybe.hpp
rapidcheck> -- Installing: /nix/store/hraivgziifbi8qal47bfqlbwf19gzbny-rapidcheck-0-unstable-2023-12-14-dev/include/rapidcheck/gen/Numeric.h
rapidcheck> -- Installing: /nix/store/hraivgziifbi8qal47bfqlbwf19gzbny-rapidcheck-0-unstable-2023-12-14-dev/include/rapidcheck/gen/Numeric.hpp
rapidcheck> -- Installing: /nix/store/hraivgziifbi8qal47bfqlbwf19gzbny-rapidcheck-0-unstable-2023-12-14-dev/include/rapidcheck/gen/Predicate.h
rapidcheck> -- Installing: /nix/store/hraivgziifbi8qal47bfqlbwf19gzbny-rapidcheck-0-unstable-2023-12-14-dev/include/rapidcheck/gen/Predicate.hpp
rapidcheck> -- Installing: /nix/store/hraivgziifbi8qal47bfqlbwf19gzbny-rapidcheck-0-unstable-2023-12-14-dev/include/rapidcheck/gen/Select.h
rapidcheck> -- Installing: /nix/store/hraivgziifbi8qal47bfqlbwf19gzbny-rapidcheck-0-unstable-2023-12-14-dev/include/rapidcheck/gen/Select.hpp
rapidcheck> -- Installing: /nix/store/hraivgziifbi8qal47bfqlbwf19gzbny-rapidcheck-0-unstable-2023-12-14-dev/include/rapidcheck/gen/Text.h
rapidcheck> -- Installing: /nix/store/hraivgziifbi8qal47bfqlbwf19gzbny-rapidcheck-0-unstable-2023-12-14-dev/include/rapidcheck/gen/Text.hpp
rapidcheck> -- Installing: /nix/store/hraivgziifbi8qal47bfqlbwf19gzbny-rapidcheck-0-unstable-2023-12-14-dev/include/rapidcheck/gen/Transform.h
rapidcheck> -- Installing: /nix/store/hraivgziifbi8qal47bfqlbwf19gzbny-rapidcheck-0-unstable-2023-12-14-dev/include/rapidcheck/gen/Transform.hpp
rapidcheck> -- Installing: /nix/store/hraivgziifbi8qal47bfqlbwf19gzbny-rapidcheck-0-unstable-2023-12-14-dev/include/rapidcheck/gen/Tuple.h
rapidcheck> -- Installing: /nix/store/hraivgziifbi8qal47bfqlbwf19gzbny-rapidcheck-0-unstable-2023-12-14-dev/include/rapidcheck/gen/Tuple.hpp
rapidcheck> -- Installing: /nix/store/hraivgziifbi8qal47bfqlbwf19gzbny-rapidcheck-0-unstable-2023-12-14-dev/include/rapidcheck/gen/detail
rapidcheck> -- Installing: /nix/store/hraivgziifbi8qal47bfqlbwf19gzbny-rapidcheck-0-unstable-2023-12-14-dev/include/rapidcheck/gen/detail/ExecHandler.h
rapidcheck> -- Installing: /nix/store/hraivgziifbi8qal47bfqlbwf19gzbny-rapidcheck-0-unstable-2023-12-14-dev/include/rapidcheck/gen/detail/ExecRaw.h
rapidcheck> -- Installing: /nix/store/hraivgziifbi8qal47bfqlbwf19gzbny-rapidcheck-0-unstable-2023-12-14-dev/include/rapidcheck/gen/detail/ExecRaw.hpp
rapidcheck> -- Installing: /nix/store/hraivgziifbi8qal47bfqlbwf19gzbny-rapidcheck-0-unstable-2023-12-14-dev/include/rapidcheck/gen/detail/GenerationHandler.h
rapidcheck> -- Installing: /nix/store/hraivgziifbi8qal47bfqlbwf19gzbny-rapidcheck-0-unstable-2023-12-14-dev/include/rapidcheck/gen/detail/Recipe.h
rapidcheck> -- Installing: /nix/store/hraivgziifbi8qal47bfqlbwf19gzbny-rapidcheck-0-unstable-2023-12-14-dev/include/rapidcheck/gen/detail/ScaleInteger.h
rapidcheck> -- Installing: /nix/store/hraivgziifbi8qal47bfqlbwf19gzbny-rapidcheck-0-unstable-2023-12-14-dev/include/rapidcheck/gen/detail/ShrinkValueIterator.h
rapidcheck> -- Installing: /nix/store/hraivgziifbi8qal47bfqlbwf19gzbny-rapidcheck-0-unstable-2023-12-14-dev/include/rapidcheck/gen/detail/ShrinkValueIterator.hpp
rapidcheck> -- Installing: /nix/store/hraivgziifbi8qal47bfqlbwf19gzbny-rapidcheck-0-unstable-2023-12-14-dev/include/rapidcheck/seq
rapidcheck> -- Installing: /nix/store/hraivgziifbi8qal47bfqlbwf19gzbny-rapidcheck-0-unstable-2023-12-14-dev/include/rapidcheck/seq/Create.h
rapidcheck> -- Installing: /nix/store/hraivgziifbi8qal47bfqlbwf19gzbny-rapidcheck-0-unstable-2023-12-14-dev/include/rapidcheck/seq/Create.hpp
rapidcheck> -- Installing: /nix/store/hraivgziifbi8qal47bfqlbwf19gzbny-rapidcheck-0-unstable-2023-12-14-dev/include/rapidcheck/seq/Operations.h
rapidcheck> -- Installing: /nix/store/hraivgziifbi8qal47bfqlbwf19gzbny-rapidcheck-0-unstable-2023-12-14-dev/include/rapidcheck/seq/Operations.hpp
rapidcheck> -- Installing: /nix/store/hraivgziifbi8qal47bfqlbwf19gzbny-rapidcheck-0-unstable-2023-12-14-dev/include/rapidcheck/seq/SeqIterator.h
rapidcheck> -- Installing: /nix/store/hraivgziifbi8qal47bfqlbwf19gzbny-rapidcheck-0-unstable-2023-12-14-dev/include/rapidcheck/seq/SeqIterator.hpp
rapidcheck> -- Installing: /nix/store/hraivgziifbi8qal47bfqlbwf19gzbny-rapidcheck-0-unstable-2023-12-14-dev/include/rapidcheck/seq/Transform.h
rapidcheck> -- Installing: /nix/store/hraivgziifbi8qal47bfqlbwf19gzbny-rapidcheck-0-unstable-2023-12-14-dev/include/rapidcheck/seq/Transform.hpp
rapidcheck> -- Installing: /nix/store/hraivgziifbi8qal47bfqlbwf19gzbny-rapidcheck-0-unstable-2023-12-14-dev/include/rapidcheck/shrink
rapidcheck> -- Installing: /nix/store/hraivgziifbi8qal47bfqlbwf19gzbny-rapidcheck-0-unstable-2023-12-14-dev/include/rapidcheck/shrink/Shrink.h
rapidcheck> -- Installing: /nix/store/hraivgziifbi8qal47bfqlbwf19gzbny-rapidcheck-0-unstable-2023-12-14-dev/include/rapidcheck/shrink/Shrink.hpp
rapidcheck> -- Installing: /nix/store/hraivgziifbi8qal47bfqlbwf19gzbny-rapidcheck-0-unstable-2023-12-14-dev/include/rapidcheck/shrinkable
rapidcheck> -- Installing: /nix/store/hraivgziifbi8qal47bfqlbwf19gzbny-rapidcheck-0-unstable-2023-12-14-dev/include/rapidcheck/shrinkable/Create.h
rapidcheck> -- Installing: /nix/store/hraivgziifbi8qal47bfqlbwf19gzbny-rapidcheck-0-unstable-2023-12-14-dev/include/rapidcheck/shrinkable/Create.hpp
rapidcheck> -- Installing: /nix/store/hraivgziifbi8qal47bfqlbwf19gzbny-rapidcheck-0-unstable-2023-12-14-dev/include/rapidcheck/shrinkable/Operations.h
rapidcheck> -- Installing: /nix/store/hraivgziifbi8qal47bfqlbwf19gzbny-rapidcheck-0-unstable-2023-12-14-dev/include/rapidcheck/shrinkable/Operations.hpp
rapidcheck> -- Installing: /nix/store/hraivgziifbi8qal47bfqlbwf19gzbny-rapidcheck-0-unstable-2023-12-14-dev/include/rapidcheck/shrinkable/Transform.h
rapidcheck> -- Installing: /nix/store/hraivgziifbi8qal47bfqlbwf19gzbny-rapidcheck-0-unstable-2023-12-14-dev/include/rapidcheck/shrinkable/Transform.hpp
rapidcheck> -- Installing: /nix/store/hraivgziifbi8qal47bfqlbwf19gzbny-rapidcheck-0-unstable-2023-12-14-dev/include/rapidcheck/state
rapidcheck> -- Installing: /nix/store/hraivgziifbi8qal47bfqlbwf19gzbny-rapidcheck-0-unstable-2023-12-14-dev/include/rapidcheck/state/Command.h
rapidcheck> -- Installing: /nix/store/hraivgziifbi8qal47bfqlbwf19gzbny-rapidcheck-0-unstable-2023-12-14-dev/include/rapidcheck/state/Command.hpp
rapidcheck> -- Installing: /nix/store/hraivgziifbi8qal47bfqlbwf19gzbny-rapidcheck-0-unstable-2023-12-14-dev/include/rapidcheck/state/Commands.h
rapidcheck> -- Installing: /nix/store/hraivgziifbi8qal47bfqlbwf19gzbny-rapidcheck-0-unstable-2023-12-14-dev/include/rapidcheck/state/Commands.hpp
rapidcheck> -- Installing: /nix/store/hraivgziifbi8qal47bfqlbwf19gzbny-rapidcheck-0-unstable-2023-12-14-dev/include/rapidcheck/state/State.h
rapidcheck> -- Installing: /nix/store/hraivgziifbi8qal47bfqlbwf19gzbny-rapidcheck-0-unstable-2023-12-14-dev/include/rapidcheck/state/State.hpp
rapidcheck> -- Installing: /nix/store/hraivgziifbi8qal47bfqlbwf19gzbny-rapidcheck-0-unstable-2023-12-14-dev/include/rapidcheck/state/gen
rapidcheck> -- Installing: /nix/store/hraivgziifbi8qal47bfqlbwf19gzbny-rapidcheck-0-unstable-2023-12-14-dev/include/rapidcheck/state/gen/Commands.h
rapidcheck> -- Installing: /nix/store/hraivgziifbi8qal47bfqlbwf19gzbny-rapidcheck-0-unstable-2023-12-14-dev/include/rapidcheck/state/gen/Commands.hpp
rapidcheck> -- Installing: /nix/store/hraivgziifbi8qal47bfqlbwf19gzbny-rapidcheck-0-unstable-2023-12-14-dev/include/rapidcheck/state/gen/ExecCommands.h
rapidcheck> -- Installing: /nix/store/hraivgziifbi8qal47bfqlbwf19gzbny-rapidcheck-0-unstable-2023-12-14-dev/include/rapidcheck/state/gen/ExecCommands.hpp
boehm-gc> checking for stdio.h... yes
rapidcheck> -- Installing: /nix/store/hraivgziifbi8qal47bfqlbwf19gzbny-rapidcheck-0-unstable-2023-12-14-dev/include/rapidcheck/state.h
rapidcheck> -- Installing: /nix/store/hraivgziifbi8qal47bfqlbwf19gzbny-rapidcheck-0-unstable-2023-12-14-dev/include/rapidcheck/Gen.hpp
rapidcheck> -- Installing: /nix/store/hraivgziifbi8qal47bfqlbwf19gzbny-rapidcheck-0-unstable-2023-12-14-dev/include/rapidcheck.h
rapidcheck> -- Up-to-date: /nix/store/hraivgziifbi8qal47bfqlbwf19gzbny-rapidcheck-0-unstable-2023-12-14-dev/include
rapidcheck> -- Up-to-date: /nix/store/hraivgziifbi8qal47bfqlbwf19gzbny-rapidcheck-0-unstable-2023-12-14-dev/include/rapidcheck
rapidcheck> -- Installing: /nix/store/hraivgziifbi8qal47bfqlbwf19gzbny-rapidcheck-0-unstable-2023-12-14-dev/include/rapidcheck/catch.h
rapidcheck> -- Installing: /nix/store/i2kvh8kmwqprsfh7yhggxfmkrhrx2dwy-rapidcheck-0-unstable-2023-12-14/lib/pkgconfig/rapidcheck_catch.pc
rapidcheck> -- Up-to-date: /nix/store/hraivgziifbi8qal47bfqlbwf19gzbny-rapidcheck-0-unstable-2023-12-14-dev/include
rapidcheck> -- Up-to-date: /nix/store/hraivgziifbi8qal47bfqlbwf19gzbny-rapidcheck-0-unstable-2023-12-14-dev/include/rapidcheck
rapidcheck> -- Installing: /nix/store/hraivgziifbi8qal47bfqlbwf19gzbny-rapidcheck-0-unstable-2023-12-14-dev/include/rapidcheck/doctest.h
rapidcheck> -- Installing: /nix/store/i2kvh8kmwqprsfh7yhggxfmkrhrx2dwy-rapidcheck-0-unstable-2023-12-14/lib/pkgconfig/rapidcheck_doctest.pc
rapidcheck> -- Up-to-date: /nix/store/hraivgziifbi8qal47bfqlbwf19gzbny-rapidcheck-0-unstable-2023-12-14-dev/include
rapidcheck> -- Up-to-date: /nix/store/hraivgziifbi8qal47bfqlbwf19gzbny-rapidcheck-0-unstable-2023-12-14-dev/include/rapidcheck
rapidcheck> -- Installing: /nix/store/hraivgziifbi8qal47bfqlbwf19gzbny-rapidcheck-0-unstable-2023-12-14-dev/include/rapidcheck/gmock.h
rapidcheck> -- Installing: /nix/store/i2kvh8kmwqprsfh7yhggxfmkrhrx2dwy-rapidcheck-0-unstable-2023-12-14/lib/pkgconfig/rapidcheck_gtest.pc
rapidcheck> -- Up-to-date: /nix/store/hraivgziifbi8qal47bfqlbwf19gzbny-rapidcheck-0-unstable-2023-12-14-dev/include
rapidcheck> -- Up-to-date: /nix/store/hraivgziifbi8qal47bfqlbwf19gzbny-rapidcheck-0-unstable-2023-12-14-dev/include/rapidcheck
rapidcheck> -- Installing: /nix/store/hraivgziifbi8qal47bfqlbwf19gzbny-rapidcheck-0-unstable-2023-12-14-dev/include/rapidcheck/gtest.h
rapidcheck> -- Up-to-date: /nix/store/i2kvh8kmwqprsfh7yhggxfmkrhrx2dwy-rapidcheck-0-unstable-2023-12-14/lib/pkgconfig/rapidcheck_gtest.pc
rapidcheck> -- Up-to-date: /nix/store/hraivgziifbi8qal47bfqlbwf19gzbny-rapidcheck-0-unstable-2023-12-14-dev/include
rapidcheck> -- Up-to-date: /nix/store/hraivgziifbi8qal47bfqlbwf19gzbny-rapidcheck-0-unstable-2023-12-14-dev/include/rapidcheck
rapidcheck> -- Installing: /nix/store/hraivgziifbi8qal47bfqlbwf19gzbny-rapidcheck-0-unstable-2023-12-14-dev/include/rapidcheck/boost.h
rapidcheck> -- Up-to-date: /nix/store/hraivgziifbi8qal47bfqlbwf19gzbny-rapidcheck-0-unstable-2023-12-14-dev/include/rapidcheck/gen
rapidcheck> -- Installing: /nix/store/hraivgziifbi8qal47bfqlbwf19gzbny-rapidcheck-0-unstable-2023-12-14-dev/include/rapidcheck/gen/boost
rapidcheck> -- Installing: /nix/store/hraivgziifbi8qal47bfqlbwf19gzbny-rapidcheck-0-unstable-2023-12-14-dev/include/rapidcheck/gen/boost/Optional.h
rapidcheck> -- Installing: /nix/store/hraivgziifbi8qal47bfqlbwf19gzbny-rapidcheck-0-unstable-2023-12-14-dev/include/rapidcheck/gen/boost/Optional.hpp
rapidcheck> -- Installing: /nix/store/i2kvh8kmwqprsfh7yhggxfmkrhrx2dwy-rapidcheck-0-unstable-2023-12-14/lib/pkgconfig/rapidcheck_boost.pc
rapidcheck> -- Up-to-date: /nix/store/hraivgziifbi8qal47bfqlbwf19gzbny-rapidcheck-0-unstable-2023-12-14-dev/include
rapidcheck> -- Up-to-date: /nix/store/hraivgziifbi8qal47bfqlbwf19gzbny-rapidcheck-0-unstable-2023-12-14-dev/include/rapidcheck
rapidcheck> -- Installing: /nix/store/hraivgziifbi8qal47bfqlbwf19gzbny-rapidcheck-0-unstable-2023-12-14-dev/include/rapidcheck/boost_test.h
rapidcheck> -- Installing: /nix/store/i2kvh8kmwqprsfh7yhggxfmkrhrx2dwy-rapidcheck-0-unstable-2023-12-14/lib/pkgconfig/rapidcheck_boost_test.pc
rapidcheck> -- Installing: /nix/store/i2kvh8kmwqprsfh7yhggxfmkrhrx2dwy-rapidcheck-0-unstable-2023-12-14/share/rapidcheck/cmake/rapidcheckConfig.cmake
rapidcheck> -- Installing: /nix/store/i2kvh8kmwqprsfh7yhggxfmkrhrx2dwy-rapidcheck-0-unstable-2023-12-14/share/rapidcheck/cmake/rapidcheckConfig-release.cmake
rapidcheck> -- Installing: /nix/store/i2kvh8kmwqprsfh7yhggxfmkrhrx2dwy-rapidcheck-0-unstable-2023-12-14/lib/pkgconfig/rapidcheck.pc
rapidcheck> Running phase: fixupPhase
editline> checking if gcc PIC flag -fPIC -DPIC works... yes
rapidcheck> Moving /nix/store/i2kvh8kmwqprsfh7yhggxfmkrhrx2dwy-rapidcheck-0-unstable-2023-12-14/lib/pkgconfig to /nix/store/hraivgziifbi8qal47bfqlbwf19gzbny-rapidcheck-0-unstable-2023-12-14-dev/lib/pkgconfig
rapidcheck> Patching '/nix/store/hraivgziifbi8qal47bfqlbwf19gzbny-rapidcheck-0-unstable-2023-12-14-dev/lib/pkgconfig/rapidcheck.pc' includedir to output /nix/store/hraivgziifbi8qal47bfqlbwf19gzbny-rapidcheck-0-unstable-2023-12-14-dev
rapidcheck> Patching '/nix/store/hraivgziifbi8qal47bfqlbwf19gzbny-rapidcheck-0-unstable-2023-12-14-dev/lib/pkgconfig/rapidcheck_boost.pc' includedir to output /nix/store/hraivgziifbi8qal47bfqlbwf19gzbny-rapidcheck-0-unstable-2023-12-14-dev
rapidcheck> Patching '/nix/store/hraivgziifbi8qal47bfqlbwf19gzbny-rapidcheck-0-unstable-2023-12-14-dev/lib/pkgconfig/rapidcheck_boost_test.pc' includedir to output /nix/store/hraivgziifbi8qal47bfqlbwf19gzbny-rapidcheck-0-unstable-2023-12-14-dev
rapidcheck> Patching '/nix/store/hraivgziifbi8qal47bfqlbwf19gzbny-rapidcheck-0-unstable-2023-12-14-dev/lib/pkgconfig/rapidcheck_catch.pc' includedir to output /nix/store/hraivgziifbi8qal47bfqlbwf19gzbny-rapidcheck-0-unstable-2023-12-14-dev
rapidcheck> Patching '/nix/store/hraivgziifbi8qal47bfqlbwf19gzbny-rapidcheck-0-unstable-2023-12-14-dev/lib/pkgconfig/rapidcheck_doctest.pc' includedir to output /nix/store/hraivgziifbi8qal47bfqlbwf19gzbny-rapidcheck-0-unstable-2023-12-14-dev
rapidcheck> Patching '/nix/store/hraivgziifbi8qal47bfqlbwf19gzbny-rapidcheck-0-unstable-2023-12-14-dev/lib/pkgconfig/rapidcheck_gtest.pc' includedir to output /nix/store/hraivgziifbi8qal47bfqlbwf19gzbny-rapidcheck-0-unstable-2023-12-14-dev
rapidcheck> shrinking RPATHs of ELF executables and libraries in /nix/store/i2kvh8kmwqprsfh7yhggxfmkrhrx2dwy-rapidcheck-0-unstable-2023-12-14
rapidcheck> shrinking /nix/store/i2kvh8kmwqprsfh7yhggxfmkrhrx2dwy-rapidcheck-0-unstable-2023-12-14/lib/librapidcheck.so
boehm-gc> checking for stdlib.h... yes
rapidcheck> checking for references to /build/ in /nix/store/i2kvh8kmwqprsfh7yhggxfmkrhrx2dwy-rapidcheck-0-unstable-2023-12-14...
rapidcheck> patching script interpreter paths in /nix/store/i2kvh8kmwqprsfh7yhggxfmkrhrx2dwy-rapidcheck-0-unstable-2023-12-14
rapidcheck> stripping (with command strip and flags -S -p) in  /nix/store/i2kvh8kmwqprsfh7yhggxfmkrhrx2dwy-rapidcheck-0-unstable-2023-12-14/lib
rapidcheck> shrinking RPATHs of ELF executables and libraries in /nix/store/hraivgziifbi8qal47bfqlbwf19gzbny-rapidcheck-0-unstable-2023-12-14-dev
editline> checking if gcc static flag -static works... no
boehm-gc> checking for string.h... yes
rapidcheck> checking for references to /build/ in /nix/store/hraivgziifbi8qal47bfqlbwf19gzbny-rapidcheck-0-unstable-2023-12-14-dev...
editline> checking if gcc supports -c -o file.o... yes
editline> checking if gcc supports -c -o file.o... (cached) yes
boehm-gc> checking for inttypes.h... yes
rapidcheck> patching script interpreter paths in /nix/store/hraivgziifbi8qal47bfqlbwf19gzbny-rapidcheck-0-unstable-2023-12-14-dev
rapidcheck> stripping (with command strip and flags -S -p) in  /nix/store/hraivgziifbi8qal47bfqlbwf19gzbny-rapidcheck-0-unstable-2023-12-14-dev/lib
boehm-gc> checking for stdint.h... yes
editline> checking whether the gcc linker (ld -m elf_x86_64) supports shared libraries... yes
boehm-gc> checking for strings.h... yes
boehm-gc> checking for sys/stat.h... yes
editline> checking whether -lc should be explicitly linked in... no
boehm-gc> checking for sys/types.h... yes
boehm-gc> checking for unistd.h... yes
editline> checking dynamic linker characteristics... GNU/Linux ld.so
editline> checking how to hardcode library paths into programs... immediate
editline> checking whether stripping libraries is possible... yes
editline> checking if libtool supports shared libraries... yes
editline> checking whether to build shared libraries... yes
editline> checking whether to build static libraries... no
boehm-gc> checking for dlfcn.h... yes
boehm-gc> checking for objdir... .libs
editline> checking for dirent.h that defines DIR... yes
editline> checking for library containing opendir... none required
editline> checking whether stat file-mode macros are broken... no
boehm-gc> checking if gcc supports -fno-rtti -fno-exceptions... no
boehm-gc> checking for gcc option to produce PIC... -fPIC -DPIC
boehm-gc> checking if gcc PIC flag -fPIC -DPIC works... yes
editline> checking for malloc.h... yes
boehm-gc> checking if gcc static flag -static works... no
editline> checking for signal.h... yes
editline> checking for stdlib.h... (cached) yes
editline> checking for string.h... (cached) yes
boehm-gc> checking if gcc supports -c -o file.o... yes
boehm-gc> checking if gcc supports -c -o file.o... (cached) yes
editline> checking for termcap.h... yes
boehm-gc> checking whether the gcc linker (ld -m elf_x86_64) supports shared libraries... yes
editline> checking for termio.h... no
boehm-gc> checking whether -lc should be explicitly linked in... no
editline> checking for termios.h... yes
editline> checking for sgtty.h... yes
editline> checking for unistd.h... (cached) yes
boehm-gc> checking dynamic linker characteristics... GNU/Linux ld.so
boehm-gc> checking how to hardcode library paths into programs... immediate
boehm-gc> checking whether stripping libraries is possible... yes
boehm-gc> checking if libtool supports shared libraries... yes
boehm-gc> checking whether to build shared libraries... yes
boehm-gc> checking whether to build static libraries... no
editline> checking whether termios.h defines TIOCGWINSZ... no
boehm-gc> checking how to run the C++ preprocessor... g++ -E
editline> checking whether sys/ioctl.h defines TIOCGWINSZ... yes
editline> checking for size_t... yes
editline> checking whether closedir returns void... no
boehm-gc> checking for ld used by g++... ld -m elf_x86_64
boehm-gc> checking if the linker (ld -m elf_x86_64) is GNU ld... yes
boehm-gc> checking whether the g++ linker (ld -m elf_x86_64) supports shared libraries... yes
editline> checking whether lstat correctly handles trailing slash... yes
boehm-gc> checking for g++ option to produce PIC... -fPIC -DPIC
editline> checking whether stat accepts an empty string... no
boehm-gc> checking if g++ PIC flag -fPIC -DPIC works... yes
boehm-gc> checking if g++ static flag -static works... no
editline> checking for strchr... yes
boehm-gc> checking if g++ supports -c -o file.o... yes
boehm-gc> checking if g++ supports -c -o file.o... (cached) yes
boehm-gc> checking whether the g++ linker (ld -m elf_x86_64) supports shared libraries... yes
boehm-gc> checking dynamic linker characteristics... (cached) GNU/Linux ld.so
boehm-gc> checking how to hardcode library paths into programs... immediate
boehm-gc> checking for emscripten... no
boehm-gc> checking for thread model used by GCC... posix
boehm-gc> checking for inline... inline
boehm-gc> configure: WARNING: "Explicit GC_INIT() calls may be required."
editline> checking for strdup... yes
boehm-gc> checking for pthread_self in -lpthread... yes
editline> checking for strrchr... yes
boehm-gc> checking for clock_gettime without additional libraries... yes
editline> checking for tcgetattr... yes
boehm-gc> checking whether compiler supports -Wextra... yes
boehm-gc> checking whether compiler supports -Wpedantic... yes
boehm-gc> checking for xlc... no
editline> checking for perror... yes
boehm-gc> checking whether compiler supports -fno-strict-aliasing... yes
editline> checking for tgetent in -lterminfo... no
boehm-gc> checking for getcontext... yes
editline> checking for tgetent in -ltermcap... no
boehm-gc> checking for dl_iterate_phdr... yes
editline> checking for tgetent in -ltinfo... yes
boehm-gc> checking for dlopen in -ldl... yes
editline> checking that generated files are newer than configure... done
editline> configure: creating ./config.status
boehm-gc> checking for execinfo.h... yes
boehm-gc> checking whether to build shared libraries... yes
boehm-gc> checking whether compiler supports -fvisibility... yes
boehm-gc> checking which machine-dependent code should be used...
boehm-gc> checking whether AIX gcc optimization fix is necessary... no
boehm-gc> checking whether -Wno-frame-address works... yes
boehm-gc> checking for dladdr... yes
boehm-gc> checking for sigsetjmp... yes
editline> config.status: creating Makefile
editline> config.status: creating libeditline.pc
editline> config.status: creating src/Makefile
editline> config.status: creating include/Makefile
boehm-gc> checking for pthread_setname_np... yes (with tid)
editline> config.status: creating man/Makefile
editline> config.status: creating examples/Makefile
editline> config.status: creating config.h
editline> config.status: executing depfiles commands
editline> config.status: executing libtool commands
boehm-gc> checking for sys/dg_sys_info.h... no
boehm-gc> checking which libatomic_ops to use... none
boehm-gc> checking that generated files are newer than configure... done
boehm-gc> configure: creating ./config.status
editline> Running phase: buildPhase
editline> build flags: SHELL=/nix/store/f15k3dpilmiyv6zgpib289rnjykgr1r4-bash-5.3p9/bin/bash
editline> make  all-recursive
editline> make[1]: Entering directory '/build/source'
editline> Making all in src
editline> make[2]: Entering directory '/build/source/src'
editline>   CC       libeditline_la-editline.lo
boehm-gc> config.status: creating Makefile
boehm-gc> config.status: creating bdw-gc.pc
boehm-gc> config.status: creating include/config.h
boehm-gc> config.status: executing depfiles commands
boehm-gc> config.status: executing libtool commands
editline> editline.c: In function 'last_argument':
editline> editline.c:1950:27: warning: '*<unknown>' may be used uninitialized [-Wmaybe-uninitialized]
editline>  1950 |         s = Repeat < ac ? insert_string(av[Repeat]) : el_ring_bell();
editline>       |                           ^~~~~~~~~~~~~~~~~~~~~~~~~
boehm-gc> config.status: executing default commands
boehm-gc> Running phase: buildPhase
boehm-gc> build flags: -j8 SHELL=/nix/store/f15k3dpilmiyv6zgpib289rnjykgr1r4-bash-5.3p9/bin/bash
boehm-gc> make[1]: Entering directory '/build/source'
boehm-gc> /nix/store/f15k3dpilmiyv6zgpib289rnjykgr1r4-bash-5.3p9/bin/bash ./libtool  --tag=CC   --mode=compile gcc -DHAVE_CONFIG_H   -I./include -I./include  -DGC_PTHREAD_START_STANDALONE    -fexceptions -DGC_VISIBILITY_HIDDEN_SET -fvisibility=hidden -Wall -Wextra -Wpedantic -Wno-long-long -g -O2 -fno-strict-aliasing -Wno-frame-address  -c -o pthread_start.lo pthread_start.c
boehm-gc> /nix/store/f15k3dpilmiyv6zgpib289rnjykgr1r4-bash-5.3p9/bin/bash ./libtool  --tag=CXX   --mode=compile g++ -DHAVE_CONFIG_H   -I./include -I./include  -DGC_PTHREAD_START_STANDALONE  -fexceptions -Wall -Wextra -Wpedantic -Wno-long-long -g -O2  -c -o gc_badalc.lo gc_badalc.cc
boehm-gc> /nix/store/f15k3dpilmiyv6zgpib289rnjykgr1r4-bash-5.3p9/bin/bash ./libtool  --tag=CXX   --mode=compile g++ -DHAVE_CONFIG_H   -I./include -I./include  -DGC_PTHREAD_START_STANDALONE  -fexceptions -Wall -Wextra -Wpedantic -Wno-long-long -g -O2  -c -o gc_cpp.lo gc_cpp.cc
boehm-gc> /nix/store/f15k3dpilmiyv6zgpib289rnjykgr1r4-bash-5.3p9/bin/bash ./libtool  --tag=CC   --mode=compile gcc -DHAVE_CONFIG_H   -I./include -I./include  -DGC_PTHREAD_START_STANDALONE    -fexceptions -DGC_VISIBILITY_HIDDEN_SET -fvisibility=hidden -Wall -Wextra -Wpedantic -Wno-long-long -g -O2 -fno-strict-aliasing -Wno-frame-address  -c -o extra/gc.lo extra/gc.c
boehm-gc> /nix/store/f15k3dpilmiyv6zgpib289rnjykgr1r4-bash-5.3p9/bin/bash ./libtool  --tag=CC   --mode=compile gcc -DHAVE_CONFIG_H   -I./include -I./include  -DGC_PTHREAD_START_STANDALONE    -fexceptions -DGC_VISIBILITY_HIDDEN_SET -fvisibility=hidden -Wall -Wextra -Wpedantic -Wno-long-long -g -O2 -fno-strict-aliasing -Wno-frame-address  -c -o cord/libcord_la-cordbscs.lo `test -f 'cord/cordbscs.c' || echo './'`cord/cordbscs.c
boehm-gc> /nix/store/f15k3dpilmiyv6zgpib289rnjykgr1r4-bash-5.3p9/bin/bash ./libtool  --tag=CC   --mode=compile gcc -DHAVE_CONFIG_H   -I./include -I./include  -DGC_PTHREAD_START_STANDALONE    -fexceptions -DGC_VISIBILITY_HIDDEN_SET -fvisibility=hidden -Wall -Wextra -Wpedantic -Wno-long-long -g -O2 -fno-strict-aliasing -Wno-frame-address  -c -o cord/libcord_la-cordprnt.lo `test -f 'cord/cordprnt.c' || echo './'`cord/cordprnt.c
boehm-gc> /nix/store/f15k3dpilmiyv6zgpib289rnjykgr1r4-bash-5.3p9/bin/bash ./libtool  --tag=CC   --mode=compile gcc -DHAVE_CONFIG_H   -I./include -I./include  -DGC_PTHREAD_START_STANDALONE    -fexceptions -DGC_VISIBILITY_HIDDEN_SET -fvisibility=hidden -Wall -Wextra -Wpedantic -Wno-long-long -g -O2 -fno-strict-aliasing -Wno-frame-address  -c -o cord/libcord_la-cordxtra.lo `test -f 'cord/cordxtra.c' || echo './'`cord/cordxtra.c
boehm-gc> libtool: compile:  gcc -DHAVE_CONFIG_H -I./include -I./include -DGC_PTHREAD_START_STANDALONE -fexceptions -DGC_VISIBILITY_HIDDEN_SET -fvisibility=hidden -Wall -Wextra -Wpedantic -Wno-long-long -g -O2 -fno-strict-aliasing -Wno-frame-address -c pthread_start.c  -fPIC -DPIC -o .libs/pthread_start.o
boehm-gc> libtool: compile:  g++ -DHAVE_CONFIG_H -I./include -I./include -DGC_PTHREAD_START_STANDALONE -fexceptions -Wall -Wextra -Wpedantic -Wno-long-long -g -O2 -c gc_cpp.cc  -fPIC -DPIC -o .libs/gc_cpp.o
boehm-gc> libtool: compile:  g++ -DHAVE_CONFIG_H -I./include -I./include -DGC_PTHREAD_START_STANDALONE -fexceptions -Wall -Wextra -Wpedantic -Wno-long-long -g -O2 -c gc_badalc.cc  -fPIC -DPIC -o .libs/gc_badalc.o
boehm-gc> libtool: compile:  gcc -DHAVE_CONFIG_H -I./include -I./include -DGC_PTHREAD_START_STANDALONE -fexceptions -DGC_VISIBILITY_HIDDEN_SET -fvisibility=hidden -Wall -Wextra -Wpedantic -Wno-long-long -g -O2 -fno-strict-aliasing -Wno-frame-address -c cord/cordxtra.c  -fPIC -DPIC -o cord/.libs/libcord_la-cordxtra.o
boehm-gc> libtool: compile:  gcc -DHAVE_CONFIG_H -I./include -I./include -DGC_PTHREAD_START_STANDALONE -fexceptions -DGC_VISIBILITY_HIDDEN_SET -fvisibility=hidden -Wall -Wextra -Wpedantic -Wno-long-long -g -O2 -fno-strict-aliasing -Wno-frame-address -c cord/cordbscs.c  -fPIC -DPIC -o cord/.libs/libcord_la-cordbscs.o
boehm-gc> libtool: compile:  gcc -DHAVE_CONFIG_H -I./include -I./include -DGC_PTHREAD_START_STANDALONE -fexceptions -DGC_VISIBILITY_HIDDEN_SET -fvisibility=hidden -Wall -Wextra -Wpedantic -Wno-long-long -g -O2 -fno-strict-aliasing -Wno-frame-address -c cord/cordprnt.c  -fPIC -DPIC -o cord/.libs/libcord_la-cordprnt.o
boehm-gc> libtool: compile:  gcc -DHAVE_CONFIG_H -I./include -I./include -DGC_PTHREAD_START_STANDALONE -fexceptions -DGC_VISIBILITY_HIDDEN_SET -fvisibility=hidden -Wall -Wextra -Wpedantic -Wno-long-long -g -O2 -fno-strict-aliasing -Wno-frame-address -c extra/gc.c  -fPIC -DPIC -o extra/.libs/gc.o
editline>   CC       libeditline_la-complete.lo
editline>   CC       libeditline_la-sysunix.lo
editline>   CCLD     libeditline.la
editline> make[2]: Leaving directory '/build/source/src'
editline> Making all in include
editline> make[2]: Entering directory '/build/source/include'
editline> make[2]: Nothing to be done for 'all'.
editline> make[2]: Leaving directory '/build/source/include'
editline> Making all in man
editline> make[2]: Entering directory '/build/source/man'
editline> make[2]: Nothing to be done for 'all'.
editline> make[2]: Leaving directory '/build/source/man'
editline> make[2]: Entering directory '/build/source'
editline> make[2]: Leaving directory '/build/source'
editline> make[1]: Leaving directory '/build/source'
editline> Running phase: installPhase
editline> install flags: SHELL=/nix/store/f15k3dpilmiyv6zgpib289rnjykgr1r4-bash-5.3p9/bin/bash pkgconfigdir=/nix/store/dpi2bnxfgl3s1ypanlrbx60bbalhs26r-editline-1.17.1-unstable-2025-05-24-dev/lib/pkgconfig m4datadir=/nix/store/dpi2bnxfgl3s1ypanlrbx60bbalhs26r-editline-1.17.1-unstable-2025-05-24-dev/share/aclocal aclocaldir=/nix/store/dpi2bnxfgl3s1ypanlrbx60bbalhs26r-editline-1.17.1-unstable-2025-05-24-dev/share/aclocal install
editline> Making install in src
editline> make[1]: Entering directory '/build/source/src'
editline> make[2]: Entering directory '/build/source/src'
editline>  /nix/store/i2vmgx46q9hd3z6rigaiman3wl3i2gc4-coreutils-9.9/bin/mkdir -p '/nix/store/x1lf76i429v1dpfs7s8ppbnhqgmjs0ss-editline-1.17.1-unstable-2025-05-24/lib'
editline>  /nix/store/f15k3dpilmiyv6zgpib289rnjykgr1r4-bash-5.3p9/bin/bash ../libtool   --mode=install /nix/store/i2vmgx46q9hd3z6rigaiman3wl3i2gc4-coreutils-9.9/bin/install -c   libeditline.la '/nix/store/x1lf76i429v1dpfs7s8ppbnhqgmjs0ss-editline-1.17.1-unstable-2025-05-24/lib'
editline> libtool: install: /nix/store/i2vmgx46q9hd3z6rigaiman3wl3i2gc4-coreutils-9.9/bin/install -c .libs/libeditline.so.1.0.2 /nix/store/x1lf76i429v1dpfs7s8ppbnhqgmjs0ss-editline-1.17.1-unstable-2025-05-24/lib/libeditline.so.1.0.2
editline> libtool: install: (cd /nix/store/x1lf76i429v1dpfs7s8ppbnhqgmjs0ss-editline-1.17.1-unstable-2025-05-24/lib && { ln -s -f libeditline.so.1.0.2 libeditline.so.1 || { rm -f libeditline.so.1 && ln -s libeditline.so.1.0.2 libeditline.so.1; }; })
editline> libtool: install: (cd /nix/store/x1lf76i429v1dpfs7s8ppbnhqgmjs0ss-editline-1.17.1-unstable-2025-05-24/lib && { ln -s -f libeditline.so.1.0.2 libeditline.so || { rm -f libeditline.so && ln -s libeditline.so.1.0.2 libeditline.so; }; })
editline> libtool: install: /nix/store/i2vmgx46q9hd3z6rigaiman3wl3i2gc4-coreutils-9.9/bin/install -c .libs/libeditline.lai /nix/store/x1lf76i429v1dpfs7s8ppbnhqgmjs0ss-editline-1.17.1-unstable-2025-05-24/lib/libeditline.la
editline> libtool: finish: PATH="/nix/store/1jwy2sfvk9gndm57avk2ll16bl0rf3bp-autoconf-2.72/bin:/nix/store/y79jmv8xnw46x4vqdqpnyncwb4jqvcba-automake-1.18.1/bin:/nix/store/ykz6g9bnl3kka132wiw355rzk0bibdqn-gettext-0.25.1/bin:/nix/store/0wji2p1jcqx4a6y31grqqhzskljx70ps-libtool-2.5.4/bin:/nix/store/kachqlzpp4nkjjq4pf90r9abymkc18zq-gnum4-1.4.20/bin:/nix/store/6gdwlkcs88jq7lcqrqzb2lr3aav5vpha-file-5.45/bin:/nix/store/c2p7haf4zzkbrir9zs662r68c5dmylbq-patchelf-0.15.2/bin:/nix/store/a245z3cvf9x9sn0xlk6k8j9xhxbhda1z-gcc-wrapper-15.2.0/bin:/nix/store/mjf8jlq9grydcdvyw6hb063x5c34g5gf-gcc-15.2.0/bin:/nix/store/0bdqq2z98kg2hfn3k60if6pb5fd5p10h-glibc-2.42-47-bin/bin:/nix/store/i2vmgx46q9hd3z6rigaiman3wl3i2gc4-coreutils-9.9/bin:/nix/store/i6ppbrlpp6yki8qvka7nyv091xa8dchx-binutils-wrapper-2.44/bin:/nix/store/47mn80zqpygykqailwzw8zlag4cgl75q-binutils-2.44/bin:/nix/store/n7iyqawbhv90ikx7casy5sapwpqj870b-ncurses-6.6-dev/bin:/nix/store/z2903hglhpxv4hyczli0ncdf09wmma92-ncurses-6.6/bin:/nix/store/i2vmgx46q9hd3z6rigaiman3wl3i2gc4-coreutils-9.9/bin:/nix/store/16wfacfgap3chf7mcjnd8dwi85dj4qqi-findutils-4.10.0/bin:/nix/store/3p87h6dn5i87i3iq9364imzbqgwvkg2p-diffutils-3.12/bin:/nix/store/ryz8kcrm2bxpccllfqlb7qldsfnqp5c2-gnused-4.9/bin:/nix/store/02vv0r262agf9j5n2y1gmbjvdf12zkl0-gnugrep-3.12/bin:/nix/store/2xq9rayckw8zq26k274xxlikn77jn60j-gawk-5.3.2/bin:/nix/store/qyg62bc2xnpwz0fa9prqxvvk00zj4g9q-gnutar-1.35/bin:/nix/store/84yyzmxs7mb8nhkvcfv9n1l9irpb6mnq-gzip-1.14/bin:/nix/store/90yw24gqmwph4xjp4mqhpx1y1gcrvqla-bzip2-1.0.8-bin/bin:/nix/store/vbah5c4rzy1q1hbqhginyxjhj8d4dj8j-gnumake-4.4.1/bin:/nix/store/f15k3dpilmiyv6zgpib289rnjykgr1r4-bash-5.3p9/bin:/nix/store/wwij6563c6wbg4kzgjhng7vlhf7api19-patch-2.8/bin:/nix/store/zys6d102zp171wpwcs08g632886w2qxs-xz-5.8.2-bin/bin:/nix/store/nyy0bvgjwd98x7ih8pl6pr79qjljgsf7-file-5.45/bin:/sbin" ldconfig -n /nix/store/x1lf76i429v1dpfs7s8ppbnhqgmjs0ss-editline-1.17.1-unstable-2025-05-24/lib
editline> ----------------------------------------------------------------------
editline> Libraries have been installed in:
editline>    /nix/store/x1lf76i429v1dpfs7s8ppbnhqgmjs0ss-editline-1.17.1-unstable-2025-05-24/lib
editline> If you ever happen to want to link against installed libraries
editline> in a given directory, LIBDIR, you must either use libtool, and
editline> specify the full pathname of the library, or use the '-LLIBDIR'
editline> flag during linking and do at least one of the following:
editline>    - add LIBDIR to the 'LD_LIBRARY_PATH' environment variable
editline>      during execution
editline>    - add LIBDIR to the 'LD_RUN_PATH' environment variable
editline>      during linking
editline>    - use the '-Wl,-rpath -Wl,LIBDIR' linker flag
editline> See any operating system documentation about shared libraries for
editline> more information, such as the ld(1) and ld.so(8) manual pages.
editline> ----------------------------------------------------------------------
editline> make[2]: Nothing to be done for 'install-data-am'.
editline> make[2]: Leaving directory '/build/source/src'
editline> make[1]: Leaving directory '/build/source/src'
editline> Making install in include
editline> make[1]: Entering directory '/build/source/include'
editline> make[2]: Entering directory '/build/source/include'
editline> make[2]: Nothing to be done for 'install-exec-am'.
editline>  /nix/store/i2vmgx46q9hd3z6rigaiman3wl3i2gc4-coreutils-9.9/bin/mkdir -p '/nix/store/dpi2bnxfgl3s1ypanlrbx60bbalhs26r-editline-1.17.1-unstable-2025-05-24-dev/include'
editline>  /nix/store/i2vmgx46q9hd3z6rigaiman3wl3i2gc4-coreutils-9.9/bin/install -c -m 644 editline.h '/nix/store/dpi2bnxfgl3s1ypanlrbx60bbalhs26r-editline-1.17.1-unstable-2025-05-24-dev/include'
editline> make[2]: Leaving directory '/build/source/include'
editline> make[1]: Leaving directory '/build/source/include'
editline> Making install in man
editline> make[1]: Entering directory '/build/source/man'
editline> make[2]: Entering directory '/build/source/man'
editline> make[2]: Nothing to be done for 'install-exec-am'.
editline>  /nix/store/i2vmgx46q9hd3z6rigaiman3wl3i2gc4-coreutils-9.9/bin/mkdir -p '/nix/store/94h50fkwihsxqyaca7v3d6kl9npgm3yz-editline-1.17.1-unstable-2025-05-24-man/share/man/man3'
editline>  /nix/store/i2vmgx46q9hd3z6rigaiman3wl3i2gc4-coreutils-9.9/bin/install -c -m 644 editline.3 '/nix/store/94h50fkwihsxqyaca7v3d6kl9npgm3yz-editline-1.17.1-unstable-2025-05-24-man/share/man/man3'
editline> make[2]: Leaving directory '/build/source/man'
editline> make[1]: Leaving directory '/build/source/man'
editline> make[1]: Entering directory '/build/source'
editline> make[2]: Entering directory '/build/source'
editline> make[2]: Nothing to be done for 'install-exec-am'.
editline>  /nix/store/i2vmgx46q9hd3z6rigaiman3wl3i2gc4-coreutils-9.9/bin/mkdir -p '/nix/store/gcblywpv9k84cybcanphcnakxzpf19sc-editline-1.17.1-unstable-2025-05-24-doc/share/doc/editline'
editline>  /nix/store/i2vmgx46q9hd3z6rigaiman3wl3i2gc4-coreutils-9.9/bin/install -c -m 644 README.md LICENSE '/nix/store/gcblywpv9k84cybcanphcnakxzpf19sc-editline-1.17.1-unstable-2025-05-24-doc/share/doc/editline'
editline>  /nix/store/i2vmgx46q9hd3z6rigaiman3wl3i2gc4-coreutils-9.9/bin/mkdir -p '/nix/store/dpi2bnxfgl3s1ypanlrbx60bbalhs26r-editline-1.17.1-unstable-2025-05-24-dev/lib/pkgconfig'
editline>  /nix/store/i2vmgx46q9hd3z6rigaiman3wl3i2gc4-coreutils-9.9/bin/install -c -m 644 libeditline.pc '/nix/store/dpi2bnxfgl3s1ypanlrbx60bbalhs26r-editline-1.17.1-unstable-2025-05-24-dev/lib/pkgconfig'
editline> make[2]: Leaving directory '/build/source'
editline> make[1]: Leaving directory '/build/source'
editline> Running phase: fixupPhase
editline> Patching '/nix/store/dpi2bnxfgl3s1ypanlrbx60bbalhs26r-editline-1.17.1-unstable-2025-05-24-dev/lib/pkgconfig/libeditline.pc' includedir to output /nix/store/dpi2bnxfgl3s1ypanlrbx60bbalhs26r-editline-1.17.1-unstable-2025-05-24-dev
editline> shrinking RPATHs of ELF executables and libraries in /nix/store/x1lf76i429v1dpfs7s8ppbnhqgmjs0ss-editline-1.17.1-unstable-2025-05-24
editline> shrinking /nix/store/x1lf76i429v1dpfs7s8ppbnhqgmjs0ss-editline-1.17.1-unstable-2025-05-24/lib/libeditline.so.1.0.2
editline> checking for references to /build/ in /nix/store/x1lf76i429v1dpfs7s8ppbnhqgmjs0ss-editline-1.17.1-unstable-2025-05-24...
editline> patching script interpreter paths in /nix/store/x1lf76i429v1dpfs7s8ppbnhqgmjs0ss-editline-1.17.1-unstable-2025-05-24
editline> stripping (with command strip and flags -S -p) in  /nix/store/x1lf76i429v1dpfs7s8ppbnhqgmjs0ss-editline-1.17.1-unstable-2025-05-24/lib
editline> shrinking RPATHs of ELF executables and libraries in /nix/store/dpi2bnxfgl3s1ypanlrbx60bbalhs26r-editline-1.17.1-unstable-2025-05-24-dev
editline> checking for references to /build/ in /nix/store/dpi2bnxfgl3s1ypanlrbx60bbalhs26r-editline-1.17.1-unstable-2025-05-24-dev...
editline> patching script interpreter paths in /nix/store/dpi2bnxfgl3s1ypanlrbx60bbalhs26r-editline-1.17.1-unstable-2025-05-24-dev
editline> stripping (with command strip and flags -S -p) in  /nix/store/dpi2bnxfgl3s1ypanlrbx60bbalhs26r-editline-1.17.1-unstable-2025-05-24-dev/lib
editline> shrinking RPATHs of ELF executables and libraries in /nix/store/94h50fkwihsxqyaca7v3d6kl9npgm3yz-editline-1.17.1-unstable-2025-05-24-man
editline> checking for references to /build/ in /nix/store/94h50fkwihsxqyaca7v3d6kl9npgm3yz-editline-1.17.1-unstable-2025-05-24-man...
editline> gzipping man pages under /nix/store/94h50fkwihsxqyaca7v3d6kl9npgm3yz-editline-1.17.1-unstable-2025-05-24-man/share/man/
editline> patching script interpreter paths in /nix/store/94h50fkwihsxqyaca7v3d6kl9npgm3yz-editline-1.17.1-unstable-2025-05-24-man
editline> shrinking RPATHs of ELF executables and libraries in /nix/store/gcblywpv9k84cybcanphcnakxzpf19sc-editline-1.17.1-unstable-2025-05-24-doc
editline> checking for references to /build/ in /nix/store/gcblywpv9k84cybcanphcnakxzpf19sc-editline-1.17.1-unstable-2025-05-24-doc...
editline> patching script interpreter paths in /nix/store/gcblywpv9k84cybcanphcnakxzpf19sc-editline-1.17.1-unstable-2025-05-24-doc
boehm-gc> /nix/store/f15k3dpilmiyv6zgpib289rnjykgr1r4-bash-5.3p9/bin/bash ./libtool  --tag=CC   --mode=link gcc   -fexceptions -DGC_VISIBILITY_HIDDEN_SET -fvisibility=hidden -Wall -Wextra -Wpedantic -Wno-long-long -g -O2 -fno-strict-aliasing -Wno-frame-address   -version-info 6:4:5 -no-undefined  -o libgc.la -rpath /nix/store/2cq74k7s6n6rycil5gb5w5y701va6b37-boehm-gc-8.2.8/lib extra/gc.lo pthread_start.lo           -lpthread -ldl
boehm-gc> libtool: link: gcc -shared  -fPIC -DPIC  extra/.libs/gc.o .libs/pthread_start.o   -lpthread -ldl  -g -O2   -Wl,-soname -Wl,libgc.so.1 -o .libs/libgc.so.1.5.4
boehm-gc> libtool: link: (cd ".libs" && rm -f "libgc.so.1" && ln -s "libgc.so.1.5.4" "libgc.so.1")
boehm-gc> libtool: link: (cd ".libs" && rm -f "libgc.so" && ln -s "libgc.so.1.5.4" "libgc.so")
boehm-gc> libtool: link: ( cd ".libs" && rm -f "libgc.la" && ln -s "../libgc.la" "libgc.la" )
boehm-gc> /nix/store/f15k3dpilmiyv6zgpib289rnjykgr1r4-bash-5.3p9/bin/bash ./libtool  --tag=CXX   --mode=link g++ -fexceptions -Wall -Wextra -Wpedantic -Wno-long-long -g -O2  -version-info 6:0:5 -no-undefined  -o libgccpp.la -rpath /nix/store/2cq74k7s6n6rycil5gb5w5y701va6b37-boehm-gc-8.2.8/lib gc_badalc.lo gc_cpp.lo libgc.la
boehm-gc> /nix/store/f15k3dpilmiyv6zgpib289rnjykgr1r4-bash-5.3p9/bin/bash ./libtool  --tag=CXX   --mode=link g++ -fexceptions -Wall -Wextra -Wpedantic -Wno-long-long -g -O2  -version-info 6:0:5 -no-undefined  -o libgctba.la -rpath /nix/store/2cq74k7s6n6rycil5gb5w5y701va6b37-boehm-gc-8.2.8/lib gc_badalc.lo libgc.la
boehm-gc> /nix/store/f15k3dpilmiyv6zgpib289rnjykgr1r4-bash-5.3p9/bin/bash ./libtool  --tag=CC   --mode=link gcc   -fexceptions -DGC_VISIBILITY_HIDDEN_SET -fvisibility=hidden -Wall -Wextra -Wpedantic -Wno-long-long -g -O2 -fno-strict-aliasing -Wno-frame-address  -version-info 6:1:5 -no-undefined  -o libcord.la -rpath /nix/store/2cq74k7s6n6rycil5gb5w5y701va6b37-boehm-gc-8.2.8/lib cord/libcord_la-cordbscs.lo cord/libcord_la-cordprnt.lo cord/libcord_la-cordxtra.lo libgc.la
boehm-gc> libtool: link: gcc -shared  -fPIC -DPIC  cord/.libs/libcord_la-cordbscs.o cord/.libs/libcord_la-cordprnt.o cord/.libs/libcord_la-cordxtra.o   -Wl,-rpath -Wl,/build/source/.libs -Wl,-rpath -Wl,/nix/store/2cq74k7s6n6rycil5gb5w5y701va6b37-boehm-gc-8.2.8/lib ./.libs/libgc.so -lpthread -ldl  -g -O2   -Wl,-soname -Wl,libcord.so.1 -o .libs/libcord.so.1.5.1
boehm-gc> libtool: link: g++  -fPIC -DPIC -shared -nostdlib /nix/store/wb6rhpznjfczwlwx23zmdrrw74bayxw4-glibc-2.42-47/lib/crti.o /nix/store/mjf8jlq9grydcdvyw6hb063x5c34g5gf-gcc-15.2.0/lib/gcc/x86_64-unknown-linux-gnu/15.2.0/crtbeginS.o  .libs/gc_badalc.o   -Wl,-rpath -Wl,/build/source/.libs -Wl,-rpath -Wl,/nix/store/2cq74k7s6n6rycil5gb5w5y701va6b37-boehm-gc-8.2.8/lib ./.libs/libgc.so -lpthread -ldl -L/nix/store/ykz6g9bnl3kka132wiw355rzk0bibdqn-gettext-0.25.1/lib -L/nix/store/6gdwlkcs88jq7lcqrqzb2lr3aav5vpha-file-5.45/lib -L/nix/store/qi8iv9hawjpnjm2fdpa79lpbqiz6y82x-libtool-2.5.4-lib/lib -L/nix/store/wb6rhpznjfczwlwx23zmdrrw74bayxw4-glibc-2.42-47/lib -L/nix/store/mjf8jlq9grydcdvyw6hb063x5c34g5gf-gcc-15.2.0/lib/gcc/x86_64-unknown-linux-gnu/15.2.0 -L/nix/store/j2kgllgds4w7na8zqv1msi0mpvpjxda8-gcc-15.2.0-lib/lib -L/nix/store/mjf8jlq9grydcdvyw6hb063x5c34g5gf-gcc-15.2.0/lib/gcc/x86_64-unknown-linux-gnu/15.2.0/../../.. -lstdc++ -lm -lc -lgcc_s /nix/store/mjf8jlq9grydcdvyw6hb063x5c34g5gf-gcc-15.2.0/lib/gcc/x86_64-unknown-linux-gnu/15.2.0/crtendS.o /nix/store/wb6rhpznjfczwlwx23zmdrrw74bayxw4-glibc-2.42-47/lib/crtn.o  -g -O2   -Wl,-soname -Wl,libgctba.so.1 -o .libs/libgctba.so.1.5.0
boehm-gc> libtool: link: g++  -fPIC -DPIC -shared -nostdlib /nix/store/wb6rhpznjfczwlwx23zmdrrw74bayxw4-glibc-2.42-47/lib/crti.o /nix/store/mjf8jlq9grydcdvyw6hb063x5c34g5gf-gcc-15.2.0/lib/gcc/x86_64-unknown-linux-gnu/15.2.0/crtbeginS.o  .libs/gc_badalc.o .libs/gc_cpp.o   -Wl,-rpath -Wl,/build/source/.libs -Wl,-rpath -Wl,/nix/store/2cq74k7s6n6rycil5gb5w5y701va6b37-boehm-gc-8.2.8/lib ./.libs/libgc.so -lpthread -ldl -L/nix/store/ykz6g9bnl3kka132wiw355rzk0bibdqn-gettext-0.25.1/lib -L/nix/store/6gdwlkcs88jq7lcqrqzb2lr3aav5vpha-file-5.45/lib -L/nix/store/qi8iv9hawjpnjm2fdpa79lpbqiz6y82x-libtool-2.5.4-lib/lib -L/nix/store/wb6rhpznjfczwlwx23zmdrrw74bayxw4-glibc-2.42-47/lib -L/nix/store/mjf8jlq9grydcdvyw6hb063x5c34g5gf-gcc-15.2.0/lib/gcc/x86_64-unknown-linux-gnu/15.2.0 -L/nix/store/j2kgllgds4w7na8zqv1msi0mpvpjxda8-gcc-15.2.0-lib/lib -L/nix/store/mjf8jlq9grydcdvyw6hb063x5c34g5gf-gcc-15.2.0/lib/gcc/x86_64-unknown-linux-gnu/15.2.0/../../.. -lstdc++ -lm -lc -lgcc_s /nix/store/mjf8jlq9grydcdvyw6hb063x5c34g5gf-gcc-15.2.0/lib/gcc/x86_64-unknown-linux-gnu/15.2.0/crtendS.o /nix/store/wb6rhpznjfczwlwx23zmdrrw74bayxw4-glibc-2.42-47/lib/crtn.o  -g -O2   -Wl,-soname -Wl,libgccpp.so.1 -o .libs/libgccpp.so.1.5.0
boehm-gc> libtool: link: (cd ".libs" && rm -f "libcord.so.1" && ln -s "libcord.so.1.5.1" "libcord.so.1")
boehm-gc> libtool: link: (cd ".libs" && rm -f "libcord.so" && ln -s "libcord.so.1.5.1" "libcord.so")
boehm-gc> libtool: link: ( cd ".libs" && rm -f "libcord.la" && ln -s "../libcord.la" "libcord.la" )
boehm-gc> libtool: link: (cd ".libs" && rm -f "libgctba.so.1" && ln -s "libgctba.so.1.5.0" "libgctba.so.1")
boehm-gc> libtool: link: (cd ".libs" && rm -f "libgccpp.so.1" && ln -s "libgccpp.so.1.5.0" "libgccpp.so.1")
boehm-gc> libtool: link: (cd ".libs" && rm -f "libgctba.so" && ln -s "libgctba.so.1.5.0" "libgctba.so")
boehm-gc> libtool: link: (cd ".libs" && rm -f "libgccpp.so" && ln -s "libgccpp.so.1.5.0" "libgccpp.so")
boehm-gc> libtool: link: ( cd ".libs" && rm -f "libgctba.la" && ln -s "../libgctba.la" "libgctba.la" )
boehm-gc> libtool: link: ( cd ".libs" && rm -f "libgccpp.la" && ln -s "../libgccpp.la" "libgccpp.la" )
boehm-gc> make[1]: Leaving directory '/build/source'
boehm-gc> Running phase: checkPhase
boehm-gc> check flags: -j8 SHELL=/nix/store/f15k3dpilmiyv6zgpib289rnjykgr1r4-bash-5.3p9/bin/bash VERBOSE=y check
boehm-gc> make[1]: Entering directory '/build/source'
boehm-gc> make  cordtest gctest  leaktest middletest smashtest hugetest realloc_test staticrootstest  test_atomic_ops threadleaktest threadkey_test subthreadcreate_test initsecondarythread_test test_cpp disclaim_test disclaim_bench disclaim_weakmap_test libstaticrootslib_test.la libstaticrootslib2_test.la
boehm-gc> make[2]: Entering directory '/build/source'
boehm-gc> gcc -DHAVE_CONFIG_H   -I./include -I./include  -DGC_PTHREAD_START_STANDALONE    -fexceptions -DGC_VISIBILITY_HIDDEN_SET -fvisibility=hidden -Wall -Wextra -Wpedantic -Wno-long-long -g -O2 -fno-strict-aliasing -Wno-frame-address  -c -o cord/tests/cordtest.o cord/tests/cordtest.c
boehm-gc> gcc -DHAVE_CONFIG_H   -I./include -I./include  -DGC_PTHREAD_START_STANDALONE    -fexceptions -DGC_VISIBILITY_HIDDEN_SET -fvisibility=hidden -Wall -Wextra -Wpedantic -Wno-long-long -g -O2 -fno-strict-aliasing -Wno-frame-address  -c -o tests/test.o tests/test.c
boehm-gc> gcc -DHAVE_CONFIG_H   -I./include -I./include  -DGC_PTHREAD_START_STANDALONE    -fexceptions -DGC_VISIBILITY_HIDDEN_SET -fvisibility=hidden -Wall -Wextra -Wpedantic -Wno-long-long -g -O2 -fno-strict-aliasing -Wno-frame-address  -c -o tests/leak_test.o tests/leak_test.c
boehm-gc> gcc -DHAVE_CONFIG_H   -I./include -I./include  -DGC_PTHREAD_START_STANDALONE    -fexceptions -DGC_VISIBILITY_HIDDEN_SET -fvisibility=hidden -Wall -Wextra -Wpedantic -Wno-long-long -g -O2 -fno-strict-aliasing -Wno-frame-address  -c -o tests/middle.o tests/middle.c
boehm-gc> gcc -DHAVE_CONFIG_H   -I./include -I./include  -DGC_PTHREAD_START_STANDALONE    -fexceptions -DGC_VISIBILITY_HIDDEN_SET -fvisibility=hidden -Wall -Wextra -Wpedantic -Wno-long-long -g -O2 -fno-strict-aliasing -Wno-frame-address  -c -o tests/smash_test.o tests/smash_test.c
boehm-gc> gcc -DHAVE_CONFIG_H   -I./include -I./include  -DGC_PTHREAD_START_STANDALONE    -fexceptions -DGC_VISIBILITY_HIDDEN_SET -fvisibility=hidden -Wall -Wextra -Wpedantic -Wno-long-long -g -O2 -fno-strict-aliasing -Wno-frame-address  -c -o tests/huge_test.o tests/huge_test.c
boehm-gc> gcc -DHAVE_CONFIG_H   -I./include -I./include  -DGC_PTHREAD_START_STANDALONE    -fexceptions -DGC_VISIBILITY_HIDDEN_SET -fvisibility=hidden -Wall -Wextra -Wpedantic -Wno-long-long -g -O2 -fno-strict-aliasing -Wno-frame-address  -c -o tests/realloc_test.o tests/realloc_test.c
boehm-gc> gcc -DHAVE_CONFIG_H   -I./include -I./include  -DGC_PTHREAD_START_STANDALONE  -DSTATICROOTSLIB2 -DGC_VISIBILITY_HIDDEN_SET -fvisibility=hidden -Wall -Wextra -Wpedantic -Wno-long-long -g -O2 -fno-strict-aliasing -Wno-frame-address  -c -o tests/staticrootstest-staticrootstest.o `test -f 'tests/staticrootstest.c' || echo './'`tests/staticrootstest.c
boehm-gc> /nix/store/f15k3dpilmiyv6zgpib289rnjykgr1r4-bash-5.3p9/bin/bash ./libtool  --tag=CC   --mode=compile gcc -DHAVE_CONFIG_H   -I./include -I./include  -DGC_PTHREAD_START_STANDALONE    -fexceptions -DGC_VISIBILITY_HIDDEN_SET -fvisibility=hidden -Wall -Wextra -Wpedantic -Wno-long-long -g -O2 -fno-strict-aliasing -Wno-frame-address  -c -o tests/staticrootslib.lo tests/staticrootslib.c
boehm-gc> /nix/store/f15k3dpilmiyv6zgpib289rnjykgr1r4-bash-5.3p9/bin/bash ./libtool  --tag=CC   --mode=compile gcc -DHAVE_CONFIG_H   -I./include -I./include  -DGC_PTHREAD_START_STANDALONE  -DSTATICROOTSLIB2 -DGC_VISIBILITY_HIDDEN_SET -fvisibility=hidden -Wall -Wextra -Wpedantic -Wno-long-long -g -O2 -fno-strict-aliasing -Wno-frame-address  -c -o tests/libstaticrootslib2_test_la-staticrootslib.lo `test -f 'tests/staticrootslib.c' || echo './'`tests/staticrootslib.c
boehm-gc> gcc -DHAVE_CONFIG_H   -I./include -I./include  -DGC_PTHREAD_START_STANDALONE    -fexceptions -DGC_VISIBILITY_HIDDEN_SET -fvisibility=hidden -Wall -Wextra -Wpedantic -Wno-long-long -g -O2 -fno-strict-aliasing -Wno-frame-address  -c -o tests/test_atomic_ops.o tests/test_atomic_ops.c
boehm-gc> gcc -DHAVE_CONFIG_H   -I./include -I./include  -DGC_PTHREAD_START_STANDALONE    -fexceptions -DGC_VISIBILITY_HIDDEN_SET -fvisibility=hidden -Wall -Wextra -Wpedantic -Wno-long-long -g -O2 -fno-strict-aliasing -Wno-frame-address  -c -o tests/thread_leak_test.o tests/thread_leak_test.c
boehm-gc> gcc -DHAVE_CONFIG_H   -I./include -I./include  -DGC_PTHREAD_START_STANDALONE    -fexceptions -DGC_VISIBILITY_HIDDEN_SET -fvisibility=hidden -Wall -Wextra -Wpedantic -Wno-long-long -g -O2 -fno-strict-aliasing -Wno-frame-address  -c -o tests/threadkey_test.o tests/threadkey_test.c
boehm-gc> gcc -DHAVE_CONFIG_H   -I./include -I./include  -DGC_PTHREAD_START_STANDALONE    -fexceptions -DGC_VISIBILITY_HIDDEN_SET -fvisibility=hidden -Wall -Wextra -Wpedantic -Wno-long-long -g -O2 -fno-strict-aliasing -Wno-frame-address  -c -o tests/subthread_create.o tests/subthread_create.c
boehm-gc> tests/test.c: In function 'run_one_test':
boehm-gc> tests/test.c:1416:11: warning: allocation of insufficient size '0' for type 'char' with size '1' [-Walloc-size]
boehm-gc>  1416 |       x = (char*)GC_malloc(0);
boehm-gc>       |           ^
boehm-gc> tests/test.c:1424:11: warning: allocation of insufficient size '0' for type 'char' with size '1' [-Walloc-size]
boehm-gc>  1424 |       x = (char*)GC_malloc_uncollectable(0);
boehm-gc>       |           ^
boehm-gc> libtool: compile:  gcc -DHAVE_CONFIG_H -I./include -I./include -DGC_PTHREAD_START_STANDALONE -fexceptions -DGC_VISIBILITY_HIDDEN_SET -fvisibility=hidden -Wall -Wextra -Wpedantic -Wno-long-long -g -O2 -fno-strict-aliasing -Wno-frame-address -c tests/staticrootslib.c  -fPIC -DPIC -o tests/.libs/staticrootslib.o
boehm-gc> libtool: compile:  gcc -DHAVE_CONFIG_H -I./include -I./include -DGC_PTHREAD_START_STANDALONE -DSTATICROOTSLIB2 -DGC_VISIBILITY_HIDDEN_SET -fvisibility=hidden -Wall -Wextra -Wpedantic -Wno-long-long -g -O2 -fno-strict-aliasing -Wno-frame-address -c tests/staticrootslib.c  -fPIC -DPIC -o tests/.libs/libstaticrootslib2_test_la-staticrootslib.o
boehm-gc> gcc -DHAVE_CONFIG_H   -I./include -I./include  -DGC_PTHREAD_START_STANDALONE    -fexceptions -DGC_VISIBILITY_HIDDEN_SET -fvisibility=hidden -Wall -Wextra -Wpedantic -Wno-long-long -g -O2 -fno-strict-aliasing -Wno-frame-address  -c -o tests/initsecondarythread.o tests/initsecondarythread.c
boehm-gc> g++ -DHAVE_CONFIG_H   -I./include -I./include  -DGC_PTHREAD_START_STANDALONE  -fexceptions -Wall -Wextra -Wpedantic -Wno-long-long -g -O2  -c -o tests/test_cpp.o tests/test_cpp.cc
boehm-gc> gcc -DHAVE_CONFIG_H   -I./include -I./include  -DGC_PTHREAD_START_STANDALONE    -fexceptions -DGC_VISIBILITY_HIDDEN_SET -fvisibility=hidden -Wall -Wextra -Wpedantic -Wno-long-long -g -O2 -fno-strict-aliasing -Wno-frame-address  -c -o tests/disclaim_test.o tests/disclaim_test.c
boehm-gc> gcc -DHAVE_CONFIG_H   -I./include -I./include  -DGC_PTHREAD_START_STANDALONE    -fexceptions -DGC_VISIBILITY_HIDDEN_SET -fvisibility=hidden -Wall -Wextra -Wpedantic -Wno-long-long -g -O2 -fno-strict-aliasing -Wno-frame-address  -c -o tests/disclaim_bench.o tests/disclaim_bench.c
boehm-gc> gcc -DHAVE_CONFIG_H   -I./include -I./include  -DGC_PTHREAD_START_STANDALONE    -fexceptions -DGC_VISIBILITY_HIDDEN_SET -fvisibility=hidden -Wall -Wextra -Wpedantic -Wno-long-long -g -O2 -fno-strict-aliasing -Wno-frame-address  -c -o tests/disclaim_weakmap_test.o tests/disclaim_weakmap_test.c
boehm-gc> /nix/store/f15k3dpilmiyv6zgpib289rnjykgr1r4-bash-5.3p9/bin/bash ./libtool  --tag=CC   --mode=link gcc   -fexceptions -DGC_VISIBILITY_HIDDEN_SET -fvisibility=hidden -Wall -Wextra -Wpedantic -Wno-long-long -g -O2 -fno-strict-aliasing -Wno-frame-address    -o leaktest tests/leak_test.o  ./libgc.la
boehm-gc> /nix/store/f15k3dpilmiyv6zgpib289rnjykgr1r4-bash-5.3p9/bin/bash ./libtool  --tag=CC   --mode=link gcc   -fexceptions -DGC_VISIBILITY_HIDDEN_SET -fvisibility=hidden -Wall -Wextra -Wpedantic -Wno-long-long -g -O2 -fno-strict-aliasing -Wno-frame-address    -o middletest tests/middle.o  ./libgc.la
boehm-gc> libtool: link: gcc -fexceptions -DGC_VISIBILITY_HIDDEN_SET -fvisibility=hidden -Wall -Wextra -Wpedantic -Wno-long-long -g -O2 -fno-strict-aliasing -Wno-frame-address -o .libs/leaktest tests/leak_test.o  ./.libs/libgc.so -lpthread -ldl -Wl,-rpath -Wl,/nix/store/2cq74k7s6n6rycil5gb5w5y701va6b37-boehm-gc-8.2.8/lib
boehm-gc> /nix/store/f15k3dpilmiyv6zgpib289rnjykgr1r4-bash-5.3p9/bin/bash ./libtool  --tag=CC   --mode=link gcc   -fexceptions -DGC_VISIBILITY_HIDDEN_SET -fvisibility=hidden -Wall -Wextra -Wpedantic -Wno-long-long -g -O2 -fno-strict-aliasing -Wno-frame-address    -o smashtest tests/smash_test.o  ./libgc.la
boehm-gc> libtool: link: gcc -fexceptions -DGC_VISIBILITY_HIDDEN_SET -fvisibility=hidden -Wall -Wextra -Wpedantic -Wno-long-long -g -O2 -fno-strict-aliasing -Wno-frame-address -o .libs/smashtest tests/smash_test.o  ./.libs/libgc.so -lpthread -ldl -Wl,-rpath -Wl,/nix/store/2cq74k7s6n6rycil5gb5w5y701va6b37-boehm-gc-8.2.8/lib
boehm-gc> /nix/store/f15k3dpilmiyv6zgpib289rnjykgr1r4-bash-5.3p9/bin/bash ./libtool  --tag=CC   --mode=link gcc   -fexceptions -DGC_VISIBILITY_HIDDEN_SET -fvisibility=hidden -Wall -Wextra -Wpedantic -Wno-long-long -g -O2 -fno-strict-aliasing -Wno-frame-address    -o hugetest tests/huge_test.o  ./libgc.la
boehm-gc> libtool: link: gcc -fexceptions -DGC_VISIBILITY_HIDDEN_SET -fvisibility=hidden -Wall -Wextra -Wpedantic -Wno-long-long -g -O2 -fno-strict-aliasing -Wno-frame-address -o .libs/middletest tests/middle.o  ./.libs/libgc.so -lpthread -ldl -Wl,-rpath -Wl,/nix/store/2cq74k7s6n6rycil5gb5w5y701va6b37-boehm-gc-8.2.8/lib
boehm-gc> /nix/store/f15k3dpilmiyv6zgpib289rnjykgr1r4-bash-5.3p9/bin/bash ./libtool  --tag=CC   --mode=link gcc   -fexceptions -DGC_VISIBILITY_HIDDEN_SET -fvisibility=hidden -Wall -Wextra -Wpedantic -Wno-long-long -g -O2 -fno-strict-aliasing -Wno-frame-address    -o realloc_test tests/realloc_test.o  ./libgc.la
boehm-gc> libtool: link: gcc -fexceptions -DGC_VISIBILITY_HIDDEN_SET -fvisibility=hidden -Wall -Wextra -Wpedantic -Wno-long-long -g -O2 -fno-strict-aliasing -Wno-frame-address -o .libs/hugetest tests/huge_test.o  ./.libs/libgc.so -lpthread -ldl -Wl,-rpath -Wl,/nix/store/2cq74k7s6n6rycil5gb5w5y701va6b37-boehm-gc-8.2.8/lib
boehm-gc> /nix/store/f15k3dpilmiyv6zgpib289rnjykgr1r4-bash-5.3p9/bin/bash ./libtool  --tag=CC   --mode=link gcc   -fexceptions -DGC_VISIBILITY_HIDDEN_SET -fvisibility=hidden -Wall -Wextra -Wpedantic -Wno-long-long -g -O2 -fno-strict-aliasing -Wno-frame-address  -no-undefined -rpath /nowhere  -o libstaticrootslib_test.la  tests/staticrootslib.lo  ./libgc.la
boehm-gc> /nix/store/f15k3dpilmiyv6zgpib289rnjykgr1r4-bash-5.3p9/bin/bash ./libtool  --tag=CC   --mode=link gcc -DSTATICROOTSLIB2 -DGC_VISIBILITY_HIDDEN_SET -fvisibility=hidden -Wall -Wextra -Wpedantic -Wno-long-long -g -O2 -fno-strict-aliasing -Wno-frame-address  -no-undefined -rpath /nowhere  -o libstaticrootslib2_test.la  tests/libstaticrootslib2_test_la-staticrootslib.lo  ./libgc.la
boehm-gc> /nix/store/f15k3dpilmiyv6zgpib289rnjykgr1r4-bash-5.3p9/bin/bash ./libtool  --tag=CC   --mode=link gcc   -fexceptions -DGC_VISIBILITY_HIDDEN_SET -fvisibility=hidden -Wall -Wextra -Wpedantic -Wno-long-long -g -O2 -fno-strict-aliasing -Wno-frame-address    -o test_atomic_ops tests/test_atomic_ops.o  ./libgc.la  -lpthread -ldl
boehm-gc> libtool: link: gcc -fexceptions -DGC_VISIBILITY_HIDDEN_SET -fvisibility=hidden -Wall -Wextra -Wpedantic -Wno-long-long -g -O2 -fno-strict-aliasing -Wno-frame-address -o .libs/realloc_test tests/realloc_test.o  ./.libs/libgc.so -lpthread -ldl -Wl,-rpath -Wl,/nix/store/2cq74k7s6n6rycil5gb5w5y701va6b37-boehm-gc-8.2.8/lib
boehm-gc> libtool: link: gcc -shared  -fPIC -DPIC  tests/.libs/libstaticrootslib2_test_la-staticrootslib.o   -Wl,-rpath -Wl,/build/source/.libs -Wl,-rpath -Wl,/nix/store/2cq74k7s6n6rycil5gb5w5y701va6b37-boehm-gc-8.2.8/lib ./.libs/libgc.so -lpthread -ldl  -g -O2   -Wl,-soname -Wl,libstaticrootslib2_test.so.0 -o .libs/libstaticrootslib2_test.so.0.0.0
boehm-gc> libtool: link: gcc -shared  -fPIC -DPIC  tests/.libs/staticrootslib.o   -Wl,-rpath -Wl,/build/source/.libs -Wl,-rpath -Wl,/nix/store/2cq74k7s6n6rycil5gb5w5y701va6b37-boehm-gc-8.2.8/lib ./.libs/libgc.so -lpthread -ldl  -g -O2   -Wl,-soname -Wl,libstaticrootslib_test.so.0 -o .libs/libstaticrootslib_test.so.0.0.0
boehm-gc> /nix/store/f15k3dpilmiyv6zgpib289rnjykgr1r4-bash-5.3p9/bin/bash ./libtool  --tag=CC   --mode=link gcc   -fexceptions -DGC_VISIBILITY_HIDDEN_SET -fvisibility=hidden -Wall -Wextra -Wpedantic -Wno-long-long -g -O2 -fno-strict-aliasing -Wno-frame-address    -o threadleaktest tests/thread_leak_test.o  ./libgc.la  -lpthread -ldl
boehm-gc> libtool: link: gcc -fexceptions -DGC_VISIBILITY_HIDDEN_SET -fvisibility=hidden -Wall -Wextra -Wpedantic -Wno-long-long -g -O2 -fno-strict-aliasing -Wno-frame-address -o .libs/test_atomic_ops tests/test_atomic_ops.o  ./.libs/libgc.so -lpthread -ldl -Wl,-rpath -Wl,/nix/store/2cq74k7s6n6rycil5gb5w5y701va6b37-boehm-gc-8.2.8/lib
boehm-gc> /nix/store/f15k3dpilmiyv6zgpib289rnjykgr1r4-bash-5.3p9/bin/bash ./libtool  --tag=CC   --mode=link gcc   -fexceptions -DGC_VISIBILITY_HIDDEN_SET -fvisibility=hidden -Wall -Wextra -Wpedantic -Wno-long-long -g -O2 -fno-strict-aliasing -Wno-frame-address    -o threadkey_test tests/threadkey_test.o  ./libgc.la  -lpthread -ldl
boehm-gc> /nix/store/f15k3dpilmiyv6zgpib289rnjykgr1r4-bash-5.3p9/bin/bash ./libtool  --tag=CC   --mode=link gcc   -fexceptions -DGC_VISIBILITY_HIDDEN_SET -fvisibility=hidden -Wall -Wextra -Wpedantic -Wno-long-long -g -O2 -fno-strict-aliasing -Wno-frame-address    -o subthreadcreate_test tests/subthread_create.o  ./libgc.la  -lpthread -ldl
boehm-gc> libtool: link: (cd ".libs" && rm -f "libstaticrootslib2_test.so.0" && ln -s "libstaticrootslib2_test.so.0.0.0" "libstaticrootslib2_test.so.0")
boehm-gc> libtool: link: (cd ".libs" && rm -f "libstaticrootslib2_test.so" && ln -s "libstaticrootslib2_test.so.0.0.0" "libstaticrootslib2_test.so")
boehm-gc> libtool: link: (cd ".libs" && rm -f "libstaticrootslib_test.so.0" && ln -s "libstaticrootslib_test.so.0.0.0" "libstaticrootslib_test.so.0")
boehm-gc> libtool: link: gcc -fexceptions -DGC_VISIBILITY_HIDDEN_SET -fvisibility=hidden -Wall -Wextra -Wpedantic -Wno-long-long -g -O2 -fno-strict-aliasing -Wno-frame-address -o .libs/threadleaktest tests/thread_leak_test.o  ./.libs/libgc.so -lpthread -ldl -Wl,-rpath -Wl,/nix/store/2cq74k7s6n6rycil5gb5w5y701va6b37-boehm-gc-8.2.8/lib
boehm-gc> libtool: link: (cd ".libs" && rm -f "libstaticrootslib_test.so" && ln -s "libstaticrootslib_test.so.0.0.0" "libstaticrootslib_test.so")
boehm-gc> libtool: link: ( cd ".libs" && rm -f "libstaticrootslib2_test.la" && ln -s "../libstaticrootslib2_test.la" "libstaticrootslib2_test.la" )
boehm-gc> libtool: link: ( cd ".libs" && rm -f "libstaticrootslib_test.la" && ln -s "../libstaticrootslib_test.la" "libstaticrootslib_test.la" )
boehm-gc> /nix/store/f15k3dpilmiyv6zgpib289rnjykgr1r4-bash-5.3p9/bin/bash ./libtool  --tag=CC   --mode=link gcc   -fexceptions -DGC_VISIBILITY_HIDDEN_SET -fvisibility=hidden -Wall -Wextra -Wpedantic -Wno-long-long -g -O2 -fno-strict-aliasing -Wno-frame-address    -o initsecondarythread_test tests/initsecondarythread.o  ./libgc.la  -lpthread -ldl
boehm-gc> libtool: link: gcc -fexceptions -DGC_VISIBILITY_HIDDEN_SET -fvisibility=hidden -Wall -Wextra -Wpedantic -Wno-long-long -g -O2 -fno-strict-aliasing -Wno-frame-address -o .libs/threadkey_test tests/threadkey_test.o  ./.libs/libgc.so -lpthread -ldl -Wl,-rpath -Wl,/nix/store/2cq74k7s6n6rycil5gb5w5y701va6b37-boehm-gc-8.2.8/lib
boehm-gc> /nix/store/f15k3dpilmiyv6zgpib289rnjykgr1r4-bash-5.3p9/bin/bash ./libtool  --tag=CC   --mode=link gcc   -fexceptions -DGC_VISIBILITY_HIDDEN_SET -fvisibility=hidden -Wall -Wextra -Wpedantic -Wno-long-long -g -O2 -fno-strict-aliasing -Wno-frame-address    -o disclaim_test tests/disclaim_test.o  ./libgc.la  -lpthread -ldl
boehm-gc> /nix/store/f15k3dpilmiyv6zgpib289rnjykgr1r4-bash-5.3p9/bin/bash ./libtool  --tag=CC   --mode=link gcc   -fexceptions -DGC_VISIBILITY_HIDDEN_SET -fvisibility=hidden -Wall -Wextra -Wpedantic -Wno-long-long -g -O2 -fno-strict-aliasing -Wno-frame-address    -o disclaim_bench tests/disclaim_bench.o  ./libgc.la
boehm-gc> libtool: link: gcc -fexceptions -DGC_VISIBILITY_HIDDEN_SET -fvisibility=hidden -Wall -Wextra -Wpedantic -Wno-long-long -g -O2 -fno-strict-aliasing -Wno-frame-address -o .libs/subthreadcreate_test tests/subthread_create.o  ./.libs/libgc.so -lpthread -ldl -Wl,-rpath -Wl,/nix/store/2cq74k7s6n6rycil5gb5w5y701va6b37-boehm-gc-8.2.8/lib
boehm-gc> make[2]: 'libstaticrootslib_test.la' is up to date.
boehm-gc> make[2]: 'libstaticrootslib2_test.la' is up to date.
boehm-gc> /nix/store/f15k3dpilmiyv6zgpib289rnjykgr1r4-bash-5.3p9/bin/bash ./libtool  --tag=CC   --mode=link gcc   -fexceptions -DGC_VISIBILITY_HIDDEN_SET -fvisibility=hidden -Wall -Wextra -Wpedantic -Wno-long-long -g -O2 -fno-strict-aliasing -Wno-frame-address    -o disclaim_weakmap_test tests/disclaim_weakmap_test.o  ./libgc.la  -lpthread -ldl
boehm-gc> /nix/store/f15k3dpilmiyv6zgpib289rnjykgr1r4-bash-5.3p9/bin/bash ./libtool  --tag=CC   --mode=link gcc   -fexceptions -DGC_VISIBILITY_HIDDEN_SET -fvisibility=hidden -Wall -Wextra -Wpedantic -Wno-long-long -g -O2 -fno-strict-aliasing -Wno-frame-address    -o cordtest cord/tests/cordtest.o ./libcord.la ./libgc.la
boehm-gc> libtool: link: gcc -fexceptions -DGC_VISIBILITY_HIDDEN_SET -fvisibility=hidden -Wall -Wextra -Wpedantic -Wno-long-long -g -O2 -fno-strict-aliasing -Wno-frame-address -o .libs/initsecondarythread_test tests/initsecondarythread.o  ./.libs/libgc.so -lpthread -ldl -Wl,-rpath -Wl,/nix/store/2cq74k7s6n6rycil5gb5w5y701va6b37-boehm-gc-8.2.8/lib
boehm-gc> libtool: link: gcc -fexceptions -DGC_VISIBILITY_HIDDEN_SET -fvisibility=hidden -Wall -Wextra -Wpedantic -Wno-long-long -g -O2 -fno-strict-aliasing -Wno-frame-address -o .libs/disclaim_test tests/disclaim_test.o  ./.libs/libgc.so -lpthread -ldl -Wl,-rpath -Wl,/nix/store/2cq74k7s6n6rycil5gb5w5y701va6b37-boehm-gc-8.2.8/lib
boehm-gc> libtool: link: gcc -fexceptions -DGC_VISIBILITY_HIDDEN_SET -fvisibility=hidden -Wall -Wextra -Wpedantic -Wno-long-long -g -O2 -fno-strict-aliasing -Wno-frame-address -o .libs/disclaim_bench tests/disclaim_bench.o  ./.libs/libgc.so -lpthread -ldl -Wl,-rpath -Wl,/nix/store/2cq74k7s6n6rycil5gb5w5y701va6b37-boehm-gc-8.2.8/lib
boehm-gc> /nix/store/f15k3dpilmiyv6zgpib289rnjykgr1r4-bash-5.3p9/bin/bash ./libtool  --tag=CC   --mode=link gcc -DSTATICROOTSLIB2 -DGC_VISIBILITY_HIDDEN_SET -fvisibility=hidden -Wall -Wextra -Wpedantic -Wno-long-long -g -O2 -fno-strict-aliasing -Wno-frame-address    -o staticrootstest tests/staticrootstest-staticrootstest.o   libstaticrootslib_test.la libstaticrootslib2_test.la ./libgc.la
boehm-gc> libtool: link: gcc -fexceptions -DGC_VISIBILITY_HIDDEN_SET -fvisibility=hidden -Wall -Wextra -Wpedantic -Wno-long-long -g -O2 -fno-strict-aliasing -Wno-frame-address -o .libs/disclaim_weakmap_test tests/disclaim_weakmap_test.o  ./.libs/libgc.so -lpthread -ldl -Wl,-rpath -Wl,/nix/store/2cq74k7s6n6rycil5gb5w5y701va6b37-boehm-gc-8.2.8/lib
boehm-gc> libtool: link: gcc -fexceptions -DGC_VISIBILITY_HIDDEN_SET -fvisibility=hidden -Wall -Wextra -Wpedantic -Wno-long-long -g -O2 -fno-strict-aliasing -Wno-frame-address -o .libs/cordtest cord/tests/cordtest.o  ./.libs/libcord.so /build/source/.libs/libgc.so ./.libs/libgc.so -lpthread -ldl -Wl,-rpath -Wl,/nix/store/2cq74k7s6n6rycil5gb5w5y701va6b37-boehm-gc-8.2.8/lib
boehm-gc> libtool: link: gcc -DSTATICROOTSLIB2 -DGC_VISIBILITY_HIDDEN_SET -fvisibility=hidden -Wall -Wextra -Wpedantic -Wno-long-long -g -O2 -fno-strict-aliasing -Wno-frame-address -o .libs/staticrootstest tests/staticrootstest-staticrootstest.o  ./.libs/libstaticrootslib_test.so ./.libs/libstaticrootslib2_test.so /build/source/.libs/libgc.so ./.libs/libgc.so -lpthread -ldl -Wl,-rpath -Wl,/nowhere -Wl,-rpath -Wl,/nix/store/2cq74k7s6n6rycil5gb5w5y701va6b37-boehm-gc-8.2.8/lib
boehm-gc> /nix/store/f15k3dpilmiyv6zgpib289rnjykgr1r4-bash-5.3p9/bin/bash ./libtool  --tag=CXX   --mode=link g++ -fexceptions -Wall -Wextra -Wpedantic -Wno-long-long -g -O2    -o test_cpp tests/test_cpp.o libgccpp.la    ./libgc.la
boehm-gc> /nix/store/f15k3dpilmiyv6zgpib289rnjykgr1r4-bash-5.3p9/bin/bash ./libtool  --tag=CC   --mode=link gcc   -fexceptions -DGC_VISIBILITY_HIDDEN_SET -fvisibility=hidden -Wall -Wextra -Wpedantic -Wno-long-long -g -O2 -fno-strict-aliasing -Wno-frame-address    -o gctest tests/test.o  ./libgc.la  -lpthread -ldl
boehm-gc> libtool: link: gcc -fexceptions -DGC_VISIBILITY_HIDDEN_SET -fvisibility=hidden -Wall -Wextra -Wpedantic -Wno-long-long -g -O2 -fno-strict-aliasing -Wno-frame-address -o .libs/gctest tests/test.o  ./.libs/libgc.so -lpthread -ldl -Wl,-rpath -Wl,/nix/store/2cq74k7s6n6rycil5gb5w5y701va6b37-boehm-gc-8.2.8/lib
boehm-gc> libtool: link: g++ -fexceptions -Wall -Wextra -Wpedantic -Wno-long-long -g -O2 -o .libs/test_cpp tests/test_cpp.o  ./.libs/libgccpp.so /build/source/.libs/libgc.so ./.libs/libgc.so -lpthread -ldl -Wl,-rpath -Wl,/nix/store/2cq74k7s6n6rycil5gb5w5y701va6b37-boehm-gc-8.2.8/lib
boehm-gc> make[2]: Leaving directory '/build/source'
boehm-gc> make  check-TESTS
boehm-gc> make[2]: Entering directory '/build/source'
boehm-gc> make[3]: Entering directory '/build/source'
boehm-gc> PASS: hugetest
boehm-gc> PASS: leaktest
boehm-gc> PASS: smashtest
boehm-gc> PASS: cordtest
boehm-gc> PASS: middletest
boehm-gc> PASS: test_atomic_ops
boehm-gc> PASS: threadleaktest
boehm-gc> PASS: threadkey_test
boehm-gc> PASS: subthreadcreate_test
boehm-gc> PASS: initsecondarythread_test
boehm-gc> PASS: realloc_test
boehm-gc> PASS: disclaim_test
boehm-gc> PASS: staticrootstest
boehm-gc> PASS: test_cpp
boehm-gc> PASS: gctest
boehm-gc> PASS: disclaim_weakmap_test
boehm-gc> PASS: disclaim_bench
boehm-gc> ============================================================================
boehm-gc> Testsuite summary for gc 8.2.8
boehm-gc> ============================================================================
boehm-gc> # TOTAL: 17
boehm-gc> # PASS:  17
boehm-gc> # SKIP:  0
boehm-gc> # XFAIL: 0
boehm-gc> # FAIL:  0
boehm-gc> # XPASS: 0
boehm-gc> # ERROR: 0
boehm-gc> ============================================================================
boehm-gc> make[3]: Leaving directory '/build/source'
boehm-gc> make[2]: Leaving directory '/build/source'
boehm-gc> make[1]: Leaving directory '/build/source'
boehm-gc> Running phase: installPhase
boehm-gc> install flags: -j8 SHELL=/nix/store/f15k3dpilmiyv6zgpib289rnjykgr1r4-bash-5.3p9/bin/bash pkgconfigdir=/nix/store/qg6ir0g65z6nxlgwm8kj3k2viwxxn9zz-boehm-gc-8.2.8-dev/lib/pkgconfig m4datadir=/nix/store/qg6ir0g65z6nxlgwm8kj3k2viwxxn9zz-boehm-gc-8.2.8-dev/share/aclocal aclocaldir=/nix/store/qg6ir0g65z6nxlgwm8kj3k2viwxxn9zz-boehm-gc-8.2.8-dev/share/aclocal install
boehm-gc> make[1]: Entering directory '/build/source'
boehm-gc> make[2]: Entering directory '/build/source'
boehm-gc>  /nix/store/i2vmgx46q9hd3z6rigaiman3wl3i2gc4-coreutils-9.9/bin/mkdir -p '/nix/store/2cq74k7s6n6rycil5gb5w5y701va6b37-boehm-gc-8.2.8/lib'
boehm-gc>  /nix/store/i2vmgx46q9hd3z6rigaiman3wl3i2gc4-coreutils-9.9/bin/mkdir -p '/nix/store/dqyh5vqq47klvwpxcis7lk2vlb21r5lm-boehm-gc-8.2.8-doc/share/doc/gc'
boehm-gc>  /nix/store/i2vmgx46q9hd3z6rigaiman3wl3i2gc4-coreutils-9.9/bin/mkdir -p '/nix/store/qg6ir0g65z6nxlgwm8kj3k2viwxxn9zz-boehm-gc-8.2.8-dev/include'
boehm-gc>  /nix/store/f15k3dpilmiyv6zgpib289rnjykgr1r4-bash-5.3p9/bin/bash ./libtool   --mode=install /nix/store/i2vmgx46q9hd3z6rigaiman3wl3i2gc4-coreutils-9.9/bin/install -c   libgc.la libgccpp.la libgctba.la libcord.la '/nix/store/2cq74k7s6n6rycil5gb5w5y701va6b37-boehm-gc-8.2.8/lib'
boehm-gc>  /nix/store/i2vmgx46q9hd3z6rigaiman3wl3i2gc4-coreutils-9.9/bin/mkdir -p '/nix/store/qg6ir0g65z6nxlgwm8kj3k2viwxxn9zz-boehm-gc-8.2.8-dev/lib/pkgconfig'
boehm-gc>  /nix/store/i2vmgx46q9hd3z6rigaiman3wl3i2gc4-coreutils-9.9/bin/mkdir -p '/nix/store/2cq74k7s6n6rycil5gb5w5y701va6b37-boehm-gc-8.2.8/share/man/man3'
boehm-gc>  /nix/store/i2vmgx46q9hd3z6rigaiman3wl3i2gc4-coreutils-9.9/bin/mkdir -p '/nix/store/qg6ir0g65z6nxlgwm8kj3k2viwxxn9zz-boehm-gc-8.2.8-dev/include/gc'
boehm-gc>  /nix/store/i2vmgx46q9hd3z6rigaiman3wl3i2gc4-coreutils-9.9/bin/install -c -m 644 AUTHORS README.md doc/README.DGUX386 doc/README.Mac doc/README.OS2 doc/README.amiga doc/README.arm.cross doc/README.autoconf doc/README.cmake doc/README.cords doc/README.darwin doc/README.emscripten doc/README.environment doc/README.ews4800 doc/README.hp doc/README.linux doc/README.macros doc/README.rs6000 doc/README.sgi doc/README.solaris2 doc/README.symbian doc/README.uts doc/README.win32 doc/README.win64 doc/debugging.md doc/finalization.md doc/gcdescr.md doc/gcinterface.md doc/leak.md doc/overview.md doc/porting.md doc/scale.md doc/simple_example.md doc/tree.md '/nix/store/dqyh5vqq47klvwpxcis7lk2vlb21r5lm-boehm-gc-8.2.8-doc/share/doc/gc'
boehm-gc>  /nix/store/i2vmgx46q9hd3z6rigaiman3wl3i2gc4-coreutils-9.9/bin/install -c -m 644 include/extra/gc_cpp.h include/extra/gc.h '/nix/store/qg6ir0g65z6nxlgwm8kj3k2viwxxn9zz-boehm-gc-8.2.8-dev/include'
boehm-gc>  /nix/store/i2vmgx46q9hd3z6rigaiman3wl3i2gc4-coreutils-9.9/bin/install -c -m 644 bdw-gc.pc '/nix/store/qg6ir0g65z6nxlgwm8kj3k2viwxxn9zz-boehm-gc-8.2.8-dev/lib/pkgconfig'
boehm-gc>  /nix/store/i2vmgx46q9hd3z6rigaiman3wl3i2gc4-coreutils-9.9/bin/install -c -m 644 'doc/gc.man' '/nix/store/2cq74k7s6n6rycil5gb5w5y701va6b37-boehm-gc-8.2.8/share/man/man3/gc.3'
boehm-gc>  /nix/store/i2vmgx46q9hd3z6rigaiman3wl3i2gc4-coreutils-9.9/bin/install -c -m 644 include/gc_pthread_redirects.h include/gc_gcj.h include/gc_disclaim.h include/gc_allocator.h include/gc_cpp.h include/gc.h include/gc_backptr.h include/gc_config_macros.h include/gc_inline.h include/gc_mark.h include/gc_tiny_fl.h include/gc_typed.h include/gc_version.h include/javaxfc.h include/leak_detector.h include/cord.h include/cord_pos.h include/ec.h '/nix/store/qg6ir0g65z6nxlgwm8kj3k2viwxxn9zz-boehm-gc-8.2.8-dev/include/gc'
boehm-gc> libtool: install: /nix/store/i2vmgx46q9hd3z6rigaiman3wl3i2gc4-coreutils-9.9/bin/install -c .libs/libgc.so.1.5.4 /nix/store/2cq74k7s6n6rycil5gb5w5y701va6b37-boehm-gc-8.2.8/lib/libgc.so.1.5.4
boehm-gc> libtool: install: (cd /nix/store/2cq74k7s6n6rycil5gb5w5y701va6b37-boehm-gc-8.2.8/lib && { ln -s -f libgc.so.1.5.4 libgc.so.1 || { rm -f libgc.so.1 && ln -s libgc.so.1.5.4 libgc.so.1; }; })
boehm-gc> libtool: install: (cd /nix/store/2cq74k7s6n6rycil5gb5w5y701va6b37-boehm-gc-8.2.8/lib && { ln -s -f libgc.so.1.5.4 libgc.so || { rm -f libgc.so && ln -s libgc.so.1.5.4 libgc.so; }; })
boehm-gc> libtool: install: /nix/store/i2vmgx46q9hd3z6rigaiman3wl3i2gc4-coreutils-9.9/bin/install -c .libs/libgc.lai /nix/store/2cq74k7s6n6rycil5gb5w5y701va6b37-boehm-gc-8.2.8/lib/libgc.la
boehm-gc> libtool: warning: relinking 'libgccpp.la'
boehm-gc> libtool: install: (cd /build/source; /nix/store/f15k3dpilmiyv6zgpib289rnjykgr1r4-bash-5.3p9/bin/bash "/build/source/libtool"  --tag CXX --mode=relink g++ -fexceptions -Wall -Wextra -Wpedantic -Wno-long-long -g -O2 -version-info 6:0:5 -no-undefined -o libgccpp.la -rpath /nix/store/2cq74k7s6n6rycil5gb5w5y701va6b37-boehm-gc-8.2.8/lib gc_badalc.lo gc_cpp.lo libgc.la )
boehm-gc> libtool: relink: g++  -fPIC -DPIC -shared -nostdlib /nix/store/wb6rhpznjfczwlwx23zmdrrw74bayxw4-glibc-2.42-47/lib/crti.o /nix/store/mjf8jlq9grydcdvyw6hb063x5c34g5gf-gcc-15.2.0/lib/gcc/x86_64-unknown-linux-gnu/15.2.0/crtbeginS.o  .libs/gc_badalc.o .libs/gc_cpp.o   -Wl,-rpath -Wl,/nix/store/2cq74k7s6n6rycil5gb5w5y701va6b37-boehm-gc-8.2.8/lib -L/nix/store/2cq74k7s6n6rycil5gb5w5y701va6b37-boehm-gc-8.2.8/lib -lgc -lpthread -ldl -L/nix/store/ykz6g9bnl3kka132wiw355rzk0bibdqn-gettext-0.25.1/lib -L/nix/store/6gdwlkcs88jq7lcqrqzb2lr3aav5vpha-file-5.45/lib -L/nix/store/qi8iv9hawjpnjm2fdpa79lpbqiz6y82x-libtool-2.5.4-lib/lib -L/nix/store/wb6rhpznjfczwlwx23zmdrrw74bayxw4-glibc-2.42-47/lib -L/nix/store/mjf8jlq9grydcdvyw6hb063x5c34g5gf-gcc-15.2.0/lib/gcc/x86_64-unknown-linux-gnu/15.2.0 -L/nix/store/j2kgllgds4w7na8zqv1msi0mpvpjxda8-gcc-15.2.0-lib/lib -L/nix/store/mjf8jlq9grydcdvyw6hb063x5c34g5gf-gcc-15.2.0/lib/gcc/x86_64-unknown-linux-gnu/15.2.0/../../.. -lstdc++ -lm -lc -lgcc_s /nix/store/mjf8jlq9grydcdvyw6hb063x5c34g5gf-gcc-15.2.0/lib/gcc/x86_64-unknown-linux-gnu/15.2.0/crtendS.o /nix/store/wb6rhpznjfczwlwx23zmdrrw74bayxw4-glibc-2.42-47/lib/crtn.o  -g -O2   -Wl,-soname -Wl,libgccpp.so.1 -o .libs/libgccpp.so.1.5.0
boehm-gc> libtool: install: /nix/store/i2vmgx46q9hd3z6rigaiman3wl3i2gc4-coreutils-9.9/bin/install -c .libs/libgccpp.so.1.5.0T /nix/store/2cq74k7s6n6rycil5gb5w5y701va6b37-boehm-gc-8.2.8/lib/libgccpp.so.1.5.0
boehm-gc> libtool: install: (cd /nix/store/2cq74k7s6n6rycil5gb5w5y701va6b37-boehm-gc-8.2.8/lib && { ln -s -f libgccpp.so.1.5.0 libgccpp.so.1 || { rm -f libgccpp.so.1 && ln -s libgccpp.so.1.5.0 libgccpp.so.1; }; })
boehm-gc> libtool: install: (cd /nix/store/2cq74k7s6n6rycil5gb5w5y701va6b37-boehm-gc-8.2.8/lib && { ln -s -f libgccpp.so.1.5.0 libgccpp.so || { rm -f libgccpp.so && ln -s libgccpp.so.1.5.0 libgccpp.so; }; })
boehm-gc> libtool: install: /nix/store/i2vmgx46q9hd3z6rigaiman3wl3i2gc4-coreutils-9.9/bin/install -c .libs/libgccpp.lai /nix/store/2cq74k7s6n6rycil5gb5w5y701va6b37-boehm-gc-8.2.8/lib/libgccpp.la
boehm-gc> libtool: warning: relinking 'libgctba.la'
boehm-gc> libtool: install: (cd /build/source; /nix/store/f15k3dpilmiyv6zgpib289rnjykgr1r4-bash-5.3p9/bin/bash "/build/source/libtool"  --tag CXX --mode=relink g++ -fexceptions -Wall -Wextra -Wpedantic -Wno-long-long -g -O2 -version-info 6:0:5 -no-undefined -o libgctba.la -rpath /nix/store/2cq74k7s6n6rycil5gb5w5y701va6b37-boehm-gc-8.2.8/lib gc_badalc.lo libgc.la )
boehm-gc> libtool: relink: g++  -fPIC -DPIC -shared -nostdlib /nix/store/wb6rhpznjfczwlwx23zmdrrw74bayxw4-glibc-2.42-47/lib/crti.o /nix/store/mjf8jlq9grydcdvyw6hb063x5c34g5gf-gcc-15.2.0/lib/gcc/x86_64-unknown-linux-gnu/15.2.0/crtbeginS.o  .libs/gc_badalc.o   -Wl,-rpath -Wl,/nix/store/2cq74k7s6n6rycil5gb5w5y701va6b37-boehm-gc-8.2.8/lib -L/nix/store/2cq74k7s6n6rycil5gb5w5y701va6b37-boehm-gc-8.2.8/lib -lgc -lpthread -ldl -L/nix/store/ykz6g9bnl3kka132wiw355rzk0bibdqn-gettext-0.25.1/lib -L/nix/store/6gdwlkcs88jq7lcqrqzb2lr3aav5vpha-file-5.45/lib -L/nix/store/qi8iv9hawjpnjm2fdpa79lpbqiz6y82x-libtool-2.5.4-lib/lib -L/nix/store/wb6rhpznjfczwlwx23zmdrrw74bayxw4-glibc-2.42-47/lib -L/nix/store/mjf8jlq9grydcdvyw6hb063x5c34g5gf-gcc-15.2.0/lib/gcc/x86_64-unknown-linux-gnu/15.2.0 -L/nix/store/j2kgllgds4w7na8zqv1msi0mpvpjxda8-gcc-15.2.0-lib/lib -L/nix/store/mjf8jlq9grydcdvyw6hb063x5c34g5gf-gcc-15.2.0/lib/gcc/x86_64-unknown-linux-gnu/15.2.0/../../.. -lstdc++ -lm -lc -lgcc_s /nix/store/mjf8jlq9grydcdvyw6hb063x5c34g5gf-gcc-15.2.0/lib/gcc/x86_64-unknown-linux-gnu/15.2.0/crtendS.o /nix/store/wb6rhpznjfczwlwx23zmdrrw74bayxw4-glibc-2.42-47/lib/crtn.o  -g -O2   -Wl,-soname -Wl,libgctba.so.1 -o .libs/libgctba.so.1.5.0
boehm-gc> libtool: install: /nix/store/i2vmgx46q9hd3z6rigaiman3wl3i2gc4-coreutils-9.9/bin/install -c .libs/libgctba.so.1.5.0T /nix/store/2cq74k7s6n6rycil5gb5w5y701va6b37-boehm-gc-8.2.8/lib/libgctba.so.1.5.0
boehm-gc> libtool: install: (cd /nix/store/2cq74k7s6n6rycil5gb5w5y701va6b37-boehm-gc-8.2.8/lib && { ln -s -f libgctba.so.1.5.0 libgctba.so.1 || { rm -f libgctba.so.1 && ln -s libgctba.so.1.5.0 libgctba.so.1; }; })
boehm-gc> libtool: install: (cd /nix/store/2cq74k7s6n6rycil5gb5w5y701va6b37-boehm-gc-8.2.8/lib && { ln -s -f libgctba.so.1.5.0 libgctba.so || { rm -f libgctba.so && ln -s libgctba.so.1.5.0 libgctba.so; }; })
boehm-gc> libtool: install: /nix/store/i2vmgx46q9hd3z6rigaiman3wl3i2gc4-coreutils-9.9/bin/install -c .libs/libgctba.lai /nix/store/2cq74k7s6n6rycil5gb5w5y701va6b37-boehm-gc-8.2.8/lib/libgctba.la
boehm-gc> libtool: warning: relinking 'libcord.la'
boehm-gc> libtool: install: (cd /build/source; /nix/store/f15k3dpilmiyv6zgpib289rnjykgr1r4-bash-5.3p9/bin/bash "/build/source/libtool"  --tag CC --mode=relink gcc -fexceptions -DGC_VISIBILITY_HIDDEN_SET -fvisibility=hidden -Wall -Wextra -Wpedantic -Wno-long-long -g -O2 -fno-strict-aliasing -Wno-frame-address -version-info 6:1:5 -no-undefined -o libcord.la -rpath /nix/store/2cq74k7s6n6rycil5gb5w5y701va6b37-boehm-gc-8.2.8/lib cord/libcord_la-cordbscs.lo cord/libcord_la-cordprnt.lo cord/libcord_la-cordxtra.lo libgc.la )
boehm-gc> libtool: relink: gcc -shared  -fPIC -DPIC  cord/.libs/libcord_la-cordbscs.o cord/.libs/libcord_la-cordprnt.o cord/.libs/libcord_la-cordxtra.o   -Wl,-rpath -Wl,/nix/store/2cq74k7s6n6rycil5gb5w5y701va6b37-boehm-gc-8.2.8/lib -L/nix/store/2cq74k7s6n6rycil5gb5w5y701va6b37-boehm-gc-8.2.8/lib -lgc -lpthread -ldl  -g -O2   -Wl,-soname -Wl,libcord.so.1 -o .libs/libcord.so.1.5.1
boehm-gc> libtool: install: /nix/store/i2vmgx46q9hd3z6rigaiman3wl3i2gc4-coreutils-9.9/bin/install -c .libs/libcord.so.1.5.1T /nix/store/2cq74k7s6n6rycil5gb5w5y701va6b37-boehm-gc-8.2.8/lib/libcord.so.1.5.1
boehm-gc> libtool: install: (cd /nix/store/2cq74k7s6n6rycil5gb5w5y701va6b37-boehm-gc-8.2.8/lib && { ln -s -f libcord.so.1.5.1 libcord.so.1 || { rm -f libcord.so.1 && ln -s libcord.so.1.5.1 libcord.so.1; }; })
boehm-gc> libtool: install: (cd /nix/store/2cq74k7s6n6rycil5gb5w5y701va6b37-boehm-gc-8.2.8/lib && { ln -s -f libcord.so.1.5.1 libcord.so || { rm -f libcord.so && ln -s libcord.so.1.5.1 libcord.so; }; })
boehm-gc> libtool: install: /nix/store/i2vmgx46q9hd3z6rigaiman3wl3i2gc4-coreutils-9.9/bin/install -c .libs/libcord.lai /nix/store/2cq74k7s6n6rycil5gb5w5y701va6b37-boehm-gc-8.2.8/lib/libcord.la
boehm-gc> libtool: finish: PATH="/nix/store/1jwy2sfvk9gndm57avk2ll16bl0rf3bp-autoconf-2.72/bin:/nix/store/y79jmv8xnw46x4vqdqpnyncwb4jqvcba-automake-1.18.1/bin:/nix/store/ykz6g9bnl3kka132wiw355rzk0bibdqn-gettext-0.25.1/bin:/nix/store/0wji2p1jcqx4a6y31grqqhzskljx70ps-libtool-2.5.4/bin:/nix/store/kachqlzpp4nkjjq4pf90r9abymkc18zq-gnum4-1.4.20/bin:/nix/store/6gdwlkcs88jq7lcqrqzb2lr3aav5vpha-file-5.45/bin:/nix/store/c2p7haf4zzkbrir9zs662r68c5dmylbq-patchelf-0.15.2/bin:/nix/store/a245z3cvf9x9sn0xlk6k8j9xhxbhda1z-gcc-wrapper-15.2.0/bin:/nix/store/mjf8jlq9grydcdvyw6hb063x5c34g5gf-gcc-15.2.0/bin:/nix/store/0bdqq2z98kg2hfn3k60if6pb5fd5p10h-glibc-2.42-47-bin/bin:/nix/store/i2vmgx46q9hd3z6rigaiman3wl3i2gc4-coreutils-9.9/bin:/nix/store/i6ppbrlpp6yki8qvka7nyv091xa8dchx-binutils-wrapper-2.44/bin:/nix/store/47mn80zqpygykqailwzw8zlag4cgl75q-binutils-2.44/bin:/nix/store/i2vmgx46q9hd3z6rigaiman3wl3i2gc4-coreutils-9.9/bin:/nix/store/16wfacfgap3chf7mcjnd8dwi85dj4qqi-findutils-4.10.0/bin:/nix/store/3p87h6dn5i87i3iq9364imzbqgwvkg2p-diffutils-3.12/bin:/nix/store/ryz8kcrm2bxpccllfqlb7qldsfnqp5c2-gnused-4.9/bin:/nix/store/02vv0r262agf9j5n2y1gmbjvdf12zkl0-gnugrep-3.12/bin:/nix/store/2xq9rayckw8zq26k274xxlikn77jn60j-gawk-5.3.2/bin:/nix/store/qyg62bc2xnpwz0fa9prqxvvk00zj4g9q-gnutar-1.35/bin:/nix/store/84yyzmxs7mb8nhkvcfv9n1l9irpb6mnq-gzip-1.14/bin:/nix/store/90yw24gqmwph4xjp4mqhpx1y1gcrvqla-bzip2-1.0.8-bin/bin:/nix/store/vbah5c4rzy1q1hbqhginyxjhj8d4dj8j-gnumake-4.4.1/bin:/nix/store/f15k3dpilmiyv6zgpib289rnjykgr1r4-bash-5.3p9/bin:/nix/store/wwij6563c6wbg4kzgjhng7vlhf7api19-patch-2.8/bin:/nix/store/zys6d102zp171wpwcs08g632886w2qxs-xz-5.8.2-bin/bin:/nix/store/nyy0bvgjwd98x7ih8pl6pr79qjljgsf7-file-5.45/bin:/sbin" ldconfig -n /nix/store/2cq74k7s6n6rycil5gb5w5y701va6b37-boehm-gc-8.2.8/lib
boehm-gc> ----------------------------------------------------------------------
boehm-gc> Libraries have been installed in:
boehm-gc>    /nix/store/2cq74k7s6n6rycil5gb5w5y701va6b37-boehm-gc-8.2.8/lib
boehm-gc> If you ever happen to want to link against installed libraries
boehm-gc> in a given directory, LIBDIR, you must either use libtool, and
boehm-gc> specify the full pathname of the library, or use the '-LLIBDIR'
boehm-gc> flag during linking and do at least one of the following:
boehm-gc>    - add LIBDIR to the 'LD_LIBRARY_PATH' environment variable
boehm-gc>      during execution
boehm-gc>    - add LIBDIR to the 'LD_RUN_PATH' environment variable
boehm-gc>      during linking
boehm-gc>    - use the '-Wl,-rpath -Wl,LIBDIR' linker flag
boehm-gc> See any operating system documentation about shared libraries for
boehm-gc> more information, such as the ld(1) and ld.so(8) manual pages.
boehm-gc> ----------------------------------------------------------------------
boehm-gc> make[2]: Leaving directory '/build/source'
boehm-gc> make[1]: Leaving directory '/build/source'
boehm-gc> Running phase: fixupPhase
boehm-gc> Patching '/nix/store/qg6ir0g65z6nxlgwm8kj3k2viwxxn9zz-boehm-gc-8.2.8-dev/lib/pkgconfig/bdw-gc.pc' includedir to output /nix/store/qg6ir0g65z6nxlgwm8kj3k2viwxxn9zz-boehm-gc-8.2.8-dev
boehm-gc> shrinking RPATHs of ELF executables and libraries in /nix/store/dqyh5vqq47klvwpxcis7lk2vlb21r5lm-boehm-gc-8.2.8-doc
boehm-gc> checking for references to /build/ in /nix/store/dqyh5vqq47klvwpxcis7lk2vlb21r5lm-boehm-gc-8.2.8-doc...
boehm-gc> patching script interpreter paths in /nix/store/dqyh5vqq47klvwpxcis7lk2vlb21r5lm-boehm-gc-8.2.8-doc
boehm-gc> shrinking RPATHs of ELF executables and libraries in /nix/store/qg6ir0g65z6nxlgwm8kj3k2viwxxn9zz-boehm-gc-8.2.8-dev
boehm-gc> checking for references to /build/ in /nix/store/qg6ir0g65z6nxlgwm8kj3k2viwxxn9zz-boehm-gc-8.2.8-dev...
boehm-gc> patching script interpreter paths in /nix/store/qg6ir0g65z6nxlgwm8kj3k2viwxxn9zz-boehm-gc-8.2.8-dev
boehm-gc> stripping (with command strip and flags -S -p) in  /nix/store/qg6ir0g65z6nxlgwm8kj3k2viwxxn9zz-boehm-gc-8.2.8-dev/lib
boehm-gc> shrinking RPATHs of ELF executables and libraries in /nix/store/nrphzkc000nfpns9igfypwy85yc2c7b2-boehm-gc-8.2.8-debug
boehm-gc> checking for references to /build/ in /nix/store/nrphzkc000nfpns9igfypwy85yc2c7b2-boehm-gc-8.2.8-debug...
boehm-gc> patching script interpreter paths in /nix/store/nrphzkc000nfpns9igfypwy85yc2c7b2-boehm-gc-8.2.8-debug
boehm-gc> separating debug info from /nix/store/2cq74k7s6n6rycil5gb5w5y701va6b37-boehm-gc-8.2.8/lib/libcord.so.1.5.1 (build ID a2925bcfff08914c345da47a6def7ca4540db48f)
boehm-gc> separate-debug-info: copying patched source files to /nix/store/nrphzkc000nfpns9igfypwy85yc2c7b2-boehm-gc-8.2.8-debug/src/overlay...
boehm-gc> /build /build/source
boehm-gc> /build/source
boehm-gc> separating debug info from /nix/store/2cq74k7s6n6rycil5gb5w5y701va6b37-boehm-gc-8.2.8/lib/libgc.so.1.5.4 (build ID 42859c5245b7d0bca13bc341f65a64395f40d1d1)
boehm-gc> separating debug info from /nix/store/2cq74k7s6n6rycil5gb5w5y701va6b37-boehm-gc-8.2.8/lib/libgccpp.so.1.5.0 (build ID e009876bb5137524fd91d97c162a3447fdaf8037)
boehm-gc> separating debug info from /nix/store/2cq74k7s6n6rycil5gb5w5y701va6b37-boehm-gc-8.2.8/lib/libgctba.so.1.5.0 (build ID 5f5141a7fdb4d40f6cb3af3d54712775fa3b4d56)
boehm-gc> shrinking RPATHs of ELF executables and libraries in /nix/store/2cq74k7s6n6rycil5gb5w5y701va6b37-boehm-gc-8.2.8
boehm-gc> shrinking /nix/store/2cq74k7s6n6rycil5gb5w5y701va6b37-boehm-gc-8.2.8/lib/libgc.so.1.5.4
boehm-gc> shrinking /nix/store/2cq74k7s6n6rycil5gb5w5y701va6b37-boehm-gc-8.2.8/lib/libgccpp.so.1.5.0
boehm-gc> shrinking /nix/store/2cq74k7s6n6rycil5gb5w5y701va6b37-boehm-gc-8.2.8/lib/libgctba.so.1.5.0
boehm-gc> shrinking /nix/store/2cq74k7s6n6rycil5gb5w5y701va6b37-boehm-gc-8.2.8/lib/libcord.so.1.5.1
boehm-gc> checking for references to /build/ in /nix/store/2cq74k7s6n6rycil5gb5w5y701va6b37-boehm-gc-8.2.8...
boehm-gc> gzipping man pages under /nix/store/2cq74k7s6n6rycil5gb5w5y701va6b37-boehm-gc-8.2.8/share/man/
boehm-gc> patching script interpreter paths in /nix/store/2cq74k7s6n6rycil5gb5w5y701va6b37-boehm-gc-8.2.8
boehm-gc> stripping (with command strip and flags -S -p) in  /nix/store/2cq74k7s6n6rycil5gb5w5y701va6b37-boehm-gc-8.2.8/lib
boehm-gc> making symlink relative: /nix/store/nrphzkc000nfpns9igfypwy85yc2c7b2-boehm-gc-8.2.8-debug/lib/debug/.build-id/a2/925bcfff08914c345da47a6def7ca4540db48f.sourceoverlay
boehm-gc> making symlink relative: /nix/store/nrphzkc000nfpns9igfypwy85yc2c7b2-boehm-gc-8.2.8-debug/lib/debug/.build-id/42/859c5245b7d0bca13bc341f65a64395f40d1d1.sourceoverlay
boehm-gc> making symlink relative: /nix/store/nrphzkc000nfpns9igfypwy85yc2c7b2-boehm-gc-8.2.8-debug/lib/debug/.build-id/e0/09876bb5137524fd91d97c162a3447fdaf8037.sourceoverlay
boehm-gc> making symlink relative: /nix/store/nrphzkc000nfpns9igfypwy85yc2c7b2-boehm-gc-8.2.8-debug/lib/debug/.build-id/5f/5141a7fdb4d40f6cb3af3d54712775fa3b4d56.sourceoverlay
boehm-gc> making symlink relative: /nix/store/nrphzkc000nfpns9igfypwy85yc2c7b2-boehm-gc-8.2.8-debug/lib/debug/libcord.so.1.5.1
boehm-gc> making symlink relative: /nix/store/nrphzkc000nfpns9igfypwy85yc2c7b2-boehm-gc-8.2.8-debug/lib/debug/libgc.so.1.5.4
boehm-gc> making symlink relative: /nix/store/nrphzkc000nfpns9igfypwy85yc2c7b2-boehm-gc-8.2.8-debug/lib/debug/libgccpp.so.1.5.0
boehm-gc> making symlink relative: /nix/store/nrphzkc000nfpns9igfypwy85yc2c7b2-boehm-gc-8.2.8-debug/lib/debug/libgctba.so.1.5.0
building '/nix/store/rd4i94z95h4a070lbgx88hx2ydsvmba4-closure-info.drv'...
closure-info> structuredAttrs is enabled
building '/nix/store/dlgdwn2161qx4lrf5amjhhan3a6k3f1g-lix-builtin-dep-closure.drv'...
building '/nix/store/x6nvh7pp4y80mi8192mxzbxm147czqi4-lix-native-file.conf.drv'...
building '/nix/store/z6h1czr149frma1nc9qff35cm70k7lh0-lix-2.95.0-pre20260129-dev_b6c8f41.drv'...
lix> structuredAttrs is enabled
lix> Running phase: unpackPhase
lix> unpacking source archive /nix/store/89zjascz37jhx2xzfi87ncm3sqxqaql8-source
lix> source root is source
lix> Running phase: patchPhase
lix> Running phase: updateAutotoolsGnuConfigScriptsPhase
lix> Running phase: configurePhase
lix> patching script interpreter paths in tests/ doc/manual/
lix> tests/functional/fmt.simple.sh: interpreter directive changed from "#!/usr/bin/env bash" to "/nix/store/f15k3dpilmiyv6zgpib289rnjykgr1r4-bash-5.3p9/bin/bash"
lix> tests/functional/function-trace.sh: interpreter directive changed from "#!/usr/bin/env bash" to "/nix/store/f15k3dpilmiyv6zgpib289rnjykgr1r4-bash-5.3p9/bin/bash"
lix> tests/functional/install-darwin.sh: interpreter directive changed from "#!/usr/bin/env bash" to "/nix/store/f15k3dpilmiyv6zgpib289rnjykgr1r4-bash-5.3p9/bin/bash"
lix> tests/functional/push-to-store.sh: interpreter directive changed from "#!/usr/bin/env bash" to "/nix/store/f15k3dpilmiyv6zgpib289rnjykgr1r4-bash-5.3p9/bin/bash"
lix> tests/functional/user-envs.builder.sh: interpreter directive changed from "#!/usr/bin/env bash" to "/nix/store/f15k3dpilmiyv6zgpib289rnjykgr1r4-bash-5.3p9/bin/bash"
lix> tests/functional/init.sh: interpreter directive changed from "#!/usr/bin/env bash" to "/nix/store/f15k3dpilmiyv6zgpib289rnjykgr1r4-bash-5.3p9/bin/bash"
lix> tests/functional/mtls-nix-binary-cache-ssl-server.py: interpreter directive changed from "#!/usr/bin/env python3" to "/nix/store/plrdyj6is9kx75rrc945z0gfm4i6j815-python3-3.13.11-env/bin/python3"
lix> tests/functional/mtls-substituter-ssl-client-cert.sh: interpreter directive changed from "#!/usr/bin/env bash" to "/nix/store/f15k3dpilmiyv6zgpib289rnjykgr1r4-bash-5.3p9/bin/bash"
lix> tests/functional/diff-hook.sh: interpreter directive changed from "#!/usr/bin/env bash" to "/nix/store/f15k3dpilmiyv6zgpib289rnjykgr1r4-bash-5.3p9/bin/bash"
lix> doc/manual/generate-deps.py: interpreter directive changed from "#!/usr/bin/env python3" to "/nix/store/plrdyj6is9kx75rrc945z0gfm4i6j815-python3-3.13.11-env/bin/python3"
lix> doc/manual/json-to-tree.py: interpreter directive changed from "#!/usr/bin/env python3" to "/nix/store/plrdyj6is9kx75rrc945z0gfm4i6j815-python3-3.13.11-env/bin/python3"
lix> doc/manual/process-includes.sh: interpreter directive changed from "#!/usr/bin/env bash" to "/nix/store/f15k3dpilmiyv6zgpib289rnjykgr1r4-bash-5.3p9/bin/bash"
lix> doc/manual/render-manpage.sh: interpreter directive changed from "#!/usr/bin/env bash" to "/nix/store/f15k3dpilmiyv6zgpib289rnjykgr1r4-bash-5.3p9/bin/bash"
lix> doc/manual/substitute.py: interpreter directive changed from "#!/usr/bin/env python3" to "/nix/store/plrdyj6is9kx75rrc945z0gfm4i6j815-python3-3.13.11-env/bin/python3"
lix> mesonConfigurePhase flags: --prefix=/nix/store/khgamafgkp7vzksxmilx5wzmqki92v6y-lix-2.95.0-pre20260129-dev_b6c8f41 --libdir=/nix/store/khgamafgkp7vzksxmilx5wzmqki92v6y-lix-2.95.0-pre20260129-dev_b6c8f41/lib --libexecdir=/nix/store/khgamafgkp7vzksxmilx5wzmqki92v6y-lix-2.95.0-pre20260129-dev_b6c8f41/libexec --bindir=/nix/store/khgamafgkp7vzksxmilx5wzmqki92v6y-lix-2.95.0-pre20260129-dev_b6c8f41/bin --sbindir=/nix/store/khgamafgkp7vzksxmilx5wzmqki92v6y-lix-2.95.0-pre20260129-dev_b6c8f41/sbin --includedir=/nix/store/mygkqs2i2p4v0y633p58i29fy3f91nkn-lix-2.95.0-pre20260129-dev_b6c8f41-dev/include --mandir=/nix/store/khgamafgkp7vzksxmilx5wzmqki92v6y-lix-2.95.0-pre20260129-dev_b6c8f41/share/man --infodir=/nix/store/khgamafgkp7vzksxmilx5wzmqki92v6y-lix-2.95.0-pre20260129-dev_b6c8f41/share/info --localedir=/nix/store/khgamafgkp7vzksxmilx5wzmqki92v6y-lix-2.95.0-pre20260129-dev_b6c8f41/share/locale -Dauto_features=enabled -Dwrap_mode=nodownload --buildtype=debugoptimized -Dsandbox-shell=/nix/store/m3dxfi2gq218pw8h73al024f6r69a5mj-busybox-1.37.0/bin/busybox -Dpasta-path=/nix/store/42i55jcqdczjcl2c0imxczy1b7lr69ll-passt-2025_09_19.623dbf6/bin/pasta -Dbuild-test-shell=/nix/store/ihn3s9q5csqbkk3w46iaxq57fd67ahsf-bash-interactive-static-x86_64-unknown-linux-musl-5.3p9/bin -Dbuild-test-env=/nix/store/aflblv48yhibafwyvh2qfl0r1xx41d6v-busybox-static-x86_64-unknown-linux-musl-1.37.0/bin:/nix/store/84xq1an9yk9sh5g2s0cz58q7j2ziqfkv-acl-static-x86_64-unknown-linux-musl-2.3.2-bin/bin -Ddefault_library=both -Dgc=enabled -Dinternal-api-docs=disabled -Ddtrace-probes=enabled -Denable-tests=true -Denable-docs=true -Dwerror=false --native-file=/nix/store/hgdkdpgfw4b7nyzplkgfagx8k9xg3ffm-lix-native-file.conf
lix> The Meson build system
lix> Version: 1.9.1
lix> Source dir: /build/source
lix> Build dir: /build/source/build
lix> Build type: native build
lix> Project name: lix
lix> Project version: 2.95.0-pre20260129-dev_b6c8f41
lix> C++ compiler for the host machine: clang++ (clang 21.1.8 "clang version 21.1.8")
lix> C++ linker for the host machine: clang++ ld.bfd 2.44
lix> Rust compiler for the host machine: rustc -C linker=clang (rustc 1.92.0 "1.92.0")
lix> Rust linker for the host machine: rustc -C linker=clang ld.bfd 2.44
lix> Host machine cpu family: x86_64
lix> Host machine cpu: x86_64
lix> Program doxygen skipped: feature internal-api-docs disabled
lix> Program bash found: YES (/nix/store/f15k3dpilmiyv6zgpib289rnjykgr1r4-bash-5.3p9/bin/bash)
lix> Dependency rapidcheck skipped: feature internal-api-docs disabled
lix> Message: canonical Nix system name: x86_64-linux
lix> Found pkg-config: YES (/nix/store/rvp7qlpf5jqvdckjy1afjb6aha6j8dxg-pkg-config-wrapper-0.29.2/bin/pkg-config) 0.29.2
lix> Run-time dependency bdw-gc found: YES 8.2.8
lix> Run-time dependency Boost found: YES 1.87.0
lix> Run-time dependency kj-async found: YES 1.2.0
lix> Run-time dependency capnp-rpc found: YES 1.2.0
lix> Run-time dependency libcpuid found: YES 0.8.1
lix> Run-time dependency libseccomp found: YES 2.6.0
lix> Header "fcntl.h" has symbol "F_GETPATH" : NO
lix> Run-time dependency libarchive found: YES 3.8.4
lix> Run-time dependency libbrotlicommon found: YES 1.2.0
lix> Run-time dependency libbrotlidec found: YES 1.2.0
lix> Run-time dependency libbrotlienc found: YES 1.2.0
lix> Run-time dependency libcrypto found: YES 3.6.0
lix> Run-time dependency ncurses found: YES 6.6.20251230
lix> Run-time dependency aws-cpp-sdk-core found: YES 1.11.647
lix> Run-time dependency aws-cpp-sdk-transfer found: YES 1.11.647
lix> Run-time dependency aws-cpp-sdk-s3 found: YES 1.11.647
lix> Run-time dependency sqlite3 found: YES 3.51.2
lix> Run-time dependency libcurl found: YES 8.17.0
lix> Run-time dependency libeditline found: YES 1.17.2-pre
lix> Run-time dependency lowdown found: YES 2.0.4
lix> Run-time dependency rapidcheck found: YES
lix> Run-time dependency GTest found: YES 1.17.0
lix> Run-time dependency gtest_main found: YES 1.17.0
lix> Run-time dependency GMock found: YES 1.17.0
lix> Run-time dependency gmock_main found: YES 1.17.0
lix> Found CMake: /nix/store/lxkvigfj5xy6w2bs7h4xwr3d7wb7piqb-cmake-4.1.2/bin/cmake (4.1.2)
lix> Run-time dependency toml11 found: YES 4.4.0
lix> Run-time dependency pegtl (modules: taocpp::pegtl) found: YES 3.2.8
lix> Run-time dependency nlohmann_json found: YES 3.12.0
lix> Run-time dependency atomic found: YES
lix> Checking if "test if simple atomic program links" links: YES
lix> Program dot found: NO
lix> Program cbindgen found: YES (/nix/store/qicqqhlk36ix65axc5497939zh0ff2gx-rust-cbindgen-0.29.2/bin/cbindgen)
lix> Program python3 found: YES (/nix/store/plrdyj6is9kx75rrc945z0gfm4i6j815-python3-3.13.11-env/bin/python3)
lix> Program mdbook found: YES (/nix/store/0j472hdyg6n40gajm6ii2c5k4mcynnsb-mdbook-0.5.2/bin/mdbook)
lix> Program install found: YES (/nix/store/i2vmgx46q9hd3z6rigaiman3wl3i2gc4-coreutils-9.9/bin/install)
lix> Program /nix/store/m3dxfi2gq218pw8h73al024f6r69a5mj-busybox-1.37.0/bin/busybox found: YES (/nix/store/m3dxfi2gq218pw8h73al024f6r69a5mj-busybox-1.37.0/bin/busybox)
lix> Program dtrace found: YES (/nix/store/8hpf8xcdiklazwzjc1awz08jdaf42g02-systemtap-5.4/bin/dtrace)
lix> Has header "sys/sdt.h" : YES
lix> Program /nix/store/42i55jcqdczjcl2c0imxczy1b7lr69ll-passt-2025_09_19.623dbf6/bin/pasta found: YES (/nix/store/42i55jcqdczjcl2c0imxczy1b7lr69ll-passt-2025_09_19.623dbf6/bin/pasta)
lix> Program lsof found: YES (/nix/store/i06ja930wan5sh0z71zr9n1i2dgfxwpj-lsof-4.99.5/bin/lsof)
lix> Checking for function "lchown" : YES
lix> Checking for function "lutimes" : YES
lix> Checking for function "pipe2" : YES
lix> Checking for function "posix_fallocate" : YES
lix> Checking for function "statvfs" : YES
lix> Checking for function "strsignal" : YES
lix> Checking for function "sysconf" : YES
lix> Checking for function "close_range" : YES
lix> Configuring lix-base.pc using configuration
lix> Configuring lix.pc using configuration
lix> meson.build:641: WARNING: Consider using the built-in option for sanitizers instead of using "-fsanitize=signed-integer-overflow".
lix> meson.build:642: WARNING: Consider using the built-in option for sanitizers instead of using "-fsanitize=signed-integer-overflow".
lix> Program capnp found: YES (/nix/store/vbx8rrdg0ixz6ki97985yk46mw43qbqx-capnproto-1.2.0/bin/capnp)
lix> Configuring capnpc_wrapper.configured using configuration
lix> Configuring config.h using configuration
lix> Run-time dependency rnix-0.12-rs found: NO (tried pkgconfig and cmake)
lix> Looking for a fallback subproject for the dependency rnix-0.12-rs
lix> Executing subproject rnix-0.12-rs method cargo
lix> lix/lix-doc/meson.build:1: WARNING: Cargo subproject is an experimental feature and has no backwards compatibility guarantees.
lix> rnix-0.12-rs| Generated Meson AST: /build/source/build/subprojects/rnix-0.12.0/meson.build
lix> rnix-0.12-rs| Project name: rnix
lix> rnix-0.12-rs| Project version: 0.12.0
lix> rnix-0.12-rs| Rust compiler for the host machine: rustc -C linker=clang (rustc 1.92.0 "1.92.0")
lix> rnix-0.12-rs| Rust linker for the host machine: rustc -C linker=clang ld.bfd 2.44
lix> rnix-0.12-rs| Message: Enabled features: ['default']
lix> rnix-0.12-rs| Run-time dependency rowan-0.15-rs found: NO (tried pkgconfig and cmake)
lix> rnix-0.12-rs| Looking for a fallback subproject for the dependency rowan-0.15-rs
lix> Executing subproject rnix-0.12-rs:rowan-0.15-rs method cargo
lix> rowan-0.15-rs| Generated Meson AST: /build/source/build/subprojects/rowan-0.15.16/meson.build
lix> rowan-0.15-rs| Project name: rowan
lix> rowan-0.15-rs| Project version: 0.15.16
lix> rowan-0.15-rs| Rust compiler for the host machine: rustc -C linker=clang (rustc 1.92.0 "1.92.0")
lix> rowan-0.15-rs| Rust linker for the host machine: rustc -C linker=clang ld.bfd 2.44
lix> rowan-0.15-rs| Message: Enabled features: ['default']
lix> rowan-0.15-rs| Run-time dependency rustc-hash-1-rs found: NO (tried pkgconfig and cmake)
lix> rowan-0.15-rs| Looking for a fallback subproject for the dependency rustc-hash-1-rs
lix> Executing subproject rnix-0.12-rs:rowan-0.15-rs:rustc-hash-1-rs method cargo
lix> rustc-hash-1-rs| Generated Meson AST: /build/source/build/subprojects/rustc-hash-1.1.0/meson.build
lix> rustc-hash-1-rs| Project name: rustc-hash
lix> rustc-hash-1-rs| Project version: 1.1.0
lix> rustc-hash-1-rs| Rust compiler for the host machine: rustc -C linker=clang (rustc 1.92.0 "1.92.0")
lix> rustc-hash-1-rs| Rust linker for the host machine: rustc -C linker=clang ld.bfd 2.44
lix> rustc-hash-1-rs| Message: Enabled features: ['default', 'std']
lix> rustc-hash-1-rs| Build targets in project: 2
lix> rustc-hash-1-rs| Subproject rustc-hash-1-rs finished.
lix> rowan-0.15-rs| Dependency rustc-hash-1-rs found: YES 1.1.0 (overridden)
lix> rowan-0.15-rs| Run-time dependency hashbrown-0.14-rs found: NO (tried pkgconfig and cmake)
lix> rowan-0.15-rs| Looking for a fallback subproject for the dependency hashbrown-0.14-rs
lix> Executing subproject rnix-0.12-rs:rowan-0.15-rs:hashbrown-0.14-rs method cargo
lix> hashbrown-0.14-rs| Generated Meson AST: /build/source/build/subprojects/hashbrown-0.14.5/meson.build
lix> hashbrown-0.14-rs| Project name: hashbrown
lix> hashbrown-0.14-rs| Project version: 0.14.5
lix> hashbrown-0.14-rs| Rust compiler for the host machine: rustc -C linker=clang (rustc 1.92.0 "1.92.0")
lix> hashbrown-0.14-rs| Rust linker for the host machine: rustc -C linker=clang ld.bfd 2.44
lix> hashbrown-0.14-rs| Message: Enabled features: ['inline-more']
lix> hashbrown-0.14-rs| Build targets in project: 3
lix> hashbrown-0.14-rs| Subproject hashbrown-0.14-rs finished.
lix> rowan-0.15-rs| Dependency hashbrown-0.14-rs found: YES 0.14.5 (overridden)
lix> rowan-0.15-rs| Run-time dependency text-size-1-rs found: NO (tried pkgconfig and cmake)
lix> rowan-0.15-rs| Looking for a fallback subproject for the dependency text-size-1-rs
lix> Executing subproject rnix-0.12-rs:rowan-0.15-rs:text-size-1-rs method cargo
lix> text-size-1-rs| Generated Meson AST: /build/source/build/subprojects/text-size-1.1.1/meson.build
lix> text-size-1-rs| Project name: text-size
lix> text-size-1-rs| Project version: 1.1.1
lix> text-size-1-rs| Rust compiler for the host machine: rustc -C linker=clang (rustc 1.92.0 "1.92.0")
lix> text-size-1-rs| Rust linker for the host machine: rustc -C linker=clang ld.bfd 2.44
lix> text-size-1-rs| Message: Enabled features: ['default']
lix> text-size-1-rs| Build targets in project: 4
lix> text-size-1-rs| Subproject text-size-1-rs finished.
lix> rowan-0.15-rs| Dependency text-size-1-rs found: YES 1.1.1 (overridden)
lix> rowan-0.15-rs| Run-time dependency countme-3-rs found: NO (tried pkgconfig and cmake)
lix> rowan-0.15-rs| Looking for a fallback subproject for the dependency countme-3-rs
lix> Executing subproject rnix-0.12-rs:rowan-0.15-rs:countme-3-rs method cargo
lix> countme-3-rs| Generated Meson AST: /build/source/build/subprojects/countme-3.0.1/meson.build
lix> countme-3-rs| Project name: countme
lix> countme-3-rs| Project version: 3.0.1
lix> countme-3-rs| Rust compiler for the host machine: rustc -C linker=clang (rustc 1.92.0 "1.92.0")
lix> countme-3-rs| Rust linker for the host machine: rustc -C linker=clang ld.bfd 2.44
lix> countme-3-rs| Message: Enabled features: ['default']
lix> countme-3-rs| Build targets in project: 5
lix> countme-3-rs| Subproject countme-3-rs finished.
lix> rowan-0.15-rs| Dependency countme-3-rs found: YES 3.0.1 (overridden)
lix> rowan-0.15-rs| Build targets in project: 6
lix> rowan-0.15-rs| Subproject rowan-0.15-rs finished.
lix> rnix-0.12-rs| Dependency rowan-0.15-rs found: YES 0.15.16 (overridden)
lix> rnix-0.12-rs| Build targets in project: 7
lix> rnix-0.12-rs| Subproject rnix-0.12-rs finished.
lix> Dependency rnix-0.12-rs found: YES 0.12.0 (overridden)
lix> Dependency rowan-0.15-rs found: YES 0.15.16 (overridden)
lix> Configuring lix-util.pc using configuration
lix> Configuring lix-store.pc using configuration
lix> Configuring lix-fetchers.pc using configuration
lix> Configuring lix-expr.pc using configuration
lix> Configuring lix-main.pc using configuration
lix> Configuring lix-cmd.pc using configuration
lix> Configuring nix-profile.sh using configuration
lix> Configuring nix.sh using configuration
lix> Configuring nix.fish using configuration
lix> Configuring nix-daemon.sh using configuration
lix> Configuring nix-daemon.fish using configuration
lix> Configuring nix-daemon.socket using configuration
lix> Configuring nix-daemon@.service using configuration
lix> Configuring nix-daemon.service using configuration
lix> Configuring nix-daemon.conf using configuration
lix> Program ls found: YES (/nix/store/i2vmgx46q9hd3z6rigaiman3wl3i2gc4-coreutils-9.9/bin/ls)
lix> Configuring vars-and-functions.sh using configuration
lix> Configuring config.nix using configuration
lix> Configuring config.nix using configuration
lix> Program run-clang-tidy found: YES (/nix/store/rm8isfm4fd14is3fv3h4m459rbiy91bx-clang-21.1.8/bin/run-clang-tidy)
lix> Neither a subproject directory nor a lix-clang-tidy.wrap file was found.
lix> Subproject lix-clang-tidy is buildable: NO (disabling)
lix> Subproject nix-eval-jobs : skipped: feature nix-eval-jobs disabled
lix> Build targets in project: 214
lix> lix 2.95.0-pre20260129-dev_b6c8f41
lix>     PCH C++ stdlib         : YES
lix>     can hardlink to symlink: YES
lix>   Subprojects
lix>     countme-3-rs           : YES (from rnix-0.12-rs => rowan-0.15-rs)
lix>     hashbrown-0.14-rs      : YES (from rnix-0.12-rs => rowan-0.15-rs)
lix>     lix-clang-tidy         : NO
lix>                              Neither a subproject directory nor a lix-clang-tidy.wrap file was found.
lix>     nix-eval-jobs          : NO Feature 'nix-eval-jobs' disabled
lix>     rnix-0.12-rs           : YES
lix>     rowan-0.15-rs          : YES (from rnix-0.12-rs)
lix>     rustc-hash-1-rs        : YES (from rnix-0.12-rs => rowan-0.15-rs)
lix>     text-size-1-rs         : YES (from rnix-0.12-rs => rowan-0.15-rs)
lix>   User defined options
lix>     Native files           : /nix/store/hgdkdpgfw4b7nyzplkgfagx8k9xg3ffm-lix-native-file.conf
lix>     auto_features          : enabled
lix>     bindir                 : /nix/store/khgamafgkp7vzksxmilx5wzmqki92v6y-lix-2.95.0-pre20260129-dev_b6c8f41/bin
lix>     build-test-env         : /nix/store/aflblv48yhibafwyvh2qfl0r1xx41d6v-busybox-static-x86_64-unknown-linux-musl-1.37.0/bin:/nix/store/84xq1an9yk9sh5g2s0cz58q7j2ziqfkv-acl-static-x86_64-unknown-linux-musl-2.3.2-bin/bin
lix>     build-test-shell       : /nix/store/ihn3s9q5csqbkk3w46iaxq57fd67ahsf-bash-interactive-static-x86_64-unknown-linux-musl-5.3p9/bin
lix>     buildtype              : debugoptimized
lix>     default_library        : both
lix>     dtrace-probes          : enabled
lix>     enable-docs            : true
lix>     enable-tests           : true
lix>     gc                     : enabled
lix>     includedir             : /nix/store/mygkqs2i2p4v0y633p58i29fy3f91nkn-lix-2.95.0-pre20260129-dev_b6c8f41-dev/include
lix>     infodir                : /nix/store/khgamafgkp7vzksxmilx5wzmqki92v6y-lix-2.95.0-pre20260129-dev_b6c8f41/share/info
lix>     internal-api-docs      : disabled
lix>     libdir                 : /nix/store/khgamafgkp7vzksxmilx5wzmqki92v6y-lix-2.95.0-pre20260129-dev_b6c8f41/lib
lix>     libexecdir             : /nix/store/khgamafgkp7vzksxmilx5wzmqki92v6y-lix-2.95.0-pre20260129-dev_b6c8f41/libexec
lix>     localedir              : /nix/store/khgamafgkp7vzksxmilx5wzmqki92v6y-lix-2.95.0-pre20260129-dev_b6c8f41/share/locale
lix>     mandir                 : /nix/store/khgamafgkp7vzksxmilx5wzmqki92v6y-lix-2.95.0-pre20260129-dev_b6c8f41/share/man
lix>     pasta-path             : /nix/store/42i55jcqdczjcl2c0imxczy1b7lr69ll-passt-2025_09_19.623dbf6/bin/pasta
lix>     prefix                 : /nix/store/khgamafgkp7vzksxmilx5wzmqki92v6y-lix-2.95.0-pre20260129-dev_b6c8f41
lix>     sandbox-shell          : /nix/store/m3dxfi2gq218pw8h73al024f6r69a5mj-busybox-1.37.0/bin/busybox
lix>     sbindir                : /nix/store/khgamafgkp7vzksxmilx5wzmqki92v6y-lix-2.95.0-pre20260129-dev_b6c8f41/sbin
lix>     werror                 : false
lix>     wrap_mode              : nodownload
lix> Found ninja-1.13.2 at /nix/store/wc7a9w61k9bqvdnksx7mfj49x55nl8i8-ninja-1.13.2/bin/ninja
lix> Running postconf script '/nix/store/plrdyj6is9kx75rrc945z0gfm4i6j815-python3-3.13.11-env/bin/python3 /build/source/meson/clang-tidy/clean_compdb.py /build/source/build/compile_commands.json /build/source/build/meson/clang-tidy/compile_commands.json'
lix> Running phase: buildPhase
lix> build flags: -j8
lix> [1/573] Generating capnpc_wrapper with a custom command
lix> [2/573] Generating lix/libutil-rs.gen.hh with a custom command
lix> [3/573] Compiling Rust source ../subprojects/rustc-hash-1.1.0/src/lib.rs
lix> [4/573] Generating lix/libutil/archive-settings.gen.inc with a custom command
lix> [5/573] Generating lix/libutil/deprecated-features.gen.inc with a custom command
lix> [6/573] Generating lix/libutil/feature-settings.gen.inc with a custom command
lix> [7/573] Generating lix/libutil/experimental-features.gen.inc with a custom command
lix> [8/573] Compiling Rust source ../lix/libutil/lib.rs
lix> [9/573] Compiling Rust source ../subprojects/text-size-1.1.1/src/lib.rs
lix> [10/573] Generating lix/libutil/logging-settings.gen.inc with a custom command
lix> [11/573] Generating lix/libstore/schema.sql.gen.hh with a custom command (wrapped by meson to capture output)
lix> [12/573] Generating lix/libstore/file-transfer-settings.gen.inc with a custom command
lix> [13/573] Generating lix/libstore/libstore-settings.gen.inc with a custom command
lix> [14/573] Generating lix/libutil/types.capnp.h with a custom command
lix> [15/573] Generating lix/libutil/logging.capnp.h with a custom command
lix> [16/573] Compiling Rust source ../subprojects/countme-3.0.1/src/lib.rs
lix> [17/573] Generating 'lix/libstore/liblixstore.so.p/trace-probes.gen.hh'
lix> [18/573] Generating lix/libstore/types.capnp.h with a custom command
lix> [19/573] Generating lix/libstore/build/hook-instance.capnp.h with a custom command
lix> [20/573] Generating lix/libfetchers/libfetchers-settings.gen.inc with a custom command
lix> [21/573] Generating 'lix/libstore/liblixstore.so.p/trace-probes.o'
lix> [22/573] Generating lix/libexpr/imported-drv-to-derivation.nix.gen.hh with a custom command (wrapped by meson to capture output)
lix> [23/573] Generating 'lix/libfetchers/liblixfetchers.so.p/trace-probes.gen.hh'
lix> [24/573] Generating lix/libexpr/fetchurl.nix.gen.hh with a custom command (wrapped by meson to capture output)
lix> [25/573] Generating lix/libexpr/flake/call-flake.nix.gen.hh with a custom command (wrapped by meson to capture output)
lix> [26/573] Generating lix/libexpr/libexpr-settings.gen.inc with a custom command
lix> [27/573] Generating lix/libexpr/register-builtin-constants.gen.inc with a custom command
lix> [28/573] Generating lix/libexpr/register-builtins.gen.inc with a custom command
lix> [29/573] Generating 'lix/libexpr/liblixexpr.so.p/primops/derivation.nix.gen.hh' (wrapped by meson to capture output)
lix> [30/573] Generating 'lix/libexpr/liblixexpr.so.p/trace-probes.gen.hh'
lix> [31/573] Generating 'lix/libcmd/liblixcmd.so.p/repl-overlays.nix.gen.hh' (wrapped by meson to capture output)
lix> [32/573] Generating 'lix/libmain/liblixmain.so.p/trace-probes.gen.hh'
lix> [33/573] Generating 'lix/libcmd/liblixcmd.so.p/trace-probes.gen.hh'
lix> [34/573] Generating lix/nix/daemon-settings.gen.inc with a custom command
lix> [35/573] Generating lix/nix/develop-settings.gen.inc with a custom command
lix> [36/573] Generating 'lix/nix/nix.p/generate-manpage.nix.gen.hh' (wrapped by meson to capture output)
lix> [37/573] Generating 'lix/nix/nix.p/get-env.sh.gen.hh' (wrapped by meson to capture output)
lix> [38/573] Compiling Rust source ../subprojects/hashbrown-0.14.5/src/lib.rs
lix> [39/573] Generating 'lix/nix/nix.p/doc/files/profiles.md.gen.hh' (wrapped by meson to capture output)
lix> [40/573] Generating 'lix/nix/nix.p/buildenv.nix.gen.hh' (wrapped by meson to capture output)
lix> [41/573] Generating 'lix/nix/nix.p/unpack-channel.nix.gen.hh' (wrapped by meson to capture output)
lix> [42/573] Generating 'lix/nix/nix.p/trace-probes.gen.hh'
lix> [43/573] Generating 'tests/unit/liblixutil-test-support.so.p/trace-probes.gen.hh'
lix> [44/573] Compiling C++ object lix/liblibasanoptions.a.p/asan-options_asan-options.cc.o
lix> [45/573] Compiling Rust source ../subprojects/rowan-0.15.16/src/lib.rs
lix> [46/573] Precompiling header /build/source/lix/pch/precompiled-headers.hh
lix> [47/573] Precompiling header /build/source/lix/pch/precompiled-headers.hh
lix> [48/573] Precompiling header /build/source/lix/pch/precompiled-headers.hh
lix> [49/573] Precompiling header /build/source/lix/pch/precompiled-headers.hh
lix> [50/573] Precompiling header /build/source/lix/pch/precompiled-headers.hh
lix> [51/573] Precompiling header /build/source/lix/pch/precompiled-headers.hh
lix> [52/573] Compiling C++ object lix/libutil/liblixutil.so.p/meson-generated_.._types.capnp.c++.o
lix> [53/573] Compiling C++ object lix/libutil/liblixutil.so.p/meson-generated_.._logging.capnp.c++.o
lix> [54/573] Precompiling header /build/source/lix/pch/precompiled-headers.hh
lix> [55/573] Compiling Rust source ../subprojects/rnix-0.12.0/src/lib.rs
lix> [56/573] Compiling C++ object lix/libutil/liblixutil.so.p/canon-path.cc.o
lix> [57/573] Compiling Rust source ../lix/lix-doc/src/lib.rs
lix> [58/573] Compiling Rust source ../lix/rust-monocrate/src/lib.rs
lix> [59/573] Compiling C++ object lix/libutil/liblixutil.so.p/abstract-config.cc.o
lix> [60/573] Compiling C++ object lix/libutil/liblixutil.so.p/c-calls.cc.o
lix> [61/573] Compiling C++ object lix/libutil/liblixutil.so.p/compute-levels.cc.o
lix> [62/573] Compiling C++ object lix/libutil/liblixutil.so.p/current-process.cc.o
lix> [63/573] Compiling C++ object lix/libutil/liblixutil.so.p/async-io.cc.o
lix> [64/573] Compiling C++ object lix/libutil/liblixutil.so.p/english.cc.o
lix> [65/573] Compiling C++ object lix/libfetchers/liblixfetchers.so.p/attrs.cc.o
lix> [66/573] Compiling C++ object lix/libutil/liblixutil.so.p/compression.cc.o
lix> [67/573] Compiling C++ object lix/libutil/liblixutil.so.p/cgroup.cc.o
lix> [68/573] Compiling C++ object lix/libutil/liblixutil.so.p/escape-char.cc.o
lix> [69/573] Compiling C++ object lix/libutil/liblixutil.so.p/environment-variables.cc.o
lix> [70/573] Compiling C++ object lix/libutil/liblixutil.so.p/escape-string.cc.o
lix> [71/573] Compiling C++ object lix/libutil/liblixutil.so.p/error-trace.cc.o
lix> [72/573] Compiling C++ object lix/libutil/liblixutil.so.p/args.cc.o
lix> [73/573] Compiling C++ object lix/libutil/liblixutil.so.p/deprecated-features.cc.o
lix> [74/573] Compiling C++ object lix/libutil/liblixutil.so.p/file-descriptor.cc.o
lix> [75/573] Compiling C++ object lix/libutil/liblixutil.so.p/git.cc.o
lix> [76/573] Compiling C++ object lix/libutil/liblixutil.so.p/error.cc.o
lix> [77/573] Compiling C++ object lix/libutil/liblixutil.so.p/fmt.cc.o
lix> [78/573] Compiling C++ object lix/libutil/liblixutil.so.p/io-buffer.cc.o
lix> [79/573] Compiling C++ object lix/libutil/liblixutil.so.p/hilite.cc.o
lix> [80/573] Compiling C++ object lix/libutil/liblixutil.so.p/archive.cc.o
lix> [81/573] Compiling C++ object lix/libutil/liblixutil.so.p/experimental-features.cc.o
lix> [82/573] Compiling C++ object lix/libutil/liblixutil.so.p/monitor-fd.cc.o
lix> [83/573] Compiling C++ object lix/libutil/liblixutil.so.p/file-system.cc.o
lix> [84/573] Compiling C++ object lix/libutil/liblixutil.so.p/config.cc.o
lix> [85/573] Compiling C++ object lix/libutil/liblixutil.so.p/hash.cc.o
lix> [86/573] Compiling C++ object lix/libutil/liblixutil.so.p/print-elided.cc.o
lix> [87/573] Compiling C++ object lix/libutil/liblixutil.so.p/json-utils.cc.o
lix> [88/573] Compiling C++ object lix/libutil/liblixutil.so.p/mount.cc.o
lix> [89/573] Compiling C++ object lix/libutil/liblixutil.so.p/position.cc.o
lix> [90/573] Compiling C++ object lix/libutil/liblixutil.so.p/log-format.cc.o
lix> [91/573] Compiling C++ object lix/libutil/liblixutil.so.p/namespaces.cc.o
lix> [92/573] Compiling C++ object lix/libutil/liblixutil.so.p/logging-rpc.cc.o
lix> [93/573] Compiling C++ object lix/libutil/liblixutil.so.p/serialise-async.cc.o
lix> [94/573] Compiling C++ object lix/libutil/liblixutil.so.p/references.cc.o
lix> [95/573] Compiling C++ object lix/libutil/liblixutil.so.p/shlex.cc.o
lix> [96/573] Compiling C++ object lix/libutil/liblixutil.so.p/processes.cc.o
lix> [97/573] Compiling C++ object lix/libutil/liblixutil.so.p/source-path.cc.o
lix> [98/573] Compiling C++ object lix/libutil/liblixutil.so.p/suggestions.cc.o
lix> [99/573] Compiling C++ object lix/libutil/liblixutil.so.p/thread-name.cc.o
lix> [100/573] Compiling C++ object lix/libutil/liblixutil.so.p/signals.cc.o
lix> [101/573] Compiling C++ object lix/libutil/liblixutil.so.p/regex.cc.o
lix> [102/573] Compiling C++ object lix/libutil/liblixutil.so.p/logging.cc.o
lix> [103/573] Compiling C++ object lix/libutil/liblixutil.so.p/terminal.cc.o
lix> [104/573] Compiling C++ object lix/libutil/liblixutil.so.p/strings.cc.o
lix> [105/573] Compiling C++ object lix/libutil/liblixutil.so.p/url-name.cc.o
lix> [106/573] Compiling C++ object lix/libutil/liblixutil.so.p/xml-writer.cc.o
lix> [107/573] Compiling C++ object lix/libstore/liblixstore.so.p/meson-generated_.._types.capnp.c++.o
lix> [108/573] Compiling C++ object lix/libutil/liblixutil.so.p/thread-pool.cc.o
lix> [109/573] Compiling C++ object lix/libutil/liblixutil.so.p/unix-domain-socket.cc.o
lix> [110/573] Compiling C++ object lix/libutil/liblixutil.so.p/tarfile.cc.o
lix> [111/573] Compiling C++ object lix/libstore/liblixstore.so.p/meson-generated_.._build_hook-instance.capnp.c++.o
lix> [112/573] Compiling C++ object lix/libutil/liblixutil.so.p/users.cc.o
lix> [113/573] Compiling C++ object lix/libutil/liblixutil.so.p/url.cc.o
lix> [114/573] Compiling C++ object lix/libstore/liblixstore.so.p/build_child.cc.o
lix> [115/573] Compiling C++ object lix/libstore/liblixstore.so.p/build-result.cc.o
lix> [116/573] Compiling C++ object lix/libutil/liblixutil.so.p/serialise.cc.o
lix> [117/573] Linking target lix/libutil/liblixutil.so
lix> [118/573] Compiling C++ object lix/libstore/liblixstore.so.p/build_personality.cc.o
lix> [119/573] Generating symbol file lix/libutil/liblixutil.so.p/liblixutil.so.symbols
lix> [120/573] Compiling C++ object lix/libstore/liblixstore.so.p/build_goal.cc.o
lix> [121/573] Compiling C++ object lix/libstore/liblixstore.so.p/build_hook-instance.cc.o
lix> [122/573] Compiling C++ object lix/libstore/liblixstore.so.p/build_entry-points.cc.o
lix> [123/573] Compiling C++ object lix/libstore/liblixstore.so.p/builtins_buildenv.cc.o
lix> [124/573] Compiling C++ object lix/libstore/liblixstore.so.p/build_substitution-goal.cc.o
lix> [125/573] Compiling C++ object lix/libstore/liblixstore.so.p/builtins_unpack-channel.cc.o
lix> [126/573] Compiling C++ object lix/libstore/liblixstore.so.p/builtins_fetchurl.cc.o
lix> [127/573] Compiling C++ object lix/libstore/liblixstore.so.p/crypto.cc.o
lix> [128/573] Compiling C++ object lix/libstore/liblixstore.so.p/build_worker.cc.o
lix> [129/573] Compiling C++ object lix/libstore/liblixstore.so.p/content-address.cc.o
lix> [130/573] Compiling C++ object lix/libstore/liblixstore.so.p/common-protocol.cc.o
lix> [131/573] Compiling C++ object lix/libstore/liblixstore.so.p/dummy-store.cc.o
lix> [132/573] Compiling C++ object lix/libstore/liblixstore.so.p/binary-cache-store.cc.o
lix> [133/573] Compiling C++ object lix/libstore/liblixstore.so.p/derived-path.cc.o
lix> [134/573] Compiling C++ object lix/libstore/liblixstore.so.p/daemon.cc.o
lix> [135/573] Compiling C++ object lix/libstore/liblixstore.so.p/export-import.cc.o
lix> [136/573] Compiling C++ object lix/libstore/liblixstore.so.p/build_derivation-goal.cc.o
lix> [137/573] Compiling C++ object lix/libstore/liblixstore.so.p/derivations.cc.o
lix> [138/573] Compiling C++ object lix/libstore/liblixstore.so.p/http-binary-cache-store.cc.o
lix> [139/573] Compiling C++ object lix/libstore/liblixstore.so.p/globals.cc.o
lix> [140/573] Compiling C++ object lix/libstore/liblixstore.so.p/local-binary-cache-store.cc.o
lix> [141/573] Compiling C++ object lix/libstore/liblixstore.so.p/local-fs-store.cc.o
lix> [142/573] Compiling C++ object lix/libstore/liblixstore.so.p/lock.cc.o
lix> [143/573] Compiling C++ object lix/libstore/liblixstore.so.p/filetransfer.cc.o
lix> [144/573] Compiling C++ object lix/libstore/liblixstore.so.p/gc.cc.o
lix> [145/573] Compiling C++ object lix/libstore/liblixstore.so.p/log-store.cc.o
lix> [146/573] Compiling C++ object lix/libstore/liblixstore.so.p/build_local-derivation-goal.cc.o
lix> [147/573] Compiling C++ object lix/libstore/liblixstore.so.p/names.cc.o
lix> [148/573] Compiling C++ object lix/libstore/liblixstore.so.p/make-content-addressed.cc.o
lix> [149/573] Compiling C++ object lix/libstore/liblixstore.so.p/nar-info.cc.o
lix> [150/573] Compiling C++ object lix/libstore/liblixstore.so.p/nar-info-disk-cache.cc.o
lix> [151/573] Compiling C++ object lix/libstore/liblixstore.so.p/nar-accessor.cc.o
lix> [152/573] Compiling C++ object lix/libstore/liblixstore.so.p/outputs-spec.cc.o
lix> [153/573] Compiling C++ object lix/libstore/liblixstore.so.p/legacy-ssh-store.cc.o
lix> [154/573] Compiling C++ object lix/libstore/liblixstore.so.p/optimise-store.cc.o
lix> [155/573] Compiling C++ object lix/libstore/liblixstore.so.p/misc.cc.o
lix> [156/573] Compiling C++ object lix/libstore/liblixstore.so.p/path-references.cc.o
lix> [157/573] Compiling C++ object lix/libstore/liblixstore.so.p/path-info.cc.o
lix> [158/573] Compiling C++ object lix/libstore/liblixstore.so.p/path-with-outputs.cc.o
lix> [159/573] Compiling C++ object lix/libstore/liblixstore.so.p/path.cc.o
lix> [160/573] Compiling C++ object lix/libstore/liblixstore.so.p/parsed-derivations.cc.o
lix> [161/573] Compiling C++ object lix/libstore/liblixstore.so.p/pathlocks.cc.o
lix> [162/573] Compiling C++ object lix/libstore/liblixstore.so.p/platform.cc.o
lix> [163/573] Compiling C++ object lix/libstore/liblixstore.so.p/path-tree.cc.o
lix> [164/573] Compiling C++ object lix/libstore/liblixstore.so.p/local-store.cc.o
lix> [165/573] Compiling C++ object lix/libstore/liblixstore.so.p/profiles.cc.o
lix> [166/573] Compiling C++ object lix/libstore/liblixstore.so.p/machines.cc.o
lix> [167/573] Compiling C++ object lix/libstore/liblixstore.so.p/sqlite.cc.o
lix> [168/573] Compiling C++ object lix/libstore/liblixstore.so.p/serve-protocol.cc.o
lix> [169/573] Compiling C++ object lix/libstore/liblixstore.so.p/realisation.cc.o
lix> [170/573] Compiling C++ object lix/libstore/liblixstore.so.p/temporary-dir.cc.o
lix> [171/573] Compiling C++ object lix/libstore/liblixstore.so.p/ssh.cc.o
lix> [172/573] Compiling C++ object lix/libstore/liblixstore.so.p/ssh-store.cc.o
lix> [173/573] Compiling C++ object lix/libstore/liblixstore.so.p/remote-fs-accessor.cc.o
lix> [174/573] Compiling C++ object lix/libstore/liblixstore.so.p/worker-protocol.cc.o
lix> [175/573] Compiling C++ object lix/libfetchers/liblixfetchers.so.p/fetch-settings.cc.o
lix> [176/573] Compiling C++ object lix/libstore/liblixstore.so.p/uds-remote-store.cc.o
lix> [177/573] Compiling C++ object lix/libstore/liblixstore.so.p/s3-binary-cache-store.cc.o
lix> [178/573] Compiling C++ object lix/libfetchers/liblixfetchers.so.p/fetch-to-store.cc.o
lix> [179/573] Compiling C++ object lix/libfetchers/liblixfetchers.so.p/cache.cc.o
lix> [180/573] Compiling C++ object lix/libfetchers/liblixfetchers.so.p/indirect.cc.o
lix> [181/573] Compiling C++ object lix/libstore/liblixstore.so.p/platform_linux.cc.o
lix> [182/573] Compiling C++ object lix/libfetchers/liblixfetchers.so.p/fetchers.cc.o
lix> [183/573] Compiling C++ object lix/libfetchers/liblixfetchers.so.p/path.cc.o
lix> [184/573] Compiling C++ object lix/libfetchers/liblixfetchers.so.p/github.cc.o
lix> [185/573] Compiling C++ object lix/libfetchers/liblixfetchers.so.p/mercurial.cc.o
lix> [186/573] Compiling C++ object lix/libfetchers/liblixfetchers.so.p/tarball.cc.o
lix> [187/573] Compiling C++ object lix/libexpr/liblixexpr.so.p/attr-path.cc.o
lix> [188/573] Compiling C++ object lix/libfetchers/liblixfetchers.so.p/registry.cc.o
lix> [189/573] Compiling C++ object lix/libexpr/liblixexpr.so.p/eval-settings.cc.o
lix> [190/573] Compiling C++ object lix/libexpr/liblixexpr.so.p/attr-set.cc.o
lix> [191/573] Compiling C++ object lix/libstore/liblixstore.so.p/store-api.cc.o
lix> [192/573] Compiling C++ object lix/libexpr/liblixexpr.so.p/eval-error.cc.o
lix> [193/573] Compiling C++ object lix/libfetchers/liblixfetchers.so.p/git.cc.o
lix> [194/573] Compiling C++ object lix/libexpr/liblixexpr.so.p/eval-expr.cc.o
lix> [195/573] Compiling C++ object lix/libexpr/liblixexpr.so.p/eval-cache.cc.o
lix> [196/573] Compiling C++ object lix/libexpr/liblixexpr.so.p/gc-alloc.cc.o
lix> [197/573] Compiling C++ object lix/libexpr/liblixexpr.so.p/function-trace.cc.o
lix> [198/573] Compiling C++ object lix/libstore/liblixstore.so.p/remote-store.cc.o
lix> [199/573] Compiling C++ object lix/libexpr/liblixexpr.so.p/flake_config.cc.o
lix> [200/573] Compiling C++ object lix/libexpr/liblixexpr.so.p/flake_flakeref.cc.o
lix> [201/573] Linking target lix/libstore/liblixstore.so
lix> [202/573] Generating symbol file lix/libstore/liblixstore.so.p/liblixstore.so.symbols
lix> [203/573] Linking target lix/libfetchers/liblixfetchers.so
lix> [204/573] Generating symbol file lix/libfetchers/liblixfetchers.so.p/liblixfetchers.so.symbols
lix> [205/573] Compiling C++ object lix/libexpr/liblixexpr.so.p/flake_flake.cc.o
lix> [206/573] Compiling C++ object lix/libexpr/liblixexpr.so.p/json-to-value.cc.o
lix> [207/573] Compiling C++ object lix/libexpr/liblixexpr.so.p/get-drvs.cc.o
lix> [208/573] Compiling C++ object lix/libexpr/liblixexpr.so.p/flake_lockfile.cc.o
lix> [209/573] Compiling C++ object lix/libexpr/liblixexpr.so.p/eval.cc.o
lix> [210/573] Compiling C++ object lix/libexpr/liblixexpr.so.p/nixexpr.cc.o
lix> [211/573] Compiling C++ object lix/libexpr/liblixexpr.so.p/primops_context.cc.o
lix> [212/573] Compiling C++ object lix/libexpr/liblixexpr.so.p/search-path.cc.o
lix> [213/573] Compiling C++ object lix/libexpr/liblixexpr.so.p/primops_fetchMercurial.cc.o
lix> [214/573] Compiling C++ object lix/libexpr/liblixexpr.so.p/print-ambiguous.cc.o
lix> [215/573] Compiling C++ object lix/libexpr/liblixexpr.so.p/primops_fetchTree.cc.o
lix> [216/573] Compiling C++ object lix/libexpr/liblixexpr.so.p/value_context.cc.o
lix> [217/573] Compiling C++ object lix/libexpr/liblixexpr.so.p/print.cc.o
lix> [218/573] Compiling C++ object lix/libmain/liblixmain.so.p/crash-handler.cc.o
lix> [219/573] Compiling C++ object lix/libexpr/liblixexpr.so.p/value.cc.o
lix> [220/573] Compiling C++ object lix/libexpr/liblixexpr.so.p/value-to-xml.cc.o
lix> [221/573] Compiling C++ object lix/libmain/liblixmain.so.p/common-args.cc.o
lix> [222/573] Compiling C++ object lix/libexpr/liblixexpr.so.p/value-to-json.cc.o
lix> [223/573] Compiling C++ object lix/libmain/liblixmain.so.p/loggers.cc.o
lix> [224/573] Compiling C++ object lix/libmain/liblixmain.so.p/progress-bar.cc.o
lix> [225/573] Compiling C++ object lix/libmain/liblixmain.so.p/stack.cc.o
lix> [226/573] Compiling C++ object lix/libmain/liblixmain.so.p/shared.cc.o
lix> [227/573] Compiling C++ object lix/libexpr/liblixexpr.so.p/primops.cc.o
lix> [228/573] Compiling C++ object lix/libcmd/liblixcmd.so.p/editor-for.cc.o
lix> [229/573] Compiling C++ object lix/libcmd/liblixcmd.so.p/built-path.cc.o
lix> [230/573] Compiling C++ object lix/libexpr/liblixexpr.so.p/primops_fromTOML.cc.o
lix> [231/573] Compiling C++ object lix/libcmd/liblixcmd.so.p/command.cc.o
lix> [232/573] Compiling C++ object lix/libcmd/liblixcmd.so.p/cmd-profiles.cc.o
lix> [233/573] Compiling C++ object lix/libcmd/liblixcmd.so.p/installable-derived-path.cc.o
lix> [234/573] Compiling C++ object lix/libcmd/liblixcmd.so.p/installable-attr-path.cc.o
lix> [235/573] Compiling C++ object lix/libcmd/liblixcmd.so.p/common-eval-args.cc.o
lix> [236/573] Compiling C++ object lix/libcmd/liblixcmd.so.p/legacy.cc.o
lix> [237/573] Compiling C++ object lix/libexpr/liblixexpr.so.p/parser_parser.cc.o
lix> [238/573] Compiling C++ object lix/libcmd/liblixcmd.so.p/installable-value.cc.o
lix> [239/573] Linking target lix/libexpr/liblixexpr.so
lix> [240/573] Generating symbol file lix/libexpr/liblixexpr.so.p/liblixexpr.so.symbols
lix> [241/573] Linking target lix/libmain/liblixmain.so
lix> [242/573] Compiling C++ object lix/libcmd/liblixcmd.so.p/repl-interacter.cc.o
lix> [243/573] Generating symbol file lix/libmain/liblixmain.so.p/liblixmain.so.symbols
lix> [244/573] Compiling C++ object lix/libcmd/liblixcmd.so.p/installable-flake.cc.o
lix> [245/573] Compiling C++ object lix/libcmd/liblixcmd.so.p/markdown.cc.o
lix> [246/573] Linking static target lix/liblibasanoptions.a
lix> [247/573] Generating 'tests/unit/liblixstore-test-support.so.p/trace-probes.gen.hh'
lix> [248/573] Compiling C++ object tests/unit/liblixutil-test-support.so.p/libutil-support_tests_terminal-code-eater.cc.o
lix> [249/573] Compiling C++ object tests/unit/liblixutil-test-support.so.p/libutil-support_tests_cli-literate-parser.cc.o
lix> [250/573] Compiling C++ object tests/unit/liblixutil-test-support.so.p/libutil-support_tests_test-data.cc.o
lix> [251/573] Compiling C++ object tests/unit/liblixutil-test-support.so.p/libutil-support_tests_hash.cc.o
lix> [252/573] Compiling C++ object lix/nix/nix.p/add-to-store.cc.o
lix> [253/573] Compiling C++ object lix/nix/nix.p/app.cc.o
lix> [254/573] Compiling C++ object lix/nix/nix.p/cat.cc.o
lix> [255/573] Compiling C++ object lix/libcmd/liblixcmd.so.p/installables.cc.o
lix> [256/573] Compiling C++ object lix/nix/nix.p/build.cc.o
lix> [257/573] Compiling C++ object lix/nix/nix.p/bundle.cc.o
lix> [258/573] Compiling C++ object lix/nix/nix.p/config.cc.o
lix> [259/573] Compiling C++ object lix/libcmd/liblixcmd.so.p/repl.cc.o
lix> [260/573] Linking target lix/libcmd/liblixcmd.so
lix> [261/573] Generating symbol file lix/libcmd/liblixcmd.so.p/liblixcmd.so.symbols
lix> [262/573] Compiling C++ object lix/nix/nix.p/copy.cc.o
lix> [263/573] Compiling C++ object lix/nix/nix.p/derivation.cc.o
lix> [264/573] Compiling C++ object lix/nix/nix.p/derivation-show.cc.o
lix> [265/573] Compiling C++ object lix/nix/nix.p/daemon.cc.o
lix> [266/573] Compiling C++ object lix/nix/nix.p/derivation-add.cc.o
lix> [267/573] Compiling C++ object lix/nix/nix.p/dump-path.cc.o
lix> [268/573] Compiling C++ object lix/nix/nix.p/doctor.cc.o
lix> [269/573] Compiling C++ object lix/nix/nix.p/diff-closures.cc.o
lix> [270/573] Compiling C++ object lix/nix/nix.p/edit.cc.o
lix> [271/573] Compiling C++ object lix/nix/nix.p/fmt.cc.o
lix> [272/573] Compiling C++ object lix/nix/nix.p/eval.cc.o
lix> [273/573] Compiling C++ object lix/nix/nix.p/develop.cc.o
lix> [274/573] Compiling C++ object lix/nix/nix.p/log.cc.o
lix> [275/573] Compiling C++ object lix/nix/nix.p/hash.cc.o
lix> [276/573] Compiling C++ object lix/nix/nix.p/nar.cc.o
lix> [277/573] Compiling C++ object lix/nix/nix.p/make-content-addressed.cc.o
lix> [278/573] Compiling C++ object lix/nix/nix.p/optimise-store.cc.o
lix> [279/573] Compiling C++ object lix/nix/nix.p/ls.cc.o
lix> [280/573] Compiling C++ object lix/nix/nix.p/path-from-hash-part.cc.o
lix> [281/573] Compiling C++ object lix/nix/nix.p/main.cc.o
lix> [282/573] Compiling C++ object lix/nix/nix.p/flake.cc.o
lix> [283/573] Compiling C++ object lix/nix/nix.p/path-info.cc.o
lix> [284/573] Compiling C++ object lix/nix/nix.p/ping-store.cc.o
lix> [285/573] Compiling C++ object lix/nix/nix.p/realisation.cc.o
lix> [286/573] Compiling C++ object lix/nix/nix.p/repl.cc.o
lix> [287/573] Compiling C++ object lix/nix/nix.p/registry.cc.o
lix> [288/573] Compiling C++ object lix/nix/nix.p/prefetch.cc.o
lix> [289/573] Compiling C++ object lix/nix/nix.p/run.cc.o
lix> [290/573] Compiling C++ object lix/nix/nix.p/profile.cc.o
lix> [291/573] Compiling C++ object lix/nix/nix.p/store-copy-log.cc.o
lix> [292/573] Compiling C++ object lix/nix/nix.p/search.cc.o
lix> [293/573] Compiling C++ object lix/nix/nix.p/store-delete.cc.o
lix> [294/573] Compiling C++ object lix/nix/nix.p/sigs.cc.o
lix> [295/573] Compiling C++ object lix/nix/nix.p/store-repair.cc.o
lix> [296/573] Compiling C++ object lix/nix/nix.p/store-gc.cc.o
lix> [297/573] Compiling C++ object lix/nix/nix.p/store.cc.o
lix> [298/573] Compiling C++ object lix/nix/nix.p/.._legacy_builtin-builder.cc.o
lix> [299/573] Compiling C++ object lix/nix/nix.p/.._legacy_dotgraph.cc.o
lix> [300/573] Compiling C++ object lix/nix/nix.p/.._legacy_graphml.cc.o
lix> [301/573] Compiling C++ object lix/nix/nix.p/why-depends.cc.o
lix> [302/573] Compiling C++ object lix/nix/nix.p/verify.cc.o
lix> [303/573] Compiling C++ object lix/nix/nix.p/upgrade-nix.cc.o
lix> [304/573] Compiling C++ object lix/nix/nix.p/.._legacy_nix-collect-garbage.cc.o
lix> [305/573] Compiling C++ object lix/nix/nix.p/.._legacy_nix-copy-closure.cc.o
lix> [306/573] Linking target tests/unit/liblixutil-test-support.so
lix> [307/573] Compiling C++ object lix/nix/nix.p/.._legacy_nix-channel.cc.o
lix> [308/573] Generating symbol file tests/unit/liblixutil-test-support.so.p/liblixutil-test-support.so.symbols
lix> [309/573] Generating 'tests/unit/liblixexpr-test-support.so.p/trace-probes.gen.hh'
lix> [310/573] Compiling C++ object lix/nix/nix.p/.._legacy_build-remote.cc.o
lix> [311/573] Generating 'tests/unit/liblixutil-tests.p/trace-probes.gen.hh'
lix> [312/573] Generating 'tests/unit/liblixstore-tests.p/trace-probes.gen.hh'
lix> [313/573] Generating 'tests/unit/liblixexpr-tests.p/trace-probes.gen.hh'
lix> [314/573] Generating 'tests/unit/liblix-tests.p/trace-probes.gen.hh'
lix> [315/573] Generating 'tests/unit/liblixmain-tests.p/trace-probes.gen.hh'
lix> [316/573] Generating doc/manual/src/command-ref/conf-file.md with a custom command
lix> [317/573] Generating doc/manual/src/release-notes/rl-next-generated.md with a custom command (wrapped by meson because command contains newlines, to capture output)
lix> [318/573] Precompiling header /build/source/lix/pch/precompiled-headers.hh
lix> [319/573] Precompiling header /build/source/lix/pch/precompiled-headers.hh
lix> [320/573] Compiling C++ object lix/nix/nix.p/.._legacy_nix-instantiate.cc.o
lix> [321/573] Compiling C++ object lix/nix/nix.p/.._legacy_nix-build.cc.o
lix> [322/573] Precompiling header /build/source/lix/pch/precompiled-headers.hh
lix> [323/573] Compiling C++ object lix/nix/nix.p/.._legacy_user-env.cc.o
lix> [324/573] Compiling C++ object tests/unit/liblixstore-test-support.so.p/libstore-support_tests_derived-path.cc.o
lix> [325/573] Compiling C++ object tests/unit/liblixstore-test-support.so.p/libstore-support_tests_outputs-spec.cc.o
lix> [326/573] Compiling C++ object tests/unit/liblixexpr-test-support.so.p/libexpr-support_tests_value_context.cc.o
lix> [327/573] Generating 'contrib/plugins/libplugin_mtls_store.so.p/trace-probes.gen.hh'
lix> [328/573] Precompiling header /build/source/lix/pch/precompiled-headers.hh
lix> [329/573] Compiling C++ object lix/nix/nix.p/.._legacy_nix-store.cc.o
lix> [330/573] Precompiling header /build/source/lix/pch/precompiled-headers.hh
lix> [331/573] Precompiling header /build/source/lix/pch/precompiled-headers.hh
lix> [332/573] Compiling C++ object lix/nix/nix.p/.._legacy_nix-env.cc.o
lix> [333/573] Compiling C++ object tests/unit/liblixstore-test-support.so.p/libstore-support_tests_path.cc.o
lix> [334/573] Linking target tests/unit/liblixstore-test-support.so
lix> [335/573] Precompiling header /build/source/lix/pch/precompiled-headers.hh
lix> [336/573] Generating symbol file tests/unit/liblixstore-test-support.so.p/liblixstore-test-support.so.symbols
lix> [337/573] Linking target lix/nix/nix
lix> [338/573] Linking target tests/unit/liblixexpr-test-support.so
lix> [339/573] Generating doc/manual/nix.json with a custom command (wrapped by meson to set env, to capture output)
lix> [340/573] Compiling C++ object lix/libexec/check-namespace-support.p/check-namespace-support.cc.o
lix> [341/573] Generating doc/manual/src/command-ref/new-cli.json with a custom command (wrapped by meson to set env, to capture output)
lix> [342/573] Generating doc/manual/src/command-ref/new-cli with a custom command
lix> json-to-tree.py: wrote 87 files
lix> [343/573] Compiling C++ object lix/libexec/kill-user.p/kill-user.cc.o
lix> [344/573] Compiling C++ object lix/libexec/run-build-hook.p/run-build-hook.cc.o
lix> [345/573] Compiling C++ object lix/libexec/run-diff-hook.p/run-diff-hook.cc.o
lix> [346/573] Compiling C++ object lix/libexec/run-pager.p/run-pager.cc.o
lix> [347/573] Generating doc/manual/manual with a custom command (wrapped by meson because command contains newlines, to set env)
lix> [348/573] Compiling C++ object tests/unit/liblixutil-tests.p/libutil_async-semaphore.cc.o
lix> [349/573] Compiling C++ object tests/unit/liblixutil-tests.p/libutil_backoff.cc.o
lix> [350/573] Compiling C++ object lix/libexec/unix-bind-connect.p/unix-bind-connect.cc.o
lix> [351/573] Compiling C++ object tests/unit/liblixutil-tests.p/libutil_async-collect.cc.o
lix> [352/573] Compiling C++ object tests/unit/liblixutil-tests.p/libutil_canon-path.cc.o
lix> [353/573] Compiling C++ object tests/unit/liblixutil-tests.p/libutil_async-io.cc.o
lix> [354/573] Compiling C++ object tests/unit/liblixutil-tests.p/libutil_chunked-vector.cc.o
lix> [355/573] Compiling C++ object tests/unit/liblixutil-tests.p/libutil_escape-string.cc.o
lix> [356/573] Compiling C++ object tests/unit/liblixutil-tests.p/libutil_closure.cc.o
lix> [357/573] Compiling C++ object tests/unit/liblixutil-tests.p/libutil_git.cc.o
lix> [358/573] Compiling C++ object tests/unit/liblixutil-tests.p/libutil_fmt.cc.o
lix> [359/573] Compiling C++ object tests/unit/liblixutil-tests.p/libutil_io-buffer.cc.o
lix> [360/573] Compiling C++ object tests/unit/liblixutil-tests.p/libutil_checked-arithmetic.cc.o
lix> [361/573] Compiling C++ object tests/unit/liblixutil-tests.p/libutil_compression.cc.o
lix> [362/573] Compiling C++ object tests/unit/liblixutil-tests.p/libutil_hash.cc.o
lix> [363/573] Compiling C++ object tests/unit/liblixutil-tests.p/libutil_logging.cc.o
lix> [364/573] Compiling C++ object tests/unit/liblixutil-tests.p/libutil_generator.cc.o
lix> [365/573] Compiling C++ object tests/unit/liblixutil-tests.p/libutil_hilite.cc.o
lix> [366/573] Compiling C++ object tests/unit/liblixutil-tests.p/libutil_linear-map.cc.o
lix> [367/573] Compiling C++ object tests/unit/liblixutil-tests.p/libutil_lru-cache.cc.o
lix> [368/573] Compiling C++ object tests/unit/liblixutil-tests.p/libutil_monitor-fd.cc.o
lix> [369/573] Compiling C++ object tests/unit/liblixutil-tests.p/libutil_paths-setting.cc.o
lix> [370/573] Compiling C++ object tests/unit/liblixutil-tests.p/libutil_rust.cc.o
lix> [371/573] Compiling C++ object tests/unit/liblixutil-tests.p/libutil_pool.cc.o
lix> [372/573] Compiling C++ object tests/unit/liblixutil-tests.p/libutil_references.cc.o
lix> [373/573] Compiling C++ object tests/unit/liblixutil-tests.p/libutil_suggestions.cc.o
lix> [374/573] Compiling C++ object tests/unit/liblixutil-tests.p/libutil_config.cc.o
lix> [375/573] Compiling C++ object tests/unit/liblixutil-tests.p/libutil_archive.cc.o
lix> [376/573] Compiling C++ object tests/unit/liblixutil-tests.p/libutil_tarfile.cc.o
lix> [377/573] Compiling C++ object tests/unit/liblixutil-tests.p/libutil_json-utils.cc.o
lix> [378/573] Compiling C++ object tests/unit/liblixutil-tests.p/libutil_serialise.cc.o
lix> [379/573] Compiling C++ object tests/unit/liblixutil-tests.p/libutil_url-name.cc.o
lix> [380/573] Compiling C++ object tests/unit/liblixutil-tests.p/libutil_xml-writer.cc.o
lix> [381/573] Compiling C++ object tests/unit/liblixutil-tests.p/libutil_topo-sort.cc.o
lix> [382/573] Compiling C++ object tests/unit/liblixutil-tests.p/libutil_thread-pool.cc.o
lix> [383/573] Compiling C++ object tests/unit/liblixutil-tests.p/libutil_url.cc.o
lix> [384/573] Compiling C++ object tests/unit/liblixutil-tests.p/libutil_terminal.cc.o
lix> [385/573] Compiling C++ object tests/unit/liblixstore-tests.p/libstore_machines_legacy.cc.o
lix> [386/573] Compiling C++ object tests/unit/liblixstore-tests.p/libstore_derived-path.cc.o
lix> [387/573] Compiling C++ object tests/unit/liblixstore-tests.p/libstore_nar-info-disk-cache.cc.o
lix> [388/573] Compiling C++ object tests/unit/liblixstore-tests.p/libstore_machines_toml.cc.o
lix> [389/573] Compiling C++ object tests/unit/liblixstore-tests.p/libstore_filetransfer.cc.o
lix> [390/573] Compiling C++ object tests/unit/liblixutil-tests.p/libutil_tests.cc.o
lix> [391/573] Compiling C++ object tests/unit/liblixstore-tests.p/libstore_common-protocol.cc.o
lix> [392/573] Generating symbol file tests/unit/liblixexpr-test-support.so.p/liblixexpr-test-support.so.symbols
lix> [393/573] Compiling C++ object tests/unit/liblixstore-tests.p/libstore_references.cc.o
lix> [394/573] Compiling C++ object tests/unit/liblixstore-tests.p/libstore_derivation.cc.o
lix> [395/573] Compiling C++ object tests/unit/liblixstore-tests.p/libstore_path-tree.cc.o
lix> [396/573] Compiling C++ object tests/unit/liblixstore-tests.p/libstore_path.cc.o
lix> [397/573] Compiling C++ object tests/unit/liblixstore-tests.p/libstore_outputs-spec.cc.o
lix> [398/573] Compiling C++ object tests/unit/liblixexpr-tests.p/libexpr_flakeref.cc.o
lix> [399/573] Compiling C++ object tests/unit/liblixstore-tests.p/libstore_serve-protocol.cc.o
lix> [400/573] Compiling C++ object tests/unit/liblixstore-tests.p/libstore_worker-protocol.cc.o
lix> [401/573] Compiling C++ object tests/unit/liblixexpr-tests.p/libexpr_search-path.cc.o
lix> [402/573] Compiling C++ object tests/unit/liblixexpr-tests.p/libexpr_attr-path.cc.o
lix> [403/573] Compiling C++ object tests/unit/liblixexpr-tests.p/libexpr_derived-path.cc.o
lix> [404/573] Compiling C++ object tests/unit/liblixmain-tests.p/libmain_crash.cc.o
lix> [405/573] Compiling C++ object tests/unit/liblixexpr-tests.p/libexpr_json.cc.o
lix> [406/573] Compiling C++ object tests/unit/liblixexpr-tests.p/libexpr_value_context.cc.o
lix> [407/573] Compiling C++ object tests/unit/liblix-tests.p/libcmd_args.cc.o
lix> [408/573] Linking static target lix/libutil/liblixutil.a
lix> [409/573] Linking static target lix/libstore/liblixstore.a
lix> [410/573] Linking static target lix/libfetchers/liblixfetchers.a
lix> [411/573] Compiling C++ object tests/unit/liblixexpr-tests.p/libexpr_value_print.cc.o
lix> [412/573] Linking static target lix/libmain/liblixmain.a
lix> [413/573] Linking static target lix/libexpr/liblixexpr.a
lix> [414/573] Linking static target lix/libcmd/liblixcmd.a
lix> [415/573] Linking target lix/libexec/check-namespace-support
lix> [416/573] Compiling Rust source ../lix/lix-doc/src/lib.rs
lix> [417/573] Linking target lix/libexec/kill-user
lix> [418/573] Compiling C++ object tests/unit/liblixmain-tests.p/libmain_progress-bar.cc.o
lix> [419/573] Linking target lix/libexec/run-build-hook
lix> [420/573] Linking target lix/libexec/run-diff-hook
lix> [421/573] Linking target lix/libexec/run-pager
lix> [422/573] Copying file lix/legacy/unpack-channel.nix
lix> [423/573] Copying file scripts/nix-profile.sh.in
lix> [424/573] Copying file misc/bash/nix
lix> [425/573] Copying file misc/fish/nix.fish
lix> [426/573] Compiling C++ object tests/unit/liblixexpr-tests.p/libexpr_trivial.cc.o
lix> [427/573] Copying file misc/zsh/_nix
lix> [428/573] Linking target lix/libexec/unix-bind-connect
lix> [429/573] Generating doc/manual/nix-env-install.1 with a custom command
lix> [430/573] Generating doc/manual/nix-env-delete-generations.1 with a custom command
lix> [431/573] Generating doc/manual/nix-env-list-generations.1 with a custom command
lix> [432/573] Generating doc/manual/nix-env-rollback.1 with a custom command
lix> [433/573] Generating doc/manual/nix-env-query.1 with a custom command
lix> [434/573] Generating doc/manual/nix-env-set-flag.1 with a custom command
lix> [435/573] Generating doc/manual/nix-env-set.1 with a custom command
lix> [436/573] Generating doc/manual/nix-env-switch-generation.1 with a custom command
lix> [437/573] Generating doc/manual/nix-env-switch-profile.1 with a custom command
lix> [438/573] Generating doc/manual/nix-env-uninstall.1 with a custom command
lix> [439/573] Generating doc/manual/nix-env-upgrade.1 with a custom command
lix> [440/573] Generating doc/manual/nix-store-add-fixed.1 with a custom command
lix> [441/573] Generating doc/manual/nix-store-add.1 with a custom command
lix> [442/573] Generating doc/manual/nix-store-delete.1 with a custom command
lix> [443/573] Generating doc/manual/nix-store-dump.1 with a custom command
lix> [444/573] Generating doc/manual/nix-store-dump-db.1 with a custom command
lix> [445/573] Generating doc/manual/nix-store-export.1 with a custom command
lix> [446/573] Generating doc/manual/nix-store-gc.1 with a custom command
lix> [447/573] Generating doc/manual/nix-store-generate-binary-cache-key.1 with a custom command
lix> [448/573] Generating doc/manual/nix-store-import.1 with a custom command
lix> [449/573] Generating doc/manual/nix-store-load-db.1 with a custom command
lix> [450/573] Generating doc/manual/nix-store-print-env.1 with a custom command
lix> [451/573] Generating doc/manual/nix-store-optimise.1 with a custom command
lix> [452/573] Generating doc/manual/nix-store-read-log.1 with a custom command
lix> [453/573] Generating doc/manual/nix-store-query.1 with a custom command
lix> [454/573] Generating doc/manual/nix-store-realise.1 with a custom command
lix> [455/573] Generating doc/manual/nix-store-repair-path.1 with a custom command
lix> [456/573] Generating doc/manual/nix-store-serve.1 with a custom command
lix> [457/573] Generating doc/manual/nix-store-restore.1 with a custom command
lix> [458/573] Generating doc/manual/nix-store-verify.1 with a custom command
lix> [459/573] Generating doc/manual/nix-store-verify-path.1 with a custom command
lix> [460/573] Generating doc/manual/nix3-build.1 with a custom command
lix> [461/573] Generating doc/manual/nix3-bundle.1 with a custom command
lix> [462/573] Generating doc/manual/nix3-config.1 with a custom command
lix> [463/573] Generating doc/manual/nix3-config-show.1 with a custom command
lix> [464/573] Generating doc/manual/nix3-derivation-add.1 with a custom command
lix> [465/573] Generating doc/manual/nix3-copy.1 with a custom command
lix> [466/573] Generating doc/manual/nix3-daemon.1 with a custom command
lix> [467/573] Generating doc/manual/nix3-derivation.1 with a custom command
lix> [468/573] Generating doc/manual/nix3-develop.1 with a custom command
lix> [469/573] Generating doc/manual/nix3-derivation-show.1 with a custom command
lix> [470/573] Generating doc/manual/nix3-doctor.1 with a custom command
lix> [471/573] Generating doc/manual/nix3-edit.1 with a custom command
lix> [472/573] Generating doc/manual/nix3-eval.1 with a custom command
lix> [473/573] Copying file misc/zsh/run-help-nix
lix> [474/573] Generating doc/manual/nix3-flake-archive.1 with a custom command
lix> [475/573] Generating doc/manual/nix3-flake-check.1 with a custom command
lix> [476/573] Generating doc/manual/nix3-flake-clone.1 with a custom command
lix> [477/573] Generating doc/manual/nix3-flake-info.1 with a custom command
lix> [478/573] Generating doc/manual/nix3-flake-init.1 with a custom command
lix> [479/573] Generating doc/manual/nix3-flake-lock.1 with a custom command
lix> [480/573] Copying file misc/runinpty.py
lix> [481/573] Generating doc/manual/nix3-flake.1 with a custom command
lix> [482/573] Generating doc/manual/nix3-flake-metadata.1 with a custom command
lix> [483/573] Generating doc/manual/nix3-flake-new.1 with a custom command
lix> [484/573] Generating doc/manual/nix3-flake-show.1 with a custom command
lix> [485/573] Generating doc/manual/nix3-flake-prefetch.1 with a custom command
lix> [486/573] Generating doc/manual/nix3-flake-update.1 with a custom command
lix> [487/573] Generating doc/manual/nix3-fmt.1 with a custom command
lix> [488/573] Generating doc/manual/nix3-hash-file.1 with a custom command
lix> [489/573] Generating doc/manual/nix3-hash.1 with a custom command
lix> [490/573] Generating doc/manual/nix3-hash-path.1 with a custom command
lix> [491/573] Generating doc/manual/nix3-hash-to-base16.1 with a custom command
lix> [492/573] Generating doc/manual/nix3-hash-to-base32.1 with a custom command
lix> [493/573] Generating doc/manual/nix3-hash-to-base64.1 with a custom command
lix> [494/573] Generating doc/manual/nix3-hash-to-sri.1 with a custom command
lix> [495/573] Generating doc/manual/nix3-help.1 with a custom command
lix> [496/573] Generating doc/manual/nix3-key-convert-secret-to-public.1 with a custom command
lix> [497/573] Generating doc/manual/nix3-key.1 with a custom command
lix> [498/573] Generating doc/manual/nix3-key-generate-secret.1 with a custom command
lix> [499/573] Generating doc/manual/nix3-help-stores.1 with a custom command
lix> [500/573] Generating doc/manual/nix3-log.1 with a custom command
lix> [501/573] Generating doc/manual/nix3-nar-cat.1 with a custom command
lix> [502/573] Generating doc/manual/nix3-nar-dump-path.1 with a custom command
lix> [503/573] Generating doc/manual/nix3-nar-ls.1 with a custom command
lix> [504/573] Generating doc/manual/nix3-nar.1 with a custom command
lix> [505/573] Generating doc/manual/nix3-path-info.1 with a custom command
lix> [506/573] Generating doc/manual/nix3-profile-diff-closures.1 with a custom command
lix> [507/573] Generating doc/manual/nix3-print-dev-env.1 with a custom command
lix> [508/573] Generating doc/manual/nix3-profile-history.1 with a custom command
lix> [509/573] Generating doc/manual/nix3-profile-install.1 with a custom command
lix> [510/573] Generating doc/manual/nix3-profile.1 with a custom command
lix> [511/573] Generating doc/manual/nix3-profile-list.1 with a custom command
lix> [512/573] Generating doc/manual/nix3-profile-remove.1 with a custom command
lix> [513/573] Generating doc/manual/nix3-profile-rollback.1 with a custom command
lix> [514/573] Generating doc/manual/nix3-profile-upgrade.1 with a custom command
lix> [515/573] Generating doc/manual/nix3-profile-wipe-history.1 with a custom command
lix> [516/573] Generating doc/manual/nix3-realisation.1 with a custom command
lix> [517/573] Generating doc/manual/nix3-realisation-info.1 with a custom command
lix> [518/573] Generating doc/manual/nix3-registry-add.1 with a custom command
lix> [519/573] Generating doc/manual/nix3-registry-list.1 with a custom command
lix> [520/573] Generating doc/manual/nix3-registry.1 with a custom command
lix> [521/573] Generating doc/manual/nix3-registry-remove.1 with a custom command
lix> [522/573] Generating doc/manual/nix3-registry-pin.1 with a custom command
lix> [523/573] Generating doc/manual/nix3-repl.1 with a custom command
lix> [524/573] Generating doc/manual/nix3-run.1 with a custom command
lix> [525/573] Generating doc/manual/nix3-search.1 with a custom command
lix> [526/573] Generating doc/manual/nix3-store-add-file.1 with a custom command
lix> [527/573] Generating doc/manual/nix3-shell.1 with a custom command
lix> [528/573] Generating doc/manual/nix3-store-add-path.1 with a custom command
lix> [529/573] Generating doc/manual/nix3-store-cat.1 with a custom command
lix> [530/573] Generating doc/manual/nix3-store-copy-log.1 with a custom command
lix> [531/573] Generating doc/manual/nix3-store-copy-sigs.1 with a custom command
lix> [532/573] Generating doc/manual/nix3-store-delete.1 with a custom command
lix> [533/573] Generating doc/manual/nix3-store-dump-path.1 with a custom command
lix> [534/573] Generating doc/manual/nix3-store-diff-closures.1 with a custom command
lix> [535/573] Generating doc/manual/nix3-store-gc.1 with a custom command
lix> [536/573] Generating doc/manual/nix3-store-ls.1 with a custom command
lix> [537/573] Generating doc/manual/nix3-store.1 with a custom command
lix> [538/573] Generating doc/manual/nix3-store-make-content-addressed.1 with a custom command
lix> [539/573] Generating doc/manual/nix3-store-optimise.1 with a custom command
lix> [540/573] Generating doc/manual/nix3-store-path-from-hash-part.1 with a custom command
lix> [541/573] Generating doc/manual/nix3-store-ping.1 with a custom command
lix> [542/573] Generating doc/manual/nix3-store-prefetch-file.1 with a custom command
lix> [543/573] Generating doc/manual/nix3-store-repair.1 with a custom command
lix> [544/573] Generating doc/manual/nix3-store-sign.1 with a custom command
lix> [545/573] Generating doc/manual/nix3-upgrade-nix.1 with a custom command
lix> [546/573] Generating doc/manual/nix3-store-verify.1 with a custom command
lix> [547/573] Generating doc/manual/nix3-why-depends.1 with a custom command
lix> [548/573] Generating doc/manual/nix.1 with a custom command
lix> [549/573] Generating doc/manual/nix-store.1 with a custom command
lix> [550/573] Generating doc/manual/nix-env.1 with a custom command
lix> [551/573] Generating doc/manual/nix-build.1 with a custom command
lix> [552/573] Generating doc/manual/nix-prefetch-url.1 with a custom command
lix> [553/573] Generating doc/manual/nix-instantiate.1 with a custom command
lix> [554/573] Generating doc/manual/nix-collect-garbage.1 with a custom command
lix> [555/573] Generating doc/manual/nix-shell.1 with a custom command
lix> [556/573] Generating doc/manual/nix-channel.1 with a custom command
lix> [557/573] Generating doc/manual/nix-hash.1 with a custom command
lix> [558/573] Generating doc/manual/nix-daemon.8 with a custom command
lix> [559/573] Generating doc/manual/nix-copy-closure.1 with a custom command
lix> [560/573] Generating doc/manual/nix-profiles.5 with a custom command
lix> [561/573] Generating doc/manual/nix.conf.5 with a custom command
lix> [562/573] Linking static target tests/unit/liblixutil-test-support.a
lix> [563/573] Linking static target tests/unit/liblixexpr-test-support.a
lix> [564/573] Linking static target tests/unit/liblixstore-test-support.a
lix> [565/573] Linking target tests/unit/liblixmain-tests
lix> [566/573] Linking target tests/unit/liblix-tests
lix> [567/573] Linking target tests/unit/liblixstore-tests
lix> [568/573] Linking target tests/unit/liblixutil-tests
lix> [569/573] Compiling C++ object contrib/plugins/libplugin_mtls_store.so.p/plugin_mtls_store.cc.o
lix> [570/573] Linking target contrib/plugins/libplugin_mtls_store.so
lix> [571/573] Compiling C++ object tests/unit/liblixexpr-tests.p/libexpr_error_traces.cc.o
lix> [572/573] Compiling C++ object tests/unit/liblixexpr-tests.p/libexpr_primops.cc.o
lix> [573/573] Linking target tests/unit/liblixexpr-tests
lix> buildPhase completed in 4 minutes 3 seconds
lix> Running phase: checkPhase
lix> [1/13] Generating 'tests/functional/test-libstoreconsumer/test-libstoreconsumer.p/trace-probes.gen.hh'
lix> [2/13] Generating 'tests/functional/plugins/libplugintest.so.p/trace-probes.gen.hh'
lix> [3/13] Generating 'tests/functional/plugins/libplugintestfail.so.p/trace-probes.gen.hh'
lix> [4/13] Generating 'tests/functional/repl_characterization/test-repl-characterization.p/trace-probes.gen.hh'
lix> [5/13] Compiling C++ object tests/functional/repl_characterization/test-repl-characterization.p/test-session.cc.o
lix> [6/13] Compiling C++ object tests/functional/test-libstoreconsumer/test-libstoreconsumer.p/main.cc.o
lix> [7/13] Linking target tests/functional/test-libstoreconsumer/test-libstoreconsumer
lix> [8/13] Compiling C++ object tests/functional/repl_characterization/test-repl-characterization.p/repl_characterization.cc.o
lix> [9/13] Linking target tests/functional/repl_characterization/test-repl-characterization
lix> [10/13] Compiling C++ object tests/functional/plugins/libplugintest.so.p/plugintest.cc.o
lix> [11/13] Compiling C++ object tests/functional/plugins/libplugintestfail.so.p/plugintestfail.cc.o
lix> [12/13] Linking target tests/functional/plugins/libplugintest.so
lix> [13/13] Linking target tests/functional/plugins/libplugintestfail.so
lix> mesonCheckPhase flags: --suite=check --timeout-multiplier=0
lix> 1/6 lix:check / lix_doc_test               OK              0.00s   8 subtests passed
lix> 2/6 lix:check / libexpr-unit-tests         OK              0.09s
lix> 3/6 lix:check / libmain-unit-tests         OK              0.15s
lix> 4/6 lix:check / libstore-unit-tests        OK              0.50s
lix> 5/6 lix:check / libutil-unit-tests         OK              0.83s
lix> 6/6 lix:check / libcmd-unit-tests          OK              7.34s
lix> Ok:                6
lix> Fail:              0
lix> Full log written to /build/source/build/meson-logs/testlog.txt
lix> Running phase: installPhase
lix> mesonInstallPhase flags: ''
lix> Installing lix/rust-monocrate/librust_monocrate.a to /nix/store/khgamafgkp7vzksxmilx5wzmqki92v6y-lix-2.95.0-pre20260129-dev_b6c8f41/lib
lix> Installing lix/libutil/experimental-features.gen.inc to /nix/store/mygkqs2i2p4v0y633p58i29fy3f91nkn-lix-2.95.0-pre20260129-dev_b6c8f41-dev/include/lix/libutil
lix> Installing lix/libutil/deprecated-features.gen.inc to /nix/store/mygkqs2i2p4v0y633p58i29fy3f91nkn-lix-2.95.0-pre20260129-dev_b6c8f41-dev/include/lix/libutil
lix> Installing lix/libutil/feature-settings.gen.inc to /nix/store/mygkqs2i2p4v0y633p58i29fy3f91nkn-lix-2.95.0-pre20260129-dev_b6c8f41-dev/include/lix/libutil
lix> Installing lix/libutil/logging-settings.gen.inc to /nix/store/mygkqs2i2p4v0y633p58i29fy3f91nkn-lix-2.95.0-pre20260129-dev_b6c8f41-dev/include/lix/libutil
lix> Installing lix/libutil/logging.capnp.h to /nix/store/mygkqs2i2p4v0y633p58i29fy3f91nkn-lix-2.95.0-pre20260129-dev_b6c8f41-dev/include/lix/libutil
lix> Installing lix/libutil/types.capnp.h to /nix/store/mygkqs2i2p4v0y633p58i29fy3f91nkn-lix-2.95.0-pre20260129-dev_b6c8f41-dev/include/lix/libutil
lix> Installing lix/libutil/liblixutil.so to /nix/store/khgamafgkp7vzksxmilx5wzmqki92v6y-lix-2.95.0-pre20260129-dev_b6c8f41/lib
lix> Installing lix/libutil/liblixutil.a to /nix/store/khgamafgkp7vzksxmilx5wzmqki92v6y-lix-2.95.0-pre20260129-dev_b6c8f41/lib
lix> Installing lix/libstore/schema.sql.gen.hh to /nix/store/mygkqs2i2p4v0y633p58i29fy3f91nkn-lix-2.95.0-pre20260129-dev_b6c8f41-dev/include/lix/libstore
lix> Installing lix/libstore/file-transfer-settings.gen.inc to /nix/store/mygkqs2i2p4v0y633p58i29fy3f91nkn-lix-2.95.0-pre20260129-dev_b6c8f41-dev/include/lix/libstore
lix> Installing lix/libstore/libstore-settings.gen.inc to /nix/store/mygkqs2i2p4v0y633p58i29fy3f91nkn-lix-2.95.0-pre20260129-dev_b6c8f41-dev/include/lix/libstore
lix> Installing lix/libstore/liblixstore.so to /nix/store/khgamafgkp7vzksxmilx5wzmqki92v6y-lix-2.95.0-pre20260129-dev_b6c8f41/lib
lix> Installing lix/libstore/liblixstore.a to /nix/store/khgamafgkp7vzksxmilx5wzmqki92v6y-lix-2.95.0-pre20260129-dev_b6c8f41/lib
lix> Installing lix/libfetchers/libfetchers-settings.gen.inc to /nix/store/mygkqs2i2p4v0y633p58i29fy3f91nkn-lix-2.95.0-pre20260129-dev_b6c8f41-dev/include/lix/libfetchers
lix> Installing lix/libfetchers/liblixfetchers.so to /nix/store/khgamafgkp7vzksxmilx5wzmqki92v6y-lix-2.95.0-pre20260129-dev_b6c8f41/lib
lix> Installing lix/libfetchers/liblixfetchers.a to /nix/store/khgamafgkp7vzksxmilx5wzmqki92v6y-lix-2.95.0-pre20260129-dev_b6c8f41/lib
lix> Installing lix/libexpr/imported-drv-to-derivation.nix.gen.hh to /nix/store/mygkqs2i2p4v0y633p58i29fy3f91nkn-lix-2.95.0-pre20260129-dev_b6c8f41-dev/include/lix/libexpr
lix> Installing lix/libexpr/fetchurl.nix.gen.hh to /nix/store/mygkqs2i2p4v0y633p58i29fy3f91nkn-lix-2.95.0-pre20260129-dev_b6c8f41-dev/include/lix/libexpr
lix> Installing lix/libexpr/flake/call-flake.nix.gen.hh to /nix/store/mygkqs2i2p4v0y633p58i29fy3f91nkn-lix-2.95.0-pre20260129-dev_b6c8f41-dev/include/lix/libexpr/flake
lix> Installing lix/libexpr/libexpr-settings.gen.inc to /nix/store/mygkqs2i2p4v0y633p58i29fy3f91nkn-lix-2.95.0-pre20260129-dev_b6c8f41-dev/include/lix/libexpr
lix> Installing lix/libexpr/liblixexpr.so to /nix/store/khgamafgkp7vzksxmilx5wzmqki92v6y-lix-2.95.0-pre20260129-dev_b6c8f41/lib
lix> Installing lix/libexpr/liblixexpr.a to /nix/store/khgamafgkp7vzksxmilx5wzmqki92v6y-lix-2.95.0-pre20260129-dev_b6c8f41/lib
lix> Installing lix/libmain/liblixmain.so to /nix/store/khgamafgkp7vzksxmilx5wzmqki92v6y-lix-2.95.0-pre20260129-dev_b6c8f41/lib
lix> Installing lix/libmain/liblixmain.a to /nix/store/khgamafgkp7vzksxmilx5wzmqki92v6y-lix-2.95.0-pre20260129-dev_b6c8f41/lib
lix> Installing lix/libcmd/liblixcmd.so to /nix/store/khgamafgkp7vzksxmilx5wzmqki92v6y-lix-2.95.0-pre20260129-dev_b6c8f41/lib
lix> Installing lix/libcmd/liblixcmd.a to /nix/store/khgamafgkp7vzksxmilx5wzmqki92v6y-lix-2.95.0-pre20260129-dev_b6c8f41/lib
lix> Installing lix/libexec/check-namespace-support to /nix/store/khgamafgkp7vzksxmilx5wzmqki92v6y-lix-2.95.0-pre20260129-dev_b6c8f41/libexec/lix
lix> Installing lix/libexec/kill-user to /nix/store/khgamafgkp7vzksxmilx5wzmqki92v6y-lix-2.95.0-pre20260129-dev_b6c8f41/libexec/lix
lix> Installing lix/libexec/run-build-hook to /nix/store/khgamafgkp7vzksxmilx5wzmqki92v6y-lix-2.95.0-pre20260129-dev_b6c8f41/libexec/lix
lix> Installing lix/libexec/run-diff-hook to /nix/store/khgamafgkp7vzksxmilx5wzmqki92v6y-lix-2.95.0-pre20260129-dev_b6c8f41/libexec/lix
lix> Installing lix/libexec/run-pager to /nix/store/khgamafgkp7vzksxmilx5wzmqki92v6y-lix-2.95.0-pre20260129-dev_b6c8f41/libexec/lix
lix> Installing lix/libexec/unix-bind-connect to /nix/store/khgamafgkp7vzksxmilx5wzmqki92v6y-lix-2.95.0-pre20260129-dev_b6c8f41/libexec/lix
lix> Installing lix/nix/nix to /nix/store/khgamafgkp7vzksxmilx5wzmqki92v6y-lix-2.95.0-pre20260129-dev_b6c8f41/bin
lix> Installing misc/bash/nix to /nix/store/khgamafgkp7vzksxmilx5wzmqki92v6y-lix-2.95.0-pre20260129-dev_b6c8f41/share/bash-completion/completions
lix> Installing misc/fish/nix.fish to /nix/store/khgamafgkp7vzksxmilx5wzmqki92v6y-lix-2.95.0-pre20260129-dev_b6c8f41/share/fish/vendor_completions.d
lix> Installing misc/zsh/_nix to /nix/store/khgamafgkp7vzksxmilx5wzmqki92v6y-lix-2.95.0-pre20260129-dev_b6c8f41/share/zsh/site-functions
lix> Installing misc/zsh/run-help-nix to /nix/store/khgamafgkp7vzksxmilx5wzmqki92v6y-lix-2.95.0-pre20260129-dev_b6c8f41/share/zsh/site-functions
lix> Installing /build/source/build/doc/manual/manual/book-a0b12cfe.js to /nix/store/khgamafgkp7vzksxmilx5wzmqki92v6y-lix-2.95.0-pre20260129-dev_b6c8f41/share/doc/nix/manual
lix> Installing /build/source/build/doc/manual/manual/favicon-8114d1fc.png to /nix/store/khgamafgkp7vzksxmilx5wzmqki92v6y-lix-2.95.0-pre20260129-dev_b6c8f41/share/doc/nix/manual
lix> Installing /build/source/build/doc/manual/manual/favicon-de23e50b.svg to /nix/store/khgamafgkp7vzksxmilx5wzmqki92v6y-lix-2.95.0-pre20260129-dev_b6c8f41/share/doc/nix/manual
lix> Installing /build/source/build/doc/manual/manual/highlight-493f70e1.css to /nix/store/khgamafgkp7vzksxmilx5wzmqki92v6y-lix-2.95.0-pre20260129-dev_b6c8f41/share/doc/nix/manual
lix> Installing /build/source/build/doc/manual/manual/tomorrow-night-4c0ae647.css to /nix/store/khgamafgkp7vzksxmilx5wzmqki92v6y-lix-2.95.0-pre20260129-dev_b6c8f41/share/doc/nix/manual
lix> Installing /build/source/build/doc/manual/manual/ayu-highlight-3fdfc3ac.css to /nix/store/khgamafgkp7vzksxmilx5wzmqki92v6y-lix-2.95.0-pre20260129-dev_b6c8f41/share/doc/nix/manual
lix> Installing /build/source/build/doc/manual/manual/highlight-5f771b19.js to /nix/store/khgamafgkp7vzksxmilx5wzmqki92v6y-lix-2.95.0-pre20260129-dev_b6c8f41/share/doc/nix/manual
lix> Installing /build/source/build/doc/manual/manual/clipboard-1626706a.min.js to /nix/store/khgamafgkp7vzksxmilx5wzmqki92v6y-lix-2.95.0-pre20260129-dev_b6c8f41/share/doc/nix/manual
lix> Installing /build/source/build/doc/manual/manual/custom-87d4336f.css to /nix/store/khgamafgkp7vzksxmilx5wzmqki92v6y-lix-2.95.0-pre20260129-dev_b6c8f41/share/doc/nix/manual
lix> Installing /build/source/build/doc/manual/manual/redirects-bf21036d.js to /nix/store/khgamafgkp7vzksxmilx5wzmqki92v6y-lix-2.95.0-pre20260129-dev_b6c8f41/share/doc/nix/manual
lix> Installing /build/source/build/doc/manual/manual/searchindex-27c81680.js to /nix/store/khgamafgkp7vzksxmilx5wzmqki92v6y-lix-2.95.0-pre20260129-dev_b6c8f41/share/doc/nix/manual
lix> Installing /build/source/build/doc/manual/manual/searcher-c2a407aa.js to /nix/store/khgamafgkp7vzksxmilx5wzmqki92v6y-lix-2.95.0-pre20260129-dev_b6c8f41/share/doc/nix/manual
lix> Installing /build/source/build/doc/manual/manual/mark-09e88c2c.min.js to /nix/store/khgamafgkp7vzksxmilx5wzmqki92v6y-lix-2.95.0-pre20260129-dev_b6c8f41/share/doc/nix/manual
lix> Installing /build/source/build/doc/manual/manual/elasticlunr-ef4e11c1.min.js to /nix/store/khgamafgkp7vzksxmilx5wzmqki92v6y-lix-2.95.0-pre20260129-dev_b6c8f41/share/doc/nix/manual
lix> Installing /build/source/build/doc/manual/manual/toc-0a1d4737.js to /nix/store/khgamafgkp7vzksxmilx5wzmqki92v6y-lix-2.95.0-pre20260129-dev_b6c8f41/share/doc/nix/manual
lix> Installing /build/source/build/doc/manual/manual/toc.html to /nix/store/khgamafgkp7vzksxmilx5wzmqki92v6y-lix-2.95.0-pre20260129-dev_b6c8f41/share/doc/nix/manual
lix> Installing /build/source/build/doc/manual/manual/.nojekyll to /nix/store/khgamafgkp7vzksxmilx5wzmqki92v6y-lix-2.95.0-pre20260129-dev_b6c8f41/share/doc/nix/manual
lix> Installing /build/source/build/doc/manual/manual/introduction.html to /nix/store/khgamafgkp7vzksxmilx5wzmqki92v6y-lix-2.95.0-pre20260129-dev_b6c8f41/share/doc/nix/manual
lix> Installing /build/source/build/doc/manual/manual/index.html to /nix/store/khgamafgkp7vzksxmilx5wzmqki92v6y-lix-2.95.0-pre20260129-dev_b6c8f41/share/doc/nix/manual
lix> Installing /build/source/build/doc/manual/manual/quick-start.html to /nix/store/khgamafgkp7vzksxmilx5wzmqki92v6y-lix-2.95.0-pre20260129-dev_b6c8f41/share/doc/nix/manual
lix> Installing /build/source/build/doc/manual/manual/glossary.html to /nix/store/khgamafgkp7vzksxmilx5wzmqki92v6y-lix-2.95.0-pre20260129-dev_b6c8f41/share/doc/nix/manual
lix> Installing /build/source/build/doc/manual/manual/404.html to /nix/store/khgamafgkp7vzksxmilx5wzmqki92v6y-lix-2.95.0-pre20260129-dev_b6c8f41/share/doc/nix/manual
lix> Installing /build/source/build/doc/manual/manual/print.html to /nix/store/khgamafgkp7vzksxmilx5wzmqki92v6y-lix-2.95.0-pre20260129-dev_b6c8f41/share/doc/nix/manual
lix> Installing /build/source/build/doc/manual/manual/_redirects to /nix/store/khgamafgkp7vzksxmilx5wzmqki92v6y-lix-2.95.0-pre20260129-dev_b6c8f41/share/doc/nix/manual
lix> Installing /build/source/build/doc/manual/manual/css/general-2459343d.css to /nix/store/khgamafgkp7vzksxmilx5wzmqki92v6y-lix-2.95.0-pre20260129-dev_b6c8f41/share/doc/nix/manual/css
lix> Installing /build/source/build/doc/manual/manual/css/chrome-ae938929.css to /nix/store/khgamafgkp7vzksxmilx5wzmqki92v6y-lix-2.95.0-pre20260129-dev_b6c8f41/share/doc/nix/manual/css
lix> Installing /build/source/build/doc/manual/manual/css/print-9e4910d8.css to /nix/store/khgamafgkp7vzksxmilx5wzmqki92v6y-lix-2.95.0-pre20260129-dev_b6c8f41/share/doc/nix/manual/css
lix> Installing /build/source/build/doc/manual/manual/css/variables-8adf115d.css to /nix/store/khgamafgkp7vzksxmilx5wzmqki92v6y-lix-2.95.0-pre20260129-dev_b6c8f41/share/doc/nix/manual/css
lix> Installing /build/source/build/doc/manual/manual/fonts/fonts-9644e21d.css to /nix/store/khgamafgkp7vzksxmilx5wzmqki92v6y-lix-2.95.0-pre20260129-dev_b6c8f41/share/doc/nix/manual/fonts
lix> Installing /build/source/build/doc/manual/manual/fonts/OPEN-SANS-LICENSE.txt to /nix/store/khgamafgkp7vzksxmilx5wzmqki92v6y-lix-2.95.0-pre20260129-dev_b6c8f41/share/doc/nix/manual/fonts
lix> Installing /build/source/build/doc/manual/manual/fonts/SOURCE-CODE-PRO-LICENSE.txt to /nix/store/khgamafgkp7vzksxmilx5wzmqki92v6y-lix-2.95.0-pre20260129-dev_b6c8f41/share/doc/nix/manual/fonts
lix> Installing /build/source/build/doc/manual/manual/fonts/open-sans-v17-all-charsets-300-7736aa35.woff2 to /nix/store/khgamafgkp7vzksxmilx5wzmqki92v6y-lix-2.95.0-pre20260129-dev_b6c8f41/share/doc/nix/manual/fonts
lix> Installing /build/source/build/doc/manual/manual/fonts/open-sans-v17-all-charsets-300italic-2c7b95c0.woff2 to /nix/store/khgamafgkp7vzksxmilx5wzmqki92v6y-lix-2.95.0-pre20260129-dev_b6c8f41/share/doc/nix/manual/fonts
lix> Installing /build/source/build/doc/manual/manual/fonts/open-sans-v17-all-charsets-regular-2e3b1d34.woff2 to /nix/store/khgamafgkp7vzksxmilx5wzmqki92v6y-lix-2.95.0-pre20260129-dev_b6c8f41/share/doc/nix/manual/fonts
lix> Installing /build/source/build/doc/manual/manual/fonts/open-sans-v17-all-charsets-italic-6c9463f7.woff2 to /nix/store/khgamafgkp7vzksxmilx5wzmqki92v6y-lix-2.95.0-pre20260129-dev_b6c8f41/share/doc/nix/manual/fonts
lix> Installing /build/source/build/doc/manual/manual/fonts/open-sans-v17-all-charsets-600-486c6759.woff2 to /nix/store/khgamafgkp7vzksxmilx5wzmqki92v6y-lix-2.95.0-pre20260129-dev_b6c8f41/share/doc/nix/manual/fonts
lix> Installing /build/source/build/doc/manual/manual/fonts/open-sans-v17-all-charsets-600italic-1a3e8659.woff2 to /nix/store/khgamafgkp7vzksxmilx5wzmqki92v6y-lix-2.95.0-pre20260129-dev_b6c8f41/share/doc/nix/manual/fonts
lix> Installing /build/source/build/doc/manual/manual/fonts/open-sans-v17-all-charsets-700-c22fe8c7.woff2 to /nix/store/khgamafgkp7vzksxmilx5wzmqki92v6y-lix-2.95.0-pre20260129-dev_b6c8f41/share/doc/nix/manual/fonts
lix> Installing /build/source/build/doc/manual/manual/fonts/open-sans-v17-all-charsets-700italic-238ae959.woff2 to /nix/store/khgamafgkp7vzksxmilx5wzmqki92v6y-lix-2.95.0-pre20260129-dev_b6c8f41/share/doc/nix/manual/fonts
lix> Installing /build/source/build/doc/manual/manual/fonts/open-sans-v17-all-charsets-800-3d2c812a.woff2 to /nix/store/khgamafgkp7vzksxmilx5wzmqki92v6y-lix-2.95.0-pre20260129-dev_b6c8f41/share/doc/nix/manual/fonts
lix> Installing /build/source/build/doc/manual/manual/fonts/open-sans-v17-all-charsets-800italic-ba1521ec.woff2 to /nix/store/khgamafgkp7vzksxmilx5wzmqki92v6y-lix-2.95.0-pre20260129-dev_b6c8f41/share/doc/nix/manual/fonts
lix> Installing /build/source/build/doc/manual/manual/fonts/source-code-pro-v11-all-charsets-500-2bdd9410.woff2 to /nix/store/khgamafgkp7vzksxmilx5wzmqki92v6y-lix-2.95.0-pre20260129-dev_b6c8f41/share/doc/nix/manual/fonts
lix> Installing /build/source/build/doc/manual/manual/installation/installation.html to /nix/store/khgamafgkp7vzksxmilx5wzmqki92v6y-lix-2.95.0-pre20260129-dev_b6c8f41/share/doc/nix/manual/installation
lix> Installing /build/source/build/doc/manual/manual/installation/supported-platforms.html to /nix/store/khgamafgkp7vzksxmilx5wzmqki92v6y-lix-2.95.0-pre20260129-dev_b6c8f41/share/doc/nix/manual/installation
lix> Installing /build/source/build/doc/manual/manual/installation/installing-binary.html to /nix/store/khgamafgkp7vzksxmilx5wzmqki92v6y-lix-2.95.0-pre20260129-dev_b6c8f41/share/doc/nix/manual/installation
lix> Installing /build/source/build/doc/manual/manual/installation/installing-source.html to /nix/store/khgamafgkp7vzksxmilx5wzmqki92v6y-lix-2.95.0-pre20260129-dev_b6c8f41/share/doc/nix/manual/installation
lix> Installing /build/source/build/doc/manual/manual/installation/prerequisites-source.html to /nix/store/khgamafgkp7vzksxmilx5wzmqki92v6y-lix-2.95.0-pre20260129-dev_b6c8f41/share/doc/nix/manual/installation
lix> Installing /build/source/build/doc/manual/manual/installation/obtaining-source.html to /nix/store/khgamafgkp7vzksxmilx5wzmqki92v6y-lix-2.95.0-pre20260129-dev_b6c8f41/share/doc/nix/manual/installation
lix> Installing /build/source/build/doc/manual/manual/installation/building-source.html to /nix/store/khgamafgkp7vzksxmilx5wzmqki92v6y-lix-2.95.0-pre20260129-dev_b6c8f41/share/doc/nix/manual/installation
lix> Installing /build/source/build/doc/manual/manual/installation/installing-docker.html to /nix/store/khgamafgkp7vzksxmilx5wzmqki92v6y-lix-2.95.0-pre20260129-dev_b6c8f41/share/doc/nix/manual/installation
lix> Installing /build/source/build/doc/manual/manual/installation/nix-security.html to /nix/store/khgamafgkp7vzksxmilx5wzmqki92v6y-lix-2.95.0-pre20260129-dev_b6c8f41/share/doc/nix/manual/installation
lix> Installing /build/source/build/doc/manual/manual/installation/single-user.html to /nix/store/khgamafgkp7vzksxmilx5wzmqki92v6y-lix-2.95.0-pre20260129-dev_b6c8f41/share/doc/nix/manual/installation
lix> Installing /build/source/build/doc/manual/manual/installation/multi-user.html to /nix/store/khgamafgkp7vzksxmilx5wzmqki92v6y-lix-2.95.0-pre20260129-dev_b6c8f41/share/doc/nix/manual/installation
lix> Installing /build/source/build/doc/manual/manual/installation/env-variables.html to /nix/store/khgamafgkp7vzksxmilx5wzmqki92v6y-lix-2.95.0-pre20260129-dev_b6c8f41/share/doc/nix/manual/installation
lix> Installing /build/source/build/doc/manual/manual/installation/upgrading.html to /nix/store/khgamafgkp7vzksxmilx5wzmqki92v6y-lix-2.95.0-pre20260129-dev_b6c8f41/share/doc/nix/manual/installation
lix> Installing /build/source/build/doc/manual/manual/installation/uninstall.html to /nix/store/khgamafgkp7vzksxmilx5wzmqki92v6y-lix-2.95.0-pre20260129-dev_b6c8f41/share/doc/nix/manual/installation
lix> Installing /build/source/build/doc/manual/manual/package-management/package-management.html to /nix/store/khgamafgkp7vzksxmilx5wzmqki92v6y-lix-2.95.0-pre20260129-dev_b6c8f41/share/doc/nix/manual/package-management
lix> Installing /build/source/build/doc/manual/manual/package-management/basic-package-mgmt.html to /nix/store/khgamafgkp7vzksxmilx5wzmqki92v6y-lix-2.95.0-pre20260129-dev_b6c8f41/share/doc/nix/manual/package-management
lix> Installing /build/source/build/doc/manual/manual/package-management/profiles.html to /nix/store/khgamafgkp7vzksxmilx5wzmqki92v6y-lix-2.95.0-pre20260129-dev_b6c8f41/share/doc/nix/manual/package-management
lix> Installing /build/source/build/doc/manual/manual/package-management/garbage-collection.html to /nix/store/khgamafgkp7vzksxmilx5wzmqki92v6y-lix-2.95.0-pre20260129-dev_b6c8f41/share/doc/nix/manual/package-management
lix> Installing /build/source/build/doc/manual/manual/package-management/sharing-packages.html to /nix/store/khgamafgkp7vzksxmilx5wzmqki92v6y-lix-2.95.0-pre20260129-dev_b6c8f41/share/doc/nix/manual/package-management
lix> Installing /build/source/build/doc/manual/manual/package-management/binary-cache-substituter.html to /nix/store/khgamafgkp7vzksxmilx5wzmqki92v6y-lix-2.95.0-pre20260129-dev_b6c8f41/share/doc/nix/manual/package-management
lix> Installing /build/source/build/doc/manual/manual/package-management/copy-closure.html to /nix/store/khgamafgkp7vzksxmilx5wzmqki92v6y-lix-2.95.0-pre20260129-dev_b6c8f41/share/doc/nix/manual/package-management
lix> Installing /build/source/build/doc/manual/manual/package-management/ssh-substituter.html to /nix/store/khgamafgkp7vzksxmilx5wzmqki92v6y-lix-2.95.0-pre20260129-dev_b6c8f41/share/doc/nix/manual/package-management
lix> Installing /build/source/build/doc/manual/manual/package-management/s3-substituter.html to /nix/store/khgamafgkp7vzksxmilx5wzmqki92v6y-lix-2.95.0-pre20260129-dev_b6c8f41/share/doc/nix/manual/package-management
lix> Installing /build/source/build/doc/manual/manual/language/index.html to /nix/store/khgamafgkp7vzksxmilx5wzmqki92v6y-lix-2.95.0-pre20260129-dev_b6c8f41/share/doc/nix/manual/language
lix> Installing /build/source/build/doc/manual/manual/language/values.html to /nix/store/khgamafgkp7vzksxmilx5wzmqki92v6y-lix-2.95.0-pre20260129-dev_b6c8f41/share/doc/nix/manual/language
lix> Installing /build/source/build/doc/manual/manual/language/constructs.html to /nix/store/khgamafgkp7vzksxmilx5wzmqki92v6y-lix-2.95.0-pre20260129-dev_b6c8f41/share/doc/nix/manual/language
lix> Installing /build/source/build/doc/manual/manual/language/string-interpolation.html to /nix/store/khgamafgkp7vzksxmilx5wzmqki92v6y-lix-2.95.0-pre20260129-dev_b6c8f41/share/doc/nix/manual/language
lix> Installing /build/source/build/doc/manual/manual/language/operators.html to /nix/store/khgamafgkp7vzksxmilx5wzmqki92v6y-lix-2.95.0-pre20260129-dev_b6c8f41/share/doc/nix/manual/language
lix> Installing /build/source/build/doc/manual/manual/language/derivations.html to /nix/store/khgamafgkp7vzksxmilx5wzmqki92v6y-lix-2.95.0-pre20260129-dev_b6c8f41/share/doc/nix/manual/language
lix> Installing /build/source/build/doc/manual/manual/language/advanced-attributes.html to /nix/store/khgamafgkp7vzksxmilx5wzmqki92v6y-lix-2.95.0-pre20260129-dev_b6c8f41/share/doc/nix/manual/language
lix> Installing /build/source/build/doc/manual/manual/language/builtin-constants.html to /nix/store/khgamafgkp7vzksxmilx5wzmqki92v6y-lix-2.95.0-pre20260129-dev_b6c8f41/share/doc/nix/manual/language
lix> Installing /build/source/build/doc/manual/manual/language/builtins.html to /nix/store/khgamafgkp7vzksxmilx5wzmqki92v6y-lix-2.95.0-pre20260129-dev_b6c8f41/share/doc/nix/manual/language
lix> Installing /build/source/build/doc/manual/manual/advanced-topics/advanced-topics.html to /nix/store/khgamafgkp7vzksxmilx5wzmqki92v6y-lix-2.95.0-pre20260129-dev_b6c8f41/share/doc/nix/manual/advanced-topics
lix> Installing /build/source/build/doc/manual/manual/advanced-topics/distributed-builds.html to /nix/store/khgamafgkp7vzksxmilx5wzmqki92v6y-lix-2.95.0-pre20260129-dev_b6c8f41/share/doc/nix/manual/advanced-topics
lix> Installing /build/source/build/doc/manual/manual/advanced-topics/cores-vs-jobs.html to /nix/store/khgamafgkp7vzksxmilx5wzmqki92v6y-lix-2.95.0-pre20260129-dev_b6c8f41/share/doc/nix/manual/advanced-topics
lix> Installing /build/source/build/doc/manual/manual/advanced-topics/diff-hook.html to /nix/store/khgamafgkp7vzksxmilx5wzmqki92v6y-lix-2.95.0-pre20260129-dev_b6c8f41/share/doc/nix/manual/advanced-topics
lix> Installing /build/source/build/doc/manual/manual/advanced-topics/post-build-hook.html to /nix/store/khgamafgkp7vzksxmilx5wzmqki92v6y-lix-2.95.0-pre20260129-dev_b6c8f41/share/doc/nix/manual/advanced-topics
lix> Installing /build/source/build/doc/manual/manual/advanced-topics/pasta.html to /nix/store/khgamafgkp7vzksxmilx5wzmqki92v6y-lix-2.95.0-pre20260129-dev_b6c8f41/share/doc/nix/manual/advanced-topics
lix> Installing /build/source/build/doc/manual/manual/known-issues/known-issues.html to /nix/store/khgamafgkp7vzksxmilx5wzmqki92v6y-lix-2.95.0-pre20260129-dev_b6c8f41/share/doc/nix/manual/known-issues
lix> Installing /build/source/build/doc/manual/manual/known-issues/non-isolated-build-limits.html to /nix/store/khgamafgkp7vzksxmilx5wzmqki92v6y-lix-2.95.0-pre20260129-dev_b6c8f41/share/doc/nix/manual/known-issues
lix> Installing /build/source/build/doc/manual/manual/command-ref/command-ref.html to /nix/store/khgamafgkp7vzksxmilx5wzmqki92v6y-lix-2.95.0-pre20260129-dev_b6c8f41/share/doc/nix/manual/command-ref
lix> Installing /build/source/build/doc/manual/manual/command-ref/opt-common.html to /nix/store/khgamafgkp7vzksxmilx5wzmqki92v6y-lix-2.95.0-pre20260129-dev_b6c8f41/share/doc/nix/manual/command-ref
lix> Installing /build/source/build/doc/manual/manual/command-ref/env-common.html to /nix/store/khgamafgkp7vzksxmilx5wzmqki92v6y-lix-2.95.0-pre20260129-dev_b6c8f41/share/doc/nix/manual/command-ref
lix> Installing /build/source/build/doc/manual/manual/command-ref/main-commands.html to /nix/store/khgamafgkp7vzksxmilx5wzmqki92v6y-lix-2.95.0-pre20260129-dev_b6c8f41/share/doc/nix/manual/command-ref
lix> Installing /build/source/build/doc/manual/manual/command-ref/nix-build.html to /nix/store/khgamafgkp7vzksxmilx5wzmqki92v6y-lix-2.95.0-pre20260129-dev_b6c8f41/share/doc/nix/manual/command-ref
lix> Installing /build/source/build/doc/manual/manual/command-ref/nix-shell.html to /nix/store/khgamafgkp7vzksxmilx5wzmqki92v6y-lix-2.95.0-pre20260129-dev_b6c8f41/share/doc/nix/manual/command-ref
lix> Installing /build/source/build/doc/manual/manual/command-ref/nix-store.html to /nix/store/khgamafgkp7vzksxmilx5wzmqki92v6y-lix-2.95.0-pre20260129-dev_b6c8f41/share/doc/nix/manual/command-ref
lix> Installing /build/source/build/doc/manual/manual/command-ref/nix-env.html to /nix/store/khgamafgkp7vzksxmilx5wzmqki92v6y-lix-2.95.0-pre20260129-dev_b6c8f41/share/doc/nix/manual/command-ref
lix> Installing /build/source/build/doc/manual/manual/command-ref/utilities.html to /nix/store/khgamafgkp7vzksxmilx5wzmqki92v6y-lix-2.95.0-pre20260129-dev_b6c8f41/share/doc/nix/manual/command-ref
lix> Installing /build/source/build/doc/manual/manual/command-ref/nix-channel.html to /nix/store/khgamafgkp7vzksxmilx5wzmqki92v6y-lix-2.95.0-pre20260129-dev_b6c8f41/share/doc/nix/manual/command-ref
lix> Installing /build/source/build/doc/manual/manual/command-ref/nix-collect-garbage.html to /nix/store/khgamafgkp7vzksxmilx5wzmqki92v6y-lix-2.95.0-pre20260129-dev_b6c8f41/share/doc/nix/manual/command-ref
lix> Installing /build/source/build/doc/manual/manual/command-ref/nix-copy-closure.html to /nix/store/khgamafgkp7vzksxmilx5wzmqki92v6y-lix-2.95.0-pre20260129-dev_b6c8f41/share/doc/nix/manual/command-ref
lix> Installing /build/source/build/doc/manual/manual/command-ref/nix-daemon.html to /nix/store/khgamafgkp7vzksxmilx5wzmqki92v6y-lix-2.95.0-pre20260129-dev_b6c8f41/share/doc/nix/manual/command-ref
lix> Installing /build/source/build/doc/manual/manual/command-ref/nix-hash.html to /nix/store/khgamafgkp7vzksxmilx5wzmqki92v6y-lix-2.95.0-pre20260129-dev_b6c8f41/share/doc/nix/manual/command-ref
lix> Installing /build/source/build/doc/manual/manual/command-ref/nix-instantiate.html to /nix/store/khgamafgkp7vzksxmilx5wzmqki92v6y-lix-2.95.0-pre20260129-dev_b6c8f41/share/doc/nix/manual/command-ref
lix> Installing /build/source/build/doc/manual/manual/command-ref/nix-prefetch-url.html to /nix/store/khgamafgkp7vzksxmilx5wzmqki92v6y-lix-2.95.0-pre20260129-dev_b6c8f41/share/doc/nix/manual/command-ref
lix> Installing /build/source/build/doc/manual/manual/command-ref/experimental-commands.html to /nix/store/khgamafgkp7vzksxmilx5wzmqki92v6y-lix-2.95.0-pre20260129-dev_b6c8f41/share/doc/nix/manual/command-ref
lix> Installing /build/source/build/doc/manual/manual/command-ref/files.html to /nix/store/khgamafgkp7vzksxmilx5wzmqki92v6y-lix-2.95.0-pre20260129-dev_b6c8f41/share/doc/nix/manual/command-ref
lix> Installing /build/source/build/doc/manual/manual/command-ref/conf-file.html to /nix/store/khgamafgkp7vzksxmilx5wzmqki92v6y-lix-2.95.0-pre20260129-dev_b6c8f41/share/doc/nix/manual/command-ref
lix> Installing /build/source/build/doc/manual/manual/command-ref/nix-store/add-fixed.html to /nix/store/khgamafgkp7vzksxmilx5wzmqki92v6y-lix-2.95.0-pre20260129-dev_b6c8f41/share/doc/nix/manual/command-ref/nix-store
lix> Installing /build/source/build/doc/manual/manual/command-ref/nix-store/add.html to /nix/store/khgamafgkp7vzksxmilx5wzmqki92v6y-lix-2.95.0-pre20260129-dev_b6c8f41/share/doc/nix/manual/command-ref/nix-store
lix> Installing /build/source/build/doc/manual/manual/command-ref/nix-store/delete.html to /nix/store/khgamafgkp7vzksxmilx5wzmqki92v6y-lix-2.95.0-pre20260129-dev_b6c8f41/share/doc/nix/manual/command-ref/nix-store
lix> Installing /build/source/build/doc/manual/manual/command-ref/nix-store/dump-db.html to /nix/store/khgamafgkp7vzksxmilx5wzmqki92v6y-lix-2.95.0-pre20260129-dev_b6c8f41/share/doc/nix/manual/command-ref/nix-store
lix> Installing /build/source/build/doc/manual/manual/command-ref/nix-store/dump.html to /nix/store/khgamafgkp7vzksxmilx5wzmqki92v6y-lix-2.95.0-pre20260129-dev_b6c8f41/share/doc/nix/manual/command-ref/nix-store
lix> Installing /build/source/build/doc/manual/manual/command-ref/nix-store/export.html to /nix/store/khgamafgkp7vzksxmilx5wzmqki92v6y-lix-2.95.0-pre20260129-dev_b6c8f41/share/doc/nix/manual/command-ref/nix-store
lix> Installing /build/source/build/doc/manual/manual/command-ref/nix-store/gc.html to /nix/store/khgamafgkp7vzksxmilx5wzmqki92v6y-lix-2.95.0-pre20260129-dev_b6c8f41/share/doc/nix/manual/command-ref/nix-store
lix> Installing /build/source/build/doc/manual/manual/command-ref/nix-store/generate-binary-cache-key.html to /nix/store/khgamafgkp7vzksxmilx5wzmqki92v6y-lix-2.95.0-pre20260129-dev_b6c8f41/share/doc/nix/manual/command-ref/nix-store
lix> Installing /build/source/build/doc/manual/manual/command-ref/nix-store/import.html to /nix/store/khgamafgkp7vzksxmilx5wzmqki92v6y-lix-2.95.0-pre20260129-dev_b6c8f41/share/doc/nix/manual/command-ref/nix-store
lix> Installing /build/source/build/doc/manual/manual/command-ref/nix-store/load-db.html to /nix/store/khgamafgkp7vzksxmilx5wzmqki92v6y-lix-2.95.0-pre20260129-dev_b6c8f41/share/doc/nix/manual/command-ref/nix-store
lix> Installing /build/source/build/doc/manual/manual/command-ref/nix-store/optimise.html to /nix/store/khgamafgkp7vzksxmilx5wzmqki92v6y-lix-2.95.0-pre20260129-dev_b6c8f41/share/doc/nix/manual/command-ref/nix-store
lix> Installing /build/source/build/doc/manual/manual/command-ref/nix-store/print-env.html to /nix/store/khgamafgkp7vzksxmilx5wzmqki92v6y-lix-2.95.0-pre20260129-dev_b6c8f41/share/doc/nix/manual/command-ref/nix-store
lix> Installing /build/source/build/doc/manual/manual/command-ref/nix-store/query.html to /nix/store/khgamafgkp7vzksxmilx5wzmqki92v6y-lix-2.95.0-pre20260129-dev_b6c8f41/share/doc/nix/manual/command-ref/nix-store
lix> Installing /build/source/build/doc/manual/manual/command-ref/nix-store/read-log.html to /nix/store/khgamafgkp7vzksxmilx5wzmqki92v6y-lix-2.95.0-pre20260129-dev_b6c8f41/share/doc/nix/manual/command-ref/nix-store
lix> Installing /build/source/build/doc/manual/manual/command-ref/nix-store/realise.html to /nix/store/khgamafgkp7vzksxmilx5wzmqki92v6y-lix-2.95.0-pre20260129-dev_b6c8f41/share/doc/nix/manual/command-ref/nix-store
lix> Installing /build/source/build/doc/manual/manual/command-ref/nix-store/repair-path.html to /nix/store/khgamafgkp7vzksxmilx5wzmqki92v6y-lix-2.95.0-pre20260129-dev_b6c8f41/share/doc/nix/manual/command-ref/nix-store
lix> Installing /build/source/build/doc/manual/manual/command-ref/nix-store/restore.html to /nix/store/khgamafgkp7vzksxmilx5wzmqki92v6y-lix-2.95.0-pre20260129-dev_b6c8f41/share/doc/nix/manual/command-ref/nix-store
lix> Installing /build/source/build/doc/manual/manual/command-ref/nix-store/serve.html to /nix/store/khgamafgkp7vzksxmilx5wzmqki92v6y-lix-2.95.0-pre20260129-dev_b6c8f41/share/doc/nix/manual/command-ref/nix-store
lix> Installing /build/source/build/doc/manual/manual/command-ref/nix-store/verify-path.html to /nix/store/khgamafgkp7vzksxmilx5wzmqki92v6y-lix-2.95.0-pre20260129-dev_b6c8f41/share/doc/nix/manual/command-ref/nix-store
lix> Installing /build/source/build/doc/manual/manual/command-ref/nix-store/verify.html to /nix/store/khgamafgkp7vzksxmilx5wzmqki92v6y-lix-2.95.0-pre20260129-dev_b6c8f41/share/doc/nix/manual/command-ref/nix-store
lix> Installing /build/source/build/doc/manual/manual/command-ref/nix-env/delete-generations.html to /nix/store/khgamafgkp7vzksxmilx5wzmqki92v6y-lix-2.95.0-pre20260129-dev_b6c8f41/share/doc/nix/manual/command-ref/nix-env
lix> Installing /build/source/build/doc/manual/manual/command-ref/nix-env/install.html to /nix/store/khgamafgkp7vzksxmilx5wzmqki92v6y-lix-2.95.0-pre20260129-dev_b6c8f41/share/doc/nix/manual/command-ref/nix-env
lix> Installing /build/source/build/doc/manual/manual/command-ref/nix-env/list-generations.html to /nix/store/khgamafgkp7vzksxmilx5wzmqki92v6y-lix-2.95.0-pre20260129-dev_b6c8f41/share/doc/nix/manual/command-ref/nix-env
lix> Installing /build/source/build/doc/manual/manual/command-ref/nix-env/query.html to /nix/store/khgamafgkp7vzksxmilx5wzmqki92v6y-lix-2.95.0-pre20260129-dev_b6c8f41/share/doc/nix/manual/command-ref/nix-env
lix> Installing /build/source/build/doc/manual/manual/command-ref/nix-env/rollback.html to /nix/store/khgamafgkp7vzksxmilx5wzmqki92v6y-lix-2.95.0-pre20260129-dev_b6c8f41/share/doc/nix/manual/command-ref/nix-env
lix> Installing /build/source/build/doc/manual/manual/command-ref/nix-env/set-flag.html to /nix/store/khgamafgkp7vzksxmilx5wzmqki92v6y-lix-2.95.0-pre20260129-dev_b6c8f41/share/doc/nix/manual/command-ref/nix-env
lix> Installing /build/source/build/doc/manual/manual/command-ref/nix-env/set.html to /nix/store/khgamafgkp7vzksxmilx5wzmqki92v6y-lix-2.95.0-pre20260129-dev_b6c8f41/share/doc/nix/manual/command-ref/nix-env
lix> Installing /build/source/build/doc/manual/manual/command-ref/nix-env/switch-generation.html to /nix/store/khgamafgkp7vzksxmilx5wzmqki92v6y-lix-2.95.0-pre20260129-dev_b6c8f41/share/doc/nix/manual/command-ref/nix-env
lix> Installing /build/source/build/doc/manual/manual/command-ref/nix-env/switch-profile.html to /nix/store/khgamafgkp7vzksxmilx5wzmqki92v6y-lix-2.95.0-pre20260129-dev_b6c8f41/share/doc/nix/manual/command-ref/nix-env
lix> Installing /build/source/build/doc/manual/manual/command-ref/nix-env/uninstall.html to /nix/store/khgamafgkp7vzksxmilx5wzmqki92v6y-lix-2.95.0-pre20260129-dev_b6c8f41/share/doc/nix/manual/command-ref/nix-env
lix> Installing /build/source/build/doc/manual/manual/command-ref/nix-env/upgrade.html to /nix/store/khgamafgkp7vzksxmilx5wzmqki92v6y-lix-2.95.0-pre20260129-dev_b6c8f41/share/doc/nix/manual/command-ref/nix-env
lix> Installing /build/source/build/doc/manual/manual/command-ref/new-cli/nix.html to /nix/store/khgamafgkp7vzksxmilx5wzmqki92v6y-lix-2.95.0-pre20260129-dev_b6c8f41/share/doc/nix/manual/command-ref/new-cli
lix> Installing /build/source/build/doc/manual/manual/command-ref/new-cli/nix3-build.html to /nix/store/khgamafgkp7vzksxmilx5wzmqki92v6y-lix-2.95.0-pre20260129-dev_b6c8f41/share/doc/nix/manual/command-ref/new-cli
lix> Installing /build/source/build/doc/manual/manual/command-ref/new-cli/nix3-bundle.html to /nix/store/khgamafgkp7vzksxmilx5wzmqki92v6y-lix-2.95.0-pre20260129-dev_b6c8f41/share/doc/nix/manual/command-ref/new-cli
lix> Installing /build/source/build/doc/manual/manual/command-ref/new-cli/nix3-config.html to /nix/store/khgamafgkp7vzksxmilx5wzmqki92v6y-lix-2.95.0-pre20260129-dev_b6c8f41/share/doc/nix/manual/command-ref/new-cli
lix> Installing /build/source/build/doc/manual/manual/command-ref/new-cli/nix3-config-show.html to /nix/store/khgamafgkp7vzksxmilx5wzmqki92v6y-lix-2.95.0-pre20260129-dev_b6c8f41/share/doc/nix/manual/command-ref/new-cli
lix> Installing /build/source/build/doc/manual/manual/command-ref/new-cli/nix3-copy.html to /nix/store/khgamafgkp7vzksxmilx5wzmqki92v6y-lix-2.95.0-pre20260129-dev_b6c8f41/share/doc/nix/manual/command-ref/new-cli
lix> Installing /build/source/build/doc/manual/manual/command-ref/new-cli/nix3-daemon.html to /nix/store/khgamafgkp7vzksxmilx5wzmqki92v6y-lix-2.95.0-pre20260129-dev_b6c8f41/share/doc/nix/manual/command-ref/new-cli
lix> Installing /build/source/build/doc/manual/manual/command-ref/new-cli/nix3-derivation.html to /nix/store/khgamafgkp7vzksxmilx5wzmqki92v6y-lix-2.95.0-pre20260129-dev_b6c8f41/share/doc/nix/manual/command-ref/new-cli
lix> Installing /build/source/build/doc/manual/manual/command-ref/new-cli/nix3-derivation-add.html to /nix/store/khgamafgkp7vzksxmilx5wzmqki92v6y-lix-2.95.0-pre20260129-dev_b6c8f41/share/doc/nix/manual/command-ref/new-cli
lix> Installing /build/source/build/doc/manual/manual/command-ref/new-cli/nix3-derivation-show.html to /nix/store/khgamafgkp7vzksxmilx5wzmqki92v6y-lix-2.95.0-pre20260129-dev_b6c8f41/share/doc/nix/manual/command-ref/new-cli
lix> Installing /build/source/build/doc/manual/manual/command-ref/new-cli/nix3-develop.html to /nix/store/khgamafgkp7vzksxmilx5wzmqki92v6y-lix-2.95.0-pre20260129-dev_b6c8f41/share/doc/nix/manual/command-ref/new-cli
lix> Installing /build/source/build/doc/manual/manual/command-ref/new-cli/nix3-doctor.html to /nix/store/khgamafgkp7vzksxmilx5wzmqki92v6y-lix-2.95.0-pre20260129-dev_b6c8f41/share/doc/nix/manual/command-ref/new-cli
lix> Installing /build/source/build/doc/manual/manual/command-ref/new-cli/nix3-edit.html to /nix/store/khgamafgkp7vzksxmilx5wzmqki92v6y-lix-2.95.0-pre20260129-dev_b6c8f41/share/doc/nix/manual/command-ref/new-cli
lix> Installing /build/source/build/doc/manual/manual/command-ref/new-cli/nix3-eval.html to /nix/store/khgamafgkp7vzksxmilx5wzmqki92v6y-lix-2.95.0-pre20260129-dev_b6c8f41/share/doc/nix/manual/command-ref/new-cli
lix> Installing /build/source/build/doc/manual/manual/command-ref/new-cli/nix3-flake.html to /nix/store/khgamafgkp7vzksxmilx5wzmqki92v6y-lix-2.95.0-pre20260129-dev_b6c8f41/share/doc/nix/manual/command-ref/new-cli
lix> Installing /build/source/build/doc/manual/manual/command-ref/new-cli/nix3-flake-archive.html to /nix/store/khgamafgkp7vzksxmilx5wzmqki92v6y-lix-2.95.0-pre20260129-dev_b6c8f41/share/doc/nix/manual/command-ref/new-cli
lix> Installing /build/source/build/doc/manual/manual/command-ref/new-cli/nix3-flake-check.html to /nix/store/khgamafgkp7vzksxmilx5wzmqki92v6y-lix-2.95.0-pre20260129-dev_b6c8f41/share/doc/nix/manual/command-ref/new-cli
lix> Installing /build/source/build/doc/manual/manual/command-ref/new-cli/nix3-flake-clone.html to /nix/store/khgamafgkp7vzksxmilx5wzmqki92v6y-lix-2.95.0-pre20260129-dev_b6c8f41/share/doc/nix/manual/command-ref/new-cli
lix> Installing /build/source/build/doc/manual/manual/command-ref/new-cli/nix3-flake-info.html to /nix/store/khgamafgkp7vzksxmilx5wzmqki92v6y-lix-2.95.0-pre20260129-dev_b6c8f41/share/doc/nix/manual/command-ref/new-cli
lix> Installing /build/source/build/doc/manual/manual/command-ref/new-cli/nix3-flake-init.html to /nix/store/khgamafgkp7vzksxmilx5wzmqki92v6y-lix-2.95.0-pre20260129-dev_b6c8f41/share/doc/nix/manual/command-ref/new-cli
lix> Installing /build/source/build/doc/manual/manual/command-ref/new-cli/nix3-flake-lock.html to /nix/store/khgamafgkp7vzksxmilx5wzmqki92v6y-lix-2.95.0-pre20260129-dev_b6c8f41/share/doc/nix/manual/command-ref/new-cli
lix> Installing /build/source/build/doc/manual/manual/command-ref/new-cli/nix3-flake-metadata.html to /nix/store/khgamafgkp7vzksxmilx5wzmqki92v6y-lix-2.95.0-pre20260129-dev_b6c8f41/share/doc/nix/manual/command-ref/new-cli
lix> Installing /build/source/build/doc/manual/manual/command-ref/new-cli/nix3-flake-new.html to /nix/store/khgamafgkp7vzksxmilx5wzmqki92v6y-lix-2.95.0-pre20260129-dev_b6c8f41/share/doc/nix/manual/command-ref/new-cli
lix> Installing /build/source/build/doc/manual/manual/command-ref/new-cli/nix3-flake-prefetch.html to /nix/store/khgamafgkp7vzksxmilx5wzmqki92v6y-lix-2.95.0-pre20260129-dev_b6c8f41/share/doc/nix/manual/command-ref/new-cli
lix> Installing /build/source/build/doc/manual/manual/command-ref/new-cli/nix3-flake-show.html to /nix/store/khgamafgkp7vzksxmilx5wzmqki92v6y-lix-2.95.0-pre20260129-dev_b6c8f41/share/doc/nix/manual/command-ref/new-cli
lix> Installing /build/source/build/doc/manual/manual/command-ref/new-cli/nix3-flake-update.html to /nix/store/khgamafgkp7vzksxmilx5wzmqki92v6y-lix-2.95.0-pre20260129-dev_b6c8f41/share/doc/nix/manual/command-ref/new-cli
lix> Installing /build/source/build/doc/manual/manual/command-ref/new-cli/nix3-fmt.html to /nix/store/khgamafgkp7vzksxmilx5wzmqki92v6y-lix-2.95.0-pre20260129-dev_b6c8f41/share/doc/nix/manual/command-ref/new-cli
lix> Installing /build/source/build/doc/manual/manual/command-ref/new-cli/nix3-hash.html to /nix/store/khgamafgkp7vzksxmilx5wzmqki92v6y-lix-2.95.0-pre20260129-dev_b6c8f41/share/doc/nix/manual/command-ref/new-cli
lix> Installing /build/source/build/doc/manual/manual/command-ref/new-cli/nix3-hash-file.html to /nix/store/khgamafgkp7vzksxmilx5wzmqki92v6y-lix-2.95.0-pre20260129-dev_b6c8f41/share/doc/nix/manual/command-ref/new-cli
lix> Installing /build/source/build/doc/manual/manual/command-ref/new-cli/nix3-hash-path.html to /nix/store/khgamafgkp7vzksxmilx5wzmqki92v6y-lix-2.95.0-pre20260129-dev_b6c8f41/share/doc/nix/manual/command-ref/new-cli
lix> Installing /build/source/build/doc/manual/manual/command-ref/new-cli/nix3-hash-to-base16.html to /nix/store/khgamafgkp7vzksxmilx5wzmqki92v6y-lix-2.95.0-pre20260129-dev_b6c8f41/share/doc/nix/manual/command-ref/new-cli
lix> Installing /build/source/build/doc/manual/manual/command-ref/new-cli/nix3-hash-to-base32.html to /nix/store/khgamafgkp7vzksxmilx5wzmqki92v6y-lix-2.95.0-pre20260129-dev_b6c8f41/share/doc/nix/manual/command-ref/new-cli
lix> Installing /build/source/build/doc/manual/manual/command-ref/new-cli/nix3-hash-to-base64.html to /nix/store/khgamafgkp7vzksxmilx5wzmqki92v6y-lix-2.95.0-pre20260129-dev_b6c8f41/share/doc/nix/manual/command-ref/new-cli
lix> Installing /build/source/build/doc/manual/manual/command-ref/new-cli/nix3-hash-to-sri.html to /nix/store/khgamafgkp7vzksxmilx5wzmqki92v6y-lix-2.95.0-pre20260129-dev_b6c8f41/share/doc/nix/manual/command-ref/new-cli
lix> Installing /build/source/build/doc/manual/manual/command-ref/new-cli/nix3-help.html to /nix/store/khgamafgkp7vzksxmilx5wzmqki92v6y-lix-2.95.0-pre20260129-dev_b6c8f41/share/doc/nix/manual/command-ref/new-cli
lix> Installing /build/source/build/doc/manual/manual/command-ref/new-cli/nix3-help-stores.html to /nix/store/khgamafgkp7vzksxmilx5wzmqki92v6y-lix-2.95.0-pre20260129-dev_b6c8f41/share/doc/nix/manual/command-ref/new-cli
lix> Installing /build/source/build/doc/manual/manual/command-ref/new-cli/nix3-key.html to /nix/store/khgamafgkp7vzksxmilx5wzmqki92v6y-lix-2.95.0-pre20260129-dev_b6c8f41/share/doc/nix/manual/command-ref/new-cli
lix> Installing /build/source/build/doc/manual/manual/command-ref/new-cli/nix3-key-convert-secret-to-public.html to /nix/store/khgamafgkp7vzksxmilx5wzmqki92v6y-lix-2.95.0-pre20260129-dev_b6c8f41/share/doc/nix/manual/command-ref/new-cli
lix> Installing /build/source/build/doc/manual/manual/command-ref/new-cli/nix3-key-generate-secret.html to /nix/store/khgamafgkp7vzksxmilx5wzmqki92v6y-lix-2.95.0-pre20260129-dev_b6c8f41/share/doc/nix/manual/command-ref/new-cli
lix> Installing /build/source/build/doc/manual/manual/command-ref/new-cli/nix3-log.html to /nix/store/khgamafgkp7vzksxmilx5wzmqki92v6y-lix-2.95.0-pre20260129-dev_b6c8f41/share/doc/nix/manual/command-ref/new-cli
lix> Installing /build/source/build/doc/manual/manual/command-ref/new-cli/nix3-nar.html to /nix/store/khgamafgkp7vzksxmilx5wzmqki92v6y-lix-2.95.0-pre20260129-dev_b6c8f41/share/doc/nix/manual/command-ref/new-cli
lix> Installing /build/source/build/doc/manual/manual/command-ref/new-cli/nix3-nar-cat.html to /nix/store/khgamafgkp7vzksxmilx5wzmqki92v6y-lix-2.95.0-pre20260129-dev_b6c8f41/share/doc/nix/manual/command-ref/new-cli
lix> Installing /build/source/build/doc/manual/manual/command-ref/new-cli/nix3-nar-dump-path.html to /nix/store/khgamafgkp7vzksxmilx5wzmqki92v6y-lix-2.95.0-pre20260129-dev_b6c8f41/share/doc/nix/manual/command-ref/new-cli
lix> Installing /build/source/build/doc/manual/manual/command-ref/new-cli/nix3-nar-ls.html to /nix/store/khgamafgkp7vzksxmilx5wzmqki92v6y-lix-2.95.0-pre20260129-dev_b6c8f41/share/doc/nix/manual/command-ref/new-cli
lix> Installing /build/source/build/doc/manual/manual/command-ref/new-cli/nix3-path-info.html to /nix/store/khgamafgkp7vzksxmilx5wzmqki92v6y-lix-2.95.0-pre20260129-dev_b6c8f41/share/doc/nix/manual/command-ref/new-cli
lix> Installing /build/source/build/doc/manual/manual/command-ref/new-cli/nix3-print-dev-env.html to /nix/store/khgamafgkp7vzksxmilx5wzmqki92v6y-lix-2.95.0-pre20260129-dev_b6c8f41/share/doc/nix/manual/command-ref/new-cli
lix> Installing /build/source/build/doc/manual/manual/command-ref/new-cli/nix3-profile.html to /nix/store/khgamafgkp7vzksxmilx5wzmqki92v6y-lix-2.95.0-pre20260129-dev_b6c8f41/share/doc/nix/manual/command-ref/new-cli
lix> Installing /build/source/build/doc/manual/manual/command-ref/new-cli/nix3-profile-diff-closures.html to /nix/store/khgamafgkp7vzksxmilx5wzmqki92v6y-lix-2.95.0-pre20260129-dev_b6c8f41/share/doc/nix/manual/command-ref/new-cli
lix> Installing /build/source/build/doc/manual/manual/command-ref/new-cli/nix3-profile-history.html to /nix/store/khgamafgkp7vzksxmilx5wzmqki92v6y-lix-2.95.0-pre20260129-dev_b6c8f41/share/doc/nix/manual/command-ref/new-cli
lix> Installing /build/source/build/doc/manual/manual/command-ref/new-cli/nix3-profile-install.html to /nix/store/khgamafgkp7vzksxmilx5wzmqki92v6y-lix-2.95.0-pre20260129-dev_b6c8f41/share/doc/nix/manual/command-ref/new-cli
lix> Installing /build/source/build/doc/manual/manual/command-ref/new-cli/nix3-profile-list.html to /nix/store/khgamafgkp7vzksxmilx5wzmqki92v6y-lix-2.95.0-pre20260129-dev_b6c8f41/share/doc/nix/manual/command-ref/new-cli
lix> Installing /build/source/build/doc/manual/manual/command-ref/new-cli/nix3-profile-remove.html to /nix/store/khgamafgkp7vzksxmilx5wzmqki92v6y-lix-2.95.0-pre20260129-dev_b6c8f41/share/doc/nix/manual/command-ref/new-cli
lix> Installing /build/source/build/doc/manual/manual/command-ref/new-cli/nix3-profile-rollback.html to /nix/store/khgamafgkp7vzksxmilx5wzmqki92v6y-lix-2.95.0-pre20260129-dev_b6c8f41/share/doc/nix/manual/command-ref/new-cli
lix> Installing /build/source/build/doc/manual/manual/command-ref/new-cli/nix3-profile-upgrade.html to /nix/store/khgamafgkp7vzksxmilx5wzmqki92v6y-lix-2.95.0-pre20260129-dev_b6c8f41/share/doc/nix/manual/command-ref/new-cli
lix> Installing /build/source/build/doc/manual/manual/command-ref/new-cli/nix3-profile-wipe-history.html to /nix/store/khgamafgkp7vzksxmilx5wzmqki92v6y-lix-2.95.0-pre20260129-dev_b6c8f41/share/doc/nix/manual/command-ref/new-cli
lix> Installing /build/source/build/doc/manual/manual/command-ref/new-cli/nix3-realisation.html to /nix/store/khgamafgkp7vzksxmilx5wzmqki92v6y-lix-2.95.0-pre20260129-dev_b6c8f41/share/doc/nix/manual/command-ref/new-cli
lix> Installing /build/source/build/doc/manual/manual/command-ref/new-cli/nix3-realisation-info.html to /nix/store/khgamafgkp7vzksxmilx5wzmqki92v6y-lix-2.95.0-pre20260129-dev_b6c8f41/share/doc/nix/manual/command-ref/new-cli
lix> Installing /build/source/build/doc/manual/manual/command-ref/new-cli/nix3-registry.html to /nix/store/khgamafgkp7vzksxmilx5wzmqki92v6y-lix-2.95.0-pre20260129-dev_b6c8f41/share/doc/nix/manual/command-ref/new-cli
lix> Installing /build/source/build/doc/manual/manual/command-ref/new-cli/nix3-registry-add.html to /nix/store/khgamafgkp7vzksxmilx5wzmqki92v6y-lix-2.95.0-pre20260129-dev_b6c8f41/share/doc/nix/manual/command-ref/new-cli
lix> Installing /build/source/build/doc/manual/manual/command-ref/new-cli/nix3-registry-list.html to /nix/store/khgamafgkp7vzksxmilx5wzmqki92v6y-lix-2.95.0-pre20260129-dev_b6c8f41/share/doc/nix/manual/command-ref/new-cli
lix> Installing /build/source/build/doc/manual/manual/command-ref/new-cli/nix3-registry-pin.html to /nix/store/khgamafgkp7vzksxmilx5wzmqki92v6y-lix-2.95.0-pre20260129-dev_b6c8f41/share/doc/nix/manual/command-ref/new-cli
lix> Installing /build/source/build/doc/manual/manual/command-ref/new-cli/nix3-registry-remove.html to /nix/store/khgamafgkp7vzksxmilx5wzmqki92v6y-lix-2.95.0-pre20260129-dev_b6c8f41/share/doc/nix/manual/command-ref/new-cli
lix> Installing /build/source/build/doc/manual/manual/command-ref/new-cli/nix3-repl.html to /nix/store/khgamafgkp7vzksxmilx5wzmqki92v6y-lix-2.95.0-pre20260129-dev_b6c8f41/share/doc/nix/manual/command-ref/new-cli
lix> Installing /build/source/build/doc/manual/manual/command-ref/new-cli/nix3-run.html to /nix/store/khgamafgkp7vzksxmilx5wzmqki92v6y-lix-2.95.0-pre20260129-dev_b6c8f41/share/doc/nix/manual/command-ref/new-cli
lix> Installing /build/source/build/doc/manual/manual/command-ref/new-cli/nix3-search.html to /nix/store/khgamafgkp7vzksxmilx5wzmqki92v6y-lix-2.95.0-pre20260129-dev_b6c8f41/share/doc/nix/manual/command-ref/new-cli
lix> Installing /build/source/build/doc/manual/manual/command-ref/new-cli/nix3-shell.html to /nix/store/khgamafgkp7vzksxmilx5wzmqki92v6y-lix-2.95.0-pre20260129-dev_b6c8f41/share/doc/nix/manual/command-ref/new-cli
lix> Installing /build/source/build/doc/manual/manual/command-ref/new-cli/nix3-store.html to /nix/store/khgamafgkp7vzksxmilx5wzmqki92v6y-lix-2.95.0-pre20260129-dev_b6c8f41/share/doc/nix/manual/command-ref/new-cli
lix> Installing /build/source/build/doc/manual/manual/command-ref/new-cli/nix3-store-add-file.html to /nix/store/khgamafgkp7vzksxmilx5wzmqki92v6y-lix-2.95.0-pre20260129-dev_b6c8f41/share/doc/nix/manual/command-ref/new-cli
lix> Installing /build/source/build/doc/manual/manual/command-ref/new-cli/nix3-store-add-path.html to /nix/store/khgamafgkp7vzksxmilx5wzmqki92v6y-lix-2.95.0-pre20260129-dev_b6c8f41/share/doc/nix/manual/command-ref/new-cli
lix> Installing /build/source/build/doc/manual/manual/command-ref/new-cli/nix3-store-cat.html to /nix/store/khgamafgkp7vzksxmilx5wzmqki92v6y-lix-2.95.0-pre20260129-dev_b6c8f41/share/doc/nix/manual/command-ref/new-cli
lix> Installing /build/source/build/doc/manual/manual/command-ref/new-cli/nix3-store-copy-log.html to /nix/store/khgamafgkp7vzksxmilx5wzmqki92v6y-lix-2.95.0-pre20260129-dev_b6c8f41/share/doc/nix/manual/command-ref/new-cli
lix> Installing /build/source/build/doc/manual/manual/command-ref/new-cli/nix3-store-copy-sigs.html to /nix/store/khgamafgkp7vzksxmilx5wzmqki92v6y-lix-2.95.0-pre20260129-dev_b6c8f41/share/doc/nix/manual/command-ref/new-cli
lix> Installing /build/source/build/doc/manual/manual/command-ref/new-cli/nix3-store-delete.html to /nix/store/khgamafgkp7vzksxmilx5wzmqki92v6y-lix-2.95.0-pre20260129-dev_b6c8f41/share/doc/nix/manual/command-ref/new-cli
lix> Installing /build/source/build/doc/manual/manual/command-ref/new-cli/nix3-store-diff-closures.html to /nix/store/khgamafgkp7vzksxmilx5wzmqki92v6y-lix-2.95.0-pre20260129-dev_b6c8f41/share/doc/nix/manual/command-ref/new-cli
lix> Installing /build/source/build/doc/manual/manual/command-ref/new-cli/nix3-store-dump-path.html to /nix/store/khgamafgkp7vzksxmilx5wzmqki92v6y-lix-2.95.0-pre20260129-dev_b6c8f41/share/doc/nix/manual/command-ref/new-cli
lix> Installing /build/source/build/doc/manual/manual/command-ref/new-cli/nix3-store-gc.html to /nix/store/khgamafgkp7vzksxmilx5wzmqki92v6y-lix-2.95.0-pre20260129-dev_b6c8f41/share/doc/nix/manual/command-ref/new-cli
lix> Installing /build/source/build/doc/manual/manual/command-ref/new-cli/nix3-store-ls.html to /nix/store/khgamafgkp7vzksxmilx5wzmqki92v6y-lix-2.95.0-pre20260129-dev_b6c8f41/share/doc/nix/manual/command-ref/new-cli
lix> Installing /build/source/build/doc/manual/manual/command-ref/new-cli/nix3-store-make-content-addressed.html to /nix/store/khgamafgkp7vzksxmilx5wzmqki92v6y-lix-2.95.0-pre20260129-dev_b6c8f41/share/doc/nix/manual/command-ref/new-cli
lix> Installing /build/source/build/doc/manual/manual/command-ref/new-cli/nix3-store-optimise.html to /nix/store/khgamafgkp7vzksxmilx5wzmqki92v6y-lix-2.95.0-pre20260129-dev_b6c8f41/share/doc/nix/manual/command-ref/new-cli
lix> Installing /build/source/build/doc/manual/manual/command-ref/new-cli/nix3-store-path-from-hash-part.html to /nix/store/khgamafgkp7vzksxmilx5wzmqki92v6y-lix-2.95.0-pre20260129-dev_b6c8f41/share/doc/nix/manual/command-ref/new-cli
lix> Installing /build/source/build/doc/manual/manual/command-ref/new-cli/nix3-store-ping.html to /nix/store/khgamafgkp7vzksxmilx5wzmqki92v6y-lix-2.95.0-pre20260129-dev_b6c8f41/share/doc/nix/manual/command-ref/new-cli
lix> Installing /build/source/build/doc/manual/manual/command-ref/new-cli/nix3-store-prefetch-file.html to /nix/store/khgamafgkp7vzksxmilx5wzmqki92v6y-lix-2.95.0-pre20260129-dev_b6c8f41/share/doc/nix/manual/command-ref/new-cli
lix> Installing /build/source/build/doc/manual/manual/command-ref/new-cli/nix3-store-repair.html to /nix/store/khgamafgkp7vzksxmilx5wzmqki92v6y-lix-2.95.0-pre20260129-dev_b6c8f41/share/doc/nix/manual/command-ref/new-cli
lix> Installing /build/source/build/doc/manual/manual/command-ref/new-cli/nix3-store-sign.html to /nix/store/khgamafgkp7vzksxmilx5wzmqki92v6y-lix-2.95.0-pre20260129-dev_b6c8f41/share/doc/nix/manual/command-ref/new-cli
lix> Installing /build/source/build/doc/manual/manual/command-ref/new-cli/nix3-store-verify.html to /nix/store/khgamafgkp7vzksxmilx5wzmqki92v6y-lix-2.95.0-pre20260129-dev_b6c8f41/share/doc/nix/manual/command-ref/new-cli
lix> Installing /build/source/build/doc/manual/manual/command-ref/new-cli/nix3-upgrade-nix.html to /nix/store/khgamafgkp7vzksxmilx5wzmqki92v6y-lix-2.95.0-pre20260129-dev_b6c8f41/share/doc/nix/manual/command-ref/new-cli
lix> Installing /build/source/build/doc/manual/manual/command-ref/new-cli/nix3-why-depends.html to /nix/store/khgamafgkp7vzksxmilx5wzmqki92v6y-lix-2.95.0-pre20260129-dev_b6c8f41/share/doc/nix/manual/command-ref/new-cli
lix> Installing /build/source/build/doc/manual/manual/command-ref/files/profiles.html to /nix/store/khgamafgkp7vzksxmilx5wzmqki92v6y-lix-2.95.0-pre20260129-dev_b6c8f41/share/doc/nix/manual/command-ref/files
lix> Installing /build/source/build/doc/manual/manual/command-ref/files/manifest.nix.html to /nix/store/khgamafgkp7vzksxmilx5wzmqki92v6y-lix-2.95.0-pre20260129-dev_b6c8f41/share/doc/nix/manual/command-ref/files
lix> Installing /build/source/build/doc/manual/manual/command-ref/files/manifest.json.html to /nix/store/khgamafgkp7vzksxmilx5wzmqki92v6y-lix-2.95.0-pre20260129-dev_b6c8f41/share/doc/nix/manual/command-ref/files
lix> Installing /build/source/build/doc/manual/manual/command-ref/files/channels.html to /nix/store/khgamafgkp7vzksxmilx5wzmqki92v6y-lix-2.95.0-pre20260129-dev_b6c8f41/share/doc/nix/manual/command-ref/files
lix> Installing /build/source/build/doc/manual/manual/command-ref/files/default-nix-expression.html to /nix/store/khgamafgkp7vzksxmilx5wzmqki92v6y-lix-2.95.0-pre20260129-dev_b6c8f41/share/doc/nix/manual/command-ref/files
lix> Installing /build/source/build/doc/manual/manual/architecture/architecture.html to /nix/store/khgamafgkp7vzksxmilx5wzmqki92v6y-lix-2.95.0-pre20260129-dev_b6c8f41/share/doc/nix/manual/architecture
lix> Installing /build/source/build/doc/manual/manual/architecture/file-system-object.html to /nix/store/khgamafgkp7vzksxmilx5wzmqki92v6y-lix-2.95.0-pre20260129-dev_b6c8f41/share/doc/nix/manual/architecture
lix> Installing /build/source/build/doc/manual/manual/protocols/protocols.html to /nix/store/khgamafgkp7vzksxmilx5wzmqki92v6y-lix-2.95.0-pre20260129-dev_b6c8f41/share/doc/nix/manual/protocols
lix> Installing /build/source/build/doc/manual/manual/protocols/tarball-fetcher.html to /nix/store/khgamafgkp7vzksxmilx5wzmqki92v6y-lix-2.95.0-pre20260129-dev_b6c8f41/share/doc/nix/manual/protocols
lix> Installing /build/source/build/doc/manual/manual/protocols/derivation-aterm.html to /nix/store/khgamafgkp7vzksxmilx5wzmqki92v6y-lix-2.95.0-pre20260129-dev_b6c8f41/share/doc/nix/manual/protocols
lix> Installing /build/source/build/doc/manual/manual/contributing/contributing.html to /nix/store/khgamafgkp7vzksxmilx5wzmqki92v6y-lix-2.95.0-pre20260129-dev_b6c8f41/share/doc/nix/manual/contributing
lix> Installing /build/source/build/doc/manual/manual/contributing/hacking.html to /nix/store/khgamafgkp7vzksxmilx5wzmqki92v6y-lix-2.95.0-pre20260129-dev_b6c8f41/share/doc/nix/manual/contributing
lix> Installing /build/source/build/doc/manual/manual/contributing/testing.html to /nix/store/khgamafgkp7vzksxmilx5wzmqki92v6y-lix-2.95.0-pre20260129-dev_b6c8f41/share/doc/nix/manual/contributing
lix> Installing /build/source/build/doc/manual/manual/contributing/experimental-features.html to /nix/store/khgamafgkp7vzksxmilx5wzmqki92v6y-lix-2.95.0-pre20260129-dev_b6c8f41/share/doc/nix/manual/contributing
lix> Installing /build/source/build/doc/manual/manual/contributing/deprecated-features.html to /nix/store/khgamafgkp7vzksxmilx5wzmqki92v6y-lix-2.95.0-pre20260129-dev_b6c8f41/share/doc/nix/manual/contributing
lix> Installing /build/source/build/doc/manual/manual/contributing/cli-guideline.html to /nix/store/khgamafgkp7vzksxmilx5wzmqki92v6y-lix-2.95.0-pre20260129-dev_b6c8f41/share/doc/nix/manual/contributing
lix> Installing /build/source/build/doc/manual/manual/contributing/cxx.html to /nix/store/khgamafgkp7vzksxmilx5wzmqki92v6y-lix-2.95.0-pre20260129-dev_b6c8f41/share/doc/nix/manual/contributing
lix> Installing /build/source/build/doc/manual/manual/release-notes/release-notes.html to /nix/store/khgamafgkp7vzksxmilx5wzmqki92v6y-lix-2.95.0-pre20260129-dev_b6c8f41/share/doc/nix/manual/release-notes
lix> Installing /build/source/build/doc/manual/manual/release-notes/rl-next.html to /nix/store/khgamafgkp7vzksxmilx5wzmqki92v6y-lix-2.95.0-pre20260129-dev_b6c8f41/share/doc/nix/manual/release-notes
lix> Installing /build/source/build/doc/manual/manual/release-notes/rl-2.94.html to /nix/store/khgamafgkp7vzksxmilx5wzmqki92v6y-lix-2.95.0-pre20260129-dev_b6c8f41/share/doc/nix/manual/release-notes
lix> Installing /build/source/build/doc/manual/manual/release-notes/rl-2.93.html to /nix/store/khgamafgkp7vzksxmilx5wzmqki92v6y-lix-2.95.0-pre20260129-dev_b6c8f41/share/doc/nix/manual/release-notes
lix> Installing /build/source/build/doc/manual/manual/release-notes/rl-2.92.html to /nix/store/khgamafgkp7vzksxmilx5wzmqki92v6y-lix-2.95.0-pre20260129-dev_b6c8f41/share/doc/nix/manual/release-notes
lix> Installing /build/source/build/doc/manual/manual/release-notes/rl-2.91.html to /nix/store/khgamafgkp7vzksxmilx5wzmqki92v6y-lix-2.95.0-pre20260129-dev_b6c8f41/share/doc/nix/manual/release-notes
lix> Installing /build/source/build/doc/manual/manual/release-notes/rl-2.90.html to /nix/store/khgamafgkp7vzksxmilx5wzmqki92v6y-lix-2.95.0-pre20260129-dev_b6c8f41/share/doc/nix/manual/release-notes
lix> Installing /build/source/build/doc/manual/manual/release-notes/rl-2.18.html to /nix/store/khgamafgkp7vzksxmilx5wzmqki92v6y-lix-2.95.0-pre20260129-dev_b6c8f41/share/doc/nix/manual/release-notes
lix> Installing /build/source/build/doc/manual/manual/release-notes/rl-2.17.html to /nix/store/khgamafgkp7vzksxmilx5wzmqki92v6y-lix-2.95.0-pre20260129-dev_b6c8f41/share/doc/nix/manual/release-notes
lix> Installing /build/source/build/doc/manual/manual/release-notes/rl-2.16.html to /nix/store/khgamafgkp7vzksxmilx5wzmqki92v6y-lix-2.95.0-pre20260129-dev_b6c8f41/share/doc/nix/manual/release-notes
lix> Installing /build/source/build/doc/manual/manual/release-notes/rl-2.15.html to /nix/store/khgamafgkp7vzksxmilx5wzmqki92v6y-lix-2.95.0-pre20260129-dev_b6c8f41/share/doc/nix/manual/release-notes
lix> Installing /build/source/build/doc/manual/manual/release-notes/rl-2.14.html to /nix/store/khgamafgkp7vzksxmilx5wzmqki92v6y-lix-2.95.0-pre20260129-dev_b6c8f41/share/doc/nix/manual/release-notes
lix> Installing /build/source/build/doc/manual/manual/release-notes/rl-2.13.html to /nix/store/khgamafgkp7vzksxmilx5wzmqki92v6y-lix-2.95.0-pre20260129-dev_b6c8f41/share/doc/nix/manual/release-notes
lix> Installing /build/source/build/doc/manual/manual/release-notes/rl-2.12.html to /nix/store/khgamafgkp7vzksxmilx5wzmqki92v6y-lix-2.95.0-pre20260129-dev_b6c8f41/share/doc/nix/manual/release-notes
lix> Installing /build/source/build/doc/manual/manual/release-notes/rl-2.11.html to /nix/store/khgamafgkp7vzksxmilx5wzmqki92v6y-lix-2.95.0-pre20260129-dev_b6c8f41/share/doc/nix/manual/release-notes
lix> Installing /build/source/build/doc/manual/manual/release-notes/rl-2.10.html to /nix/store/khgamafgkp7vzksxmilx5wzmqki92v6y-lix-2.95.0-pre20260129-dev_b6c8f41/share/doc/nix/manual/release-notes
lix> Installing /build/source/build/doc/manual/manual/release-notes/rl-2.9.html to /nix/store/khgamafgkp7vzksxmilx5wzmqki92v6y-lix-2.95.0-pre20260129-dev_b6c8f41/share/doc/nix/manual/release-notes
lix> Installing /build/source/build/doc/manual/manual/release-notes/rl-2.8.html to /nix/store/khgamafgkp7vzksxmilx5wzmqki92v6y-lix-2.95.0-pre20260129-dev_b6c8f41/share/doc/nix/manual/release-notes
lix> Installing /build/source/build/doc/manual/manual/release-notes/rl-2.7.html to /nix/store/khgamafgkp7vzksxmilx5wzmqki92v6y-lix-2.95.0-pre20260129-dev_b6c8f41/share/doc/nix/manual/release-notes
lix> Installing /build/source/build/doc/manual/manual/release-notes/rl-2.6.html to /nix/store/khgamafgkp7vzksxmilx5wzmqki92v6y-lix-2.95.0-pre20260129-dev_b6c8f41/share/doc/nix/manual/release-notes
lix> Installing /build/source/build/doc/manual/manual/release-notes/rl-2.5.html to /nix/store/khgamafgkp7vzksxmilx5wzmqki92v6y-lix-2.95.0-pre20260129-dev_b6c8f41/share/doc/nix/manual/release-notes
lix> Installing /build/source/build/doc/manual/manual/release-notes/rl-2.4.html to /nix/store/khgamafgkp7vzksxmilx5wzmqki92v6y-lix-2.95.0-pre20260129-dev_b6c8f41/share/doc/nix/manual/release-notes
lix> Installing /build/source/build/doc/manual/manual/release-notes/rl-2.3.html to /nix/store/khgamafgkp7vzksxmilx5wzmqki92v6y-lix-2.95.0-pre20260129-dev_b6c8f41/share/doc/nix/manual/release-notes
lix> Installing /build/source/build/doc/manual/manual/release-notes/rl-2.2.html to /nix/store/khgamafgkp7vzksxmilx5wzmqki92v6y-lix-2.95.0-pre20260129-dev_b6c8f41/share/doc/nix/manual/release-notes
lix> Installing /build/source/build/doc/manual/manual/release-notes/rl-2.1.html to /nix/store/khgamafgkp7vzksxmilx5wzmqki92v6y-lix-2.95.0-pre20260129-dev_b6c8f41/share/doc/nix/manual/release-notes
lix> Installing /build/source/build/doc/manual/manual/release-notes/rl-2.0.html to /nix/store/khgamafgkp7vzksxmilx5wzmqki92v6y-lix-2.95.0-pre20260129-dev_b6c8f41/share/doc/nix/manual/release-notes
lix> Installing /build/source/build/doc/manual/manual/release-notes/rl-1.11.10.html to /nix/store/khgamafgkp7vzksxmilx5wzmqki92v6y-lix-2.95.0-pre20260129-dev_b6c8f41/share/doc/nix/manual/release-notes
lix> Installing /build/source/build/doc/manual/manual/release-notes/rl-1.11.html to /nix/store/khgamafgkp7vzksxmilx5wzmqki92v6y-lix-2.95.0-pre20260129-dev_b6c8f41/share/doc/nix/manual/release-notes
lix> Installing /build/source/build/doc/manual/manual/release-notes/rl-1.10.html to /nix/store/khgamafgkp7vzksxmilx5wzmqki92v6y-lix-2.95.0-pre20260129-dev_b6c8f41/share/doc/nix/manual/release-notes
lix> Installing /build/source/build/doc/manual/manual/release-notes/rl-1.9.html to /nix/store/khgamafgkp7vzksxmilx5wzmqki92v6y-lix-2.95.0-pre20260129-dev_b6c8f41/share/doc/nix/manual/release-notes
lix> Installing /build/source/build/doc/manual/manual/release-notes/rl-1.8.html to /nix/store/khgamafgkp7vzksxmilx5wzmqki92v6y-lix-2.95.0-pre20260129-dev_b6c8f41/share/doc/nix/manual/release-notes
lix> Installing /build/source/build/doc/manual/manual/release-notes/rl-1.7.html to /nix/store/khgamafgkp7vzksxmilx5wzmqki92v6y-lix-2.95.0-pre20260129-dev_b6c8f41/share/doc/nix/manual/release-notes
lix> Installing /build/source/build/doc/manual/manual/release-notes/rl-1.6.1.html to /nix/store/khgamafgkp7vzksxmilx5wzmqki92v6y-lix-2.95.0-pre20260129-dev_b6c8f41/share/doc/nix/manual/release-notes
lix> Installing /build/source/build/doc/manual/manual/release-notes/rl-1.6.html to /nix/store/khgamafgkp7vzksxmilx5wzmqki92v6y-lix-2.95.0-pre20260129-dev_b6c8f41/share/doc/nix/manual/release-notes
lix> Installing /build/source/build/doc/manual/manual/release-notes/rl-1.5.2.html to /nix/store/khgamafgkp7vzksxmilx5wzmqki92v6y-lix-2.95.0-pre20260129-dev_b6c8f41/share/doc/nix/manual/release-notes
lix> Installing /build/source/build/doc/manual/manual/release-notes/rl-1.5.html to /nix/store/khgamafgkp7vzksxmilx5wzmqki92v6y-lix-2.95.0-pre20260129-dev_b6c8f41/share/doc/nix/manual/release-notes
lix> Installing /build/source/build/doc/manual/manual/release-notes/rl-1.4.html to /nix/store/khgamafgkp7vzksxmilx5wzmqki92v6y-lix-2.95.0-pre20260129-dev_b6c8f41/share/doc/nix/manual/release-notes
lix> Installing /build/source/build/doc/manual/manual/release-notes/rl-1.3.html to /nix/store/khgamafgkp7vzksxmilx5wzmqki92v6y-lix-2.95.0-pre20260129-dev_b6c8f41/share/doc/nix/manual/release-notes
lix> Installing /build/source/build/doc/manual/manual/release-notes/rl-1.2.html to /nix/store/khgamafgkp7vzksxmilx5wzmqki92v6y-lix-2.95.0-pre20260129-dev_b6c8f41/share/doc/nix/manual/release-notes
lix> Installing /build/source/build/doc/manual/manual/release-notes/rl-1.1.html to /nix/store/khgamafgkp7vzksxmilx5wzmqki92v6y-lix-2.95.0-pre20260129-dev_b6c8f41/share/doc/nix/manual/release-notes
lix> Installing /build/source/build/doc/manual/manual/release-notes/rl-1.0.html to /nix/store/khgamafgkp7vzksxmilx5wzmqki92v6y-lix-2.95.0-pre20260129-dev_b6c8f41/share/doc/nix/manual/release-notes
lix> Installing /build/source/build/doc/manual/manual/release-notes/rl-0.16.html to /nix/store/khgamafgkp7vzksxmilx5wzmqki92v6y-lix-2.95.0-pre20260129-dev_b6c8f41/share/doc/nix/manual/release-notes
lix> Installing /build/source/build/doc/manual/manual/release-notes/rl-0.15.html to /nix/store/khgamafgkp7vzksxmilx5wzmqki92v6y-lix-2.95.0-pre20260129-dev_b6c8f41/share/doc/nix/manual/release-notes
lix> Installing /build/source/build/doc/manual/manual/release-notes/rl-0.14.html to /nix/store/khgamafgkp7vzksxmilx5wzmqki92v6y-lix-2.95.0-pre20260129-dev_b6c8f41/share/doc/nix/manual/release-notes
lix> Installing /build/source/build/doc/manual/manual/release-notes/rl-0.13.html to /nix/store/khgamafgkp7vzksxmilx5wzmqki92v6y-lix-2.95.0-pre20260129-dev_b6c8f41/share/doc/nix/manual/release-notes
lix> Installing /build/source/build/doc/manual/manual/release-notes/rl-0.12.html to /nix/store/khgamafgkp7vzksxmilx5wzmqki92v6y-lix-2.95.0-pre20260129-dev_b6c8f41/share/doc/nix/manual/release-notes
lix> Installing /build/source/build/doc/manual/manual/release-notes/rl-0.11.html to /nix/store/khgamafgkp7vzksxmilx5wzmqki92v6y-lix-2.95.0-pre20260129-dev_b6c8f41/share/doc/nix/manual/release-notes
lix> Installing /build/source/build/doc/manual/manual/release-notes/rl-0.10.1.html to /nix/store/khgamafgkp7vzksxmilx5wzmqki92v6y-lix-2.95.0-pre20260129-dev_b6c8f41/share/doc/nix/manual/release-notes
lix> Installing /build/source/build/doc/manual/manual/release-notes/rl-0.10.html to /nix/store/khgamafgkp7vzksxmilx5wzmqki92v6y-lix-2.95.0-pre20260129-dev_b6c8f41/share/doc/nix/manual/release-notes
lix> Installing /build/source/build/doc/manual/manual/release-notes/rl-0.9.2.html to /nix/store/khgamafgkp7vzksxmilx5wzmqki92v6y-lix-2.95.0-pre20260129-dev_b6c8f41/share/doc/nix/manual/release-notes
lix> Installing /build/source/build/doc/manual/manual/release-notes/rl-0.9.1.html to /nix/store/khgamafgkp7vzksxmilx5wzmqki92v6y-lix-2.95.0-pre20260129-dev_b6c8f41/share/doc/nix/manual/release-notes
lix> Installing /build/source/build/doc/manual/manual/release-notes/rl-0.9.html to /nix/store/khgamafgkp7vzksxmilx5wzmqki92v6y-lix-2.95.0-pre20260129-dev_b6c8f41/share/doc/nix/manual/release-notes
lix> Installing /build/source/build/doc/manual/manual/release-notes/rl-0.8.1.html to /nix/store/khgamafgkp7vzksxmilx5wzmqki92v6y-lix-2.95.0-pre20260129-dev_b6c8f41/share/doc/nix/manual/release-notes
lix> Installing /build/source/build/doc/manual/manual/release-notes/rl-0.8.html to /nix/store/khgamafgkp7vzksxmilx5wzmqki92v6y-lix-2.95.0-pre20260129-dev_b6c8f41/share/doc/nix/manual/release-notes
lix> Installing /build/source/build/doc/manual/manual/release-notes/rl-0.7.html to /nix/store/khgamafgkp7vzksxmilx5wzmqki92v6y-lix-2.95.0-pre20260129-dev_b6c8f41/share/doc/nix/manual/release-notes
lix> Installing /build/source/build/doc/manual/manual/release-notes/rl-0.6.html to /nix/store/khgamafgkp7vzksxmilx5wzmqki92v6y-lix-2.95.0-pre20260129-dev_b6c8f41/share/doc/nix/manual/release-notes
lix> Installing /build/source/build/doc/manual/manual/release-notes/rl-0.5.html to /nix/store/khgamafgkp7vzksxmilx5wzmqki92v6y-lix-2.95.0-pre20260129-dev_b6c8f41/share/doc/nix/manual/release-notes
lix> Installing /build/source/build/doc/manual/manual/figures/user-environments.png to /nix/store/khgamafgkp7vzksxmilx5wzmqki92v6y-lix-2.95.0-pre20260129-dev_b6c8f41/share/doc/nix/manual/figures
lix> Installing /build/source/build/doc/manual/manual/figures/user-environments.sxd to /nix/store/khgamafgkp7vzksxmilx5wzmqki92v6y-lix-2.95.0-pre20260129-dev_b6c8f41/share/doc/nix/manual/figures
lix> Installing doc/manual/nix-env-delete-generations.1 to /nix/store/khgamafgkp7vzksxmilx5wzmqki92v6y-lix-2.95.0-pre20260129-dev_b6c8f41/share/man/man1
lix> Installing doc/manual/nix-env-install.1 to /nix/store/khgamafgkp7vzksxmilx5wzmqki92v6y-lix-2.95.0-pre20260129-dev_b6c8f41/share/man/man1
lix> Installing doc/manual/nix-env-list-generations.1 to /nix/store/khgamafgkp7vzksxmilx5wzmqki92v6y-lix-2.95.0-pre20260129-dev_b6c8f41/share/man/man1
lix> Installing doc/manual/nix-env-query.1 to /nix/store/khgamafgkp7vzksxmilx5wzmqki92v6y-lix-2.95.0-pre20260129-dev_b6c8f41/share/man/man1
lix> Installing doc/manual/nix-env-rollback.1 to /nix/store/khgamafgkp7vzksxmilx5wzmqki92v6y-lix-2.95.0-pre20260129-dev_b6c8f41/share/man/man1
lix> Installing doc/manual/nix-env-set-flag.1 to /nix/store/khgamafgkp7vzksxmilx5wzmqki92v6y-lix-2.95.0-pre20260129-dev_b6c8f41/share/man/man1
lix> Installing doc/manual/nix-env-set.1 to /nix/store/khgamafgkp7vzksxmilx5wzmqki92v6y-lix-2.95.0-pre20260129-dev_b6c8f41/share/man/man1
lix> Installing doc/manual/nix-env-switch-generation.1 to /nix/store/khgamafgkp7vzksxmilx5wzmqki92v6y-lix-2.95.0-pre20260129-dev_b6c8f41/share/man/man1
lix> Installing doc/manual/nix-env-switch-profile.1 to /nix/store/khgamafgkp7vzksxmilx5wzmqki92v6y-lix-2.95.0-pre20260129-dev_b6c8f41/share/man/man1
lix> Installing doc/manual/nix-env-uninstall.1 to /nix/store/khgamafgkp7vzksxmilx5wzmqki92v6y-lix-2.95.0-pre20260129-dev_b6c8f41/share/man/man1
lix> Installing doc/manual/nix-env-upgrade.1 to /nix/store/khgamafgkp7vzksxmilx5wzmqki92v6y-lix-2.95.0-pre20260129-dev_b6c8f41/share/man/man1
lix> Installing doc/manual/nix-store-add-fixed.1 to /nix/store/khgamafgkp7vzksxmilx5wzmqki92v6y-lix-2.95.0-pre20260129-dev_b6c8f41/share/man/man1
lix> Installing doc/manual/nix-store-add.1 to /nix/store/khgamafgkp7vzksxmilx5wzmqki92v6y-lix-2.95.0-pre20260129-dev_b6c8f41/share/man/man1
lix> Installing doc/manual/nix-store-delete.1 to /nix/store/khgamafgkp7vzksxmilx5wzmqki92v6y-lix-2.95.0-pre20260129-dev_b6c8f41/share/man/man1
lix> Installing doc/manual/nix-store-dump-db.1 to /nix/store/khgamafgkp7vzksxmilx5wzmqki92v6y-lix-2.95.0-pre20260129-dev_b6c8f41/share/man/man1
lix> Installing doc/manual/nix-store-dump.1 to /nix/store/khgamafgkp7vzksxmilx5wzmqki92v6y-lix-2.95.0-pre20260129-dev_b6c8f41/share/man/man1
lix> Installing doc/manual/nix-store-export.1 to /nix/store/khgamafgkp7vzksxmilx5wzmqki92v6y-lix-2.95.0-pre20260129-dev_b6c8f41/share/man/man1
lix> Installing doc/manual/nix-store-gc.1 to /nix/store/khgamafgkp7vzksxmilx5wzmqki92v6y-lix-2.95.0-pre20260129-dev_b6c8f41/share/man/man1
lix> Installing doc/manual/nix-store-generate-binary-cache-key.1 to /nix/store/khgamafgkp7vzksxmilx5wzmqki92v6y-lix-2.95.0-pre20260129-dev_b6c8f41/share/man/man1
lix> Installing doc/manual/nix-store-import.1 to /nix/store/khgamafgkp7vzksxmilx5wzmqki92v6y-lix-2.95.0-pre20260129-dev_b6c8f41/share/man/man1
lix> Installing doc/manual/nix-store-load-db.1 to /nix/store/khgamafgkp7vzksxmilx5wzmqki92v6y-lix-2.95.0-pre20260129-dev_b6c8f41/share/man/man1
lix> Installing doc/manual/nix-store-optimise.1 to /nix/store/khgamafgkp7vzksxmilx5wzmqki92v6y-lix-2.95.0-pre20260129-dev_b6c8f41/share/man/man1
lix> Installing doc/manual/nix-store-print-env.1 to /nix/store/khgamafgkp7vzksxmilx5wzmqki92v6y-lix-2.95.0-pre20260129-dev_b6c8f41/share/man/man1
lix> Installing doc/manual/nix-store-query.1 to /nix/store/khgamafgkp7vzksxmilx5wzmqki92v6y-lix-2.95.0-pre20260129-dev_b6c8f41/share/man/man1
lix> Installing doc/manual/nix-store-read-log.1 to /nix/store/khgamafgkp7vzksxmilx5wzmqki92v6y-lix-2.95.0-pre20260129-dev_b6c8f41/share/man/man1
lix> Installing doc/manual/nix-store-realise.1 to /nix/store/khgamafgkp7vzksxmilx5wzmqki92v6y-lix-2.95.0-pre20260129-dev_b6c8f41/share/man/man1
lix> Installing doc/manual/nix-store-repair-path.1 to /nix/store/khgamafgkp7vzksxmilx5wzmqki92v6y-lix-2.95.0-pre20260129-dev_b6c8f41/share/man/man1
lix> Installing doc/manual/nix-store-restore.1 to /nix/store/khgamafgkp7vzksxmilx5wzmqki92v6y-lix-2.95.0-pre20260129-dev_b6c8f41/share/man/man1
lix> Installing doc/manual/nix-store-serve.1 to /nix/store/khgamafgkp7vzksxmilx5wzmqki92v6y-lix-2.95.0-pre20260129-dev_b6c8f41/share/man/man1
lix> Installing doc/manual/nix-store-verify.1 to /nix/store/khgamafgkp7vzksxmilx5wzmqki92v6y-lix-2.95.0-pre20260129-dev_b6c8f41/share/man/man1
lix> Installing doc/manual/nix-store-verify-path.1 to /nix/store/khgamafgkp7vzksxmilx5wzmqki92v6y-lix-2.95.0-pre20260129-dev_b6c8f41/share/man/man1
lix> Installing doc/manual/nix3-build.1 to /nix/store/khgamafgkp7vzksxmilx5wzmqki92v6y-lix-2.95.0-pre20260129-dev_b6c8f41/share/man/man1
lix> Installing doc/manual/nix3-bundle.1 to /nix/store/khgamafgkp7vzksxmilx5wzmqki92v6y-lix-2.95.0-pre20260129-dev_b6c8f41/share/man/man1
lix> Installing doc/manual/nix3-config.1 to /nix/store/khgamafgkp7vzksxmilx5wzmqki92v6y-lix-2.95.0-pre20260129-dev_b6c8f41/share/man/man1
lix> Installing doc/manual/nix3-config-show.1 to /nix/store/khgamafgkp7vzksxmilx5wzmqki92v6y-lix-2.95.0-pre20260129-dev_b6c8f41/share/man/man1
lix> Installing doc/manual/nix3-copy.1 to /nix/store/khgamafgkp7vzksxmilx5wzmqki92v6y-lix-2.95.0-pre20260129-dev_b6c8f41/share/man/man1
lix> Installing doc/manual/nix3-daemon.1 to /nix/store/khgamafgkp7vzksxmilx5wzmqki92v6y-lix-2.95.0-pre20260129-dev_b6c8f41/share/man/man1
lix> Installing doc/manual/nix3-derivation-add.1 to /nix/store/khgamafgkp7vzksxmilx5wzmqki92v6y-lix-2.95.0-pre20260129-dev_b6c8f41/share/man/man1
lix> Installing doc/manual/nix3-derivation.1 to /nix/store/khgamafgkp7vzksxmilx5wzmqki92v6y-lix-2.95.0-pre20260129-dev_b6c8f41/share/man/man1
lix> Installing doc/manual/nix3-derivation-show.1 to /nix/store/khgamafgkp7vzksxmilx5wzmqki92v6y-lix-2.95.0-pre20260129-dev_b6c8f41/share/man/man1
lix> Installing doc/manual/nix3-develop.1 to /nix/store/khgamafgkp7vzksxmilx5wzmqki92v6y-lix-2.95.0-pre20260129-dev_b6c8f41/share/man/man1
lix> Installing doc/manual/nix3-doctor.1 to /nix/store/khgamafgkp7vzksxmilx5wzmqki92v6y-lix-2.95.0-pre20260129-dev_b6c8f41/share/man/man1
lix> Installing doc/manual/nix3-edit.1 to /nix/store/khgamafgkp7vzksxmilx5wzmqki92v6y-lix-2.95.0-pre20260129-dev_b6c8f41/share/man/man1
lix> Installing doc/manual/nix3-eval.1 to /nix/store/khgamafgkp7vzksxmilx5wzmqki92v6y-lix-2.95.0-pre20260129-dev_b6c8f41/share/man/man1
lix> Installing doc/manual/nix3-flake-archive.1 to /nix/store/khgamafgkp7vzksxmilx5wzmqki92v6y-lix-2.95.0-pre20260129-dev_b6c8f41/share/man/man1
lix> Installing doc/manual/nix3-flake-check.1 to /nix/store/khgamafgkp7vzksxmilx5wzmqki92v6y-lix-2.95.0-pre20260129-dev_b6c8f41/share/man/man1
lix> Installing doc/manual/nix3-flake-clone.1 to /nix/store/khgamafgkp7vzksxmilx5wzmqki92v6y-lix-2.95.0-pre20260129-dev_b6c8f41/share/man/man1
lix> Installing doc/manual/nix3-flake-info.1 to /nix/store/khgamafgkp7vzksxmilx5wzmqki92v6y-lix-2.95.0-pre20260129-dev_b6c8f41/share/man/man1
lix> Installing doc/manual/nix3-flake-init.1 to /nix/store/khgamafgkp7vzksxmilx5wzmqki92v6y-lix-2.95.0-pre20260129-dev_b6c8f41/share/man/man1
lix> Installing doc/manual/nix3-flake-lock.1 to /nix/store/khgamafgkp7vzksxmilx5wzmqki92v6y-lix-2.95.0-pre20260129-dev_b6c8f41/share/man/man1
lix> Installing doc/manual/nix3-flake.1 to /nix/store/khgamafgkp7vzksxmilx5wzmqki92v6y-lix-2.95.0-pre20260129-dev_b6c8f41/share/man/man1
lix> Installing doc/manual/nix3-flake-metadata.1 to /nix/store/khgamafgkp7vzksxmilx5wzmqki92v6y-lix-2.95.0-pre20260129-dev_b6c8f41/share/man/man1
lix> Installing doc/manual/nix3-flake-new.1 to /nix/store/khgamafgkp7vzksxmilx5wzmqki92v6y-lix-2.95.0-pre20260129-dev_b6c8f41/share/man/man1
lix> Installing doc/manual/nix3-flake-prefetch.1 to /nix/store/khgamafgkp7vzksxmilx5wzmqki92v6y-lix-2.95.0-pre20260129-dev_b6c8f41/share/man/man1
lix> Installing doc/manual/nix3-flake-show.1 to /nix/store/khgamafgkp7vzksxmilx5wzmqki92v6y-lix-2.95.0-pre20260129-dev_b6c8f41/share/man/man1
lix> Installing doc/manual/nix3-flake-update.1 to /nix/store/khgamafgkp7vzksxmilx5wzmqki92v6y-lix-2.95.0-pre20260129-dev_b6c8f41/share/man/man1
lix> Installing doc/manual/nix3-fmt.1 to /nix/store/khgamafgkp7vzksxmilx5wzmqki92v6y-lix-2.95.0-pre20260129-dev_b6c8f41/share/man/man1
lix> Installing doc/manual/nix3-hash-file.1 to /nix/store/khgamafgkp7vzksxmilx5wzmqki92v6y-lix-2.95.0-pre20260129-dev_b6c8f41/share/man/man1
lix> Installing doc/manual/nix3-hash.1 to /nix/store/khgamafgkp7vzksxmilx5wzmqki92v6y-lix-2.95.0-pre20260129-dev_b6c8f41/share/man/man1
lix> Installing doc/manual/nix3-hash-path.1 to /nix/store/khgamafgkp7vzksxmilx5wzmqki92v6y-lix-2.95.0-pre20260129-dev_b6c8f41/share/man/man1
lix> Installing doc/manual/nix3-hash-to-base16.1 to /nix/store/khgamafgkp7vzksxmilx5wzmqki92v6y-lix-2.95.0-pre20260129-dev_b6c8f41/share/man/man1
lix> Installing doc/manual/nix3-hash-to-base32.1 to /nix/store/khgamafgkp7vzksxmilx5wzmqki92v6y-lix-2.95.0-pre20260129-dev_b6c8f41/share/man/man1
lix> Installing doc/manual/nix3-hash-to-base64.1 to /nix/store/khgamafgkp7vzksxmilx5wzmqki92v6y-lix-2.95.0-pre20260129-dev_b6c8f41/share/man/man1
lix> Installing doc/manual/nix3-hash-to-sri.1 to /nix/store/khgamafgkp7vzksxmilx5wzmqki92v6y-lix-2.95.0-pre20260129-dev_b6c8f41/share/man/man1
lix> Installing doc/manual/nix3-help.1 to /nix/store/khgamafgkp7vzksxmilx5wzmqki92v6y-lix-2.95.0-pre20260129-dev_b6c8f41/share/man/man1
lix> Installing doc/manual/nix3-help-stores.1 to /nix/store/khgamafgkp7vzksxmilx5wzmqki92v6y-lix-2.95.0-pre20260129-dev_b6c8f41/share/man/man1
lix> Installing doc/manual/nix3-key-convert-secret-to-public.1 to /nix/store/khgamafgkp7vzksxmilx5wzmqki92v6y-lix-2.95.0-pre20260129-dev_b6c8f41/share/man/man1
lix> Installing doc/manual/nix3-key-generate-secret.1 to /nix/store/khgamafgkp7vzksxmilx5wzmqki92v6y-lix-2.95.0-pre20260129-dev_b6c8f41/share/man/man1
lix> Installing doc/manual/nix3-key.1 to /nix/store/khgamafgkp7vzksxmilx5wzmqki92v6y-lix-2.95.0-pre20260129-dev_b6c8f41/share/man/man1
lix> Installing doc/manual/nix3-log.1 to /nix/store/khgamafgkp7vzksxmilx5wzmqki92v6y-lix-2.95.0-pre20260129-dev_b6c8f41/share/man/man1
lix> Installing doc/manual/nix3-nar-cat.1 to /nix/store/khgamafgkp7vzksxmilx5wzmqki92v6y-lix-2.95.0-pre20260129-dev_b6c8f41/share/man/man1
lix> Installing doc/manual/nix3-nar-dump-path.1 to /nix/store/khgamafgkp7vzksxmilx5wzmqki92v6y-lix-2.95.0-pre20260129-dev_b6c8f41/share/man/man1
lix> Installing doc/manual/nix3-nar-ls.1 to /nix/store/khgamafgkp7vzksxmilx5wzmqki92v6y-lix-2.95.0-pre20260129-dev_b6c8f41/share/man/man1
lix> Installing doc/manual/nix3-nar.1 to /nix/store/khgamafgkp7vzksxmilx5wzmqki92v6y-lix-2.95.0-pre20260129-dev_b6c8f41/share/man/man1
lix> Installing doc/manual/nix3-path-info.1 to /nix/store/khgamafgkp7vzksxmilx5wzmqki92v6y-lix-2.95.0-pre20260129-dev_b6c8f41/share/man/man1
lix> Installing doc/manual/nix3-print-dev-env.1 to /nix/store/khgamafgkp7vzksxmilx5wzmqki92v6y-lix-2.95.0-pre20260129-dev_b6c8f41/share/man/man1
lix> Installing doc/manual/nix3-profile-diff-closures.1 to /nix/store/khgamafgkp7vzksxmilx5wzmqki92v6y-lix-2.95.0-pre20260129-dev_b6c8f41/share/man/man1
lix> Installing doc/manual/nix3-profile-history.1 to /nix/store/khgamafgkp7vzksxmilx5wzmqki92v6y-lix-2.95.0-pre20260129-dev_b6c8f41/share/man/man1
lix> Installing doc/manual/nix3-profile-install.1 to /nix/store/khgamafgkp7vzksxmilx5wzmqki92v6y-lix-2.95.0-pre20260129-dev_b6c8f41/share/man/man1
lix> Installing doc/manual/nix3-profile-list.1 to /nix/store/khgamafgkp7vzksxmilx5wzmqki92v6y-lix-2.95.0-pre20260129-dev_b6c8f41/share/man/man1
lix> Installing doc/manual/nix3-profile.1 to /nix/store/khgamafgkp7vzksxmilx5wzmqki92v6y-lix-2.95.0-pre20260129-dev_b6c8f41/share/man/man1
lix> Installing doc/manual/nix3-profile-remove.1 to /nix/store/khgamafgkp7vzksxmilx5wzmqki92v6y-lix-2.95.0-pre20260129-dev_b6c8f41/share/man/man1
lix> Installing doc/manual/nix3-profile-rollback.1 to /nix/store/khgamafgkp7vzksxmilx5wzmqki92v6y-lix-2.95.0-pre20260129-dev_b6c8f41/share/man/man1
lix> Installing doc/manual/nix3-profile-upgrade.1 to /nix/store/khgamafgkp7vzksxmilx5wzmqki92v6y-lix-2.95.0-pre20260129-dev_b6c8f41/share/man/man1
lix> Installing doc/manual/nix3-profile-wipe-history.1 to /nix/store/khgamafgkp7vzksxmilx5wzmqki92v6y-lix-2.95.0-pre20260129-dev_b6c8f41/share/man/man1
lix> Installing doc/manual/nix3-realisation-info.1 to /nix/store/khgamafgkp7vzksxmilx5wzmqki92v6y-lix-2.95.0-pre20260129-dev_b6c8f41/share/man/man1
lix> Installing doc/manual/nix3-realisation.1 to /nix/store/khgamafgkp7vzksxmilx5wzmqki92v6y-lix-2.95.0-pre20260129-dev_b6c8f41/share/man/man1
lix> Installing doc/manual/nix3-registry-add.1 to /nix/store/khgamafgkp7vzksxmilx5wzmqki92v6y-lix-2.95.0-pre20260129-dev_b6c8f41/share/man/man1
lix> Installing doc/manual/nix3-registry-list.1 to /nix/store/khgamafgkp7vzksxmilx5wzmqki92v6y-lix-2.95.0-pre20260129-dev_b6c8f41/share/man/man1
lix> Installing doc/manual/nix3-registry.1 to /nix/store/khgamafgkp7vzksxmilx5wzmqki92v6y-lix-2.95.0-pre20260129-dev_b6c8f41/share/man/man1
lix> Installing doc/manual/nix3-registry-pin.1 to /nix/store/khgamafgkp7vzksxmilx5wzmqki92v6y-lix-2.95.0-pre20260129-dev_b6c8f41/share/man/man1
lix> Installing doc/manual/nix3-registry-remove.1 to /nix/store/khgamafgkp7vzksxmilx5wzmqki92v6y-lix-2.95.0-pre20260129-dev_b6c8f41/share/man/man1
lix> Installing doc/manual/nix3-repl.1 to /nix/store/khgamafgkp7vzksxmilx5wzmqki92v6y-lix-2.95.0-pre20260129-dev_b6c8f41/share/man/man1
lix> Installing doc/manual/nix3-run.1 to /nix/store/khgamafgkp7vzksxmilx5wzmqki92v6y-lix-2.95.0-pre20260129-dev_b6c8f41/share/man/man1
lix> Installing doc/manual/nix3-search.1 to /nix/store/khgamafgkp7vzksxmilx5wzmqki92v6y-lix-2.95.0-pre20260129-dev_b6c8f41/share/man/man1
lix> Installing doc/manual/nix3-shell.1 to /nix/store/khgamafgkp7vzksxmilx5wzmqki92v6y-lix-2.95.0-pre20260129-dev_b6c8f41/share/man/man1
lix> Installing doc/manual/nix3-store-add-file.1 to /nix/store/khgamafgkp7vzksxmilx5wzmqki92v6y-lix-2.95.0-pre20260129-dev_b6c8f41/share/man/man1
lix> Installing doc/manual/nix3-store-add-path.1 to /nix/store/khgamafgkp7vzksxmilx5wzmqki92v6y-lix-2.95.0-pre20260129-dev_b6c8f41/share/man/man1
lix> Installing doc/manual/nix3-store-cat.1 to /nix/store/khgamafgkp7vzksxmilx5wzmqki92v6y-lix-2.95.0-pre20260129-dev_b6c8f41/share/man/man1
lix> Installing doc/manual/nix3-store-copy-log.1 to /nix/store/khgamafgkp7vzksxmilx5wzmqki92v6y-lix-2.95.0-pre20260129-dev_b6c8f41/share/man/man1
lix> Installing doc/manual/nix3-store-copy-sigs.1 to /nix/store/khgamafgkp7vzksxmilx5wzmqki92v6y-lix-2.95.0-pre20260129-dev_b6c8f41/share/man/man1
lix> Installing doc/manual/nix3-store-delete.1 to /nix/store/khgamafgkp7vzksxmilx5wzmqki92v6y-lix-2.95.0-pre20260129-dev_b6c8f41/share/man/man1
lix> Installing doc/manual/nix3-store-diff-closures.1 to /nix/store/khgamafgkp7vzksxmilx5wzmqki92v6y-lix-2.95.0-pre20260129-dev_b6c8f41/share/man/man1
lix> Installing doc/manual/nix3-store-dump-path.1 to /nix/store/khgamafgkp7vzksxmilx5wzmqki92v6y-lix-2.95.0-pre20260129-dev_b6c8f41/share/man/man1
lix> Installing doc/manual/nix3-store-gc.1 to /nix/store/khgamafgkp7vzksxmilx5wzmqki92v6y-lix-2.95.0-pre20260129-dev_b6c8f41/share/man/man1
lix> Installing doc/manual/nix3-store-ls.1 to /nix/store/khgamafgkp7vzksxmilx5wzmqki92v6y-lix-2.95.0-pre20260129-dev_b6c8f41/share/man/man1
lix> Installing doc/manual/nix3-store-make-content-addressed.1 to /nix/store/khgamafgkp7vzksxmilx5wzmqki92v6y-lix-2.95.0-pre20260129-dev_b6c8f41/share/man/man1
lix> Installing doc/manual/nix3-store.1 to /nix/store/khgamafgkp7vzksxmilx5wzmqki92v6y-lix-2.95.0-pre20260129-dev_b6c8f41/share/man/man1
lix> Installing doc/manual/nix3-store-optimise.1 to /nix/store/khgamafgkp7vzksxmilx5wzmqki92v6y-lix-2.95.0-pre20260129-dev_b6c8f41/share/man/man1
lix> Installing doc/manual/nix3-store-path-from-hash-part.1 to /nix/store/khgamafgkp7vzksxmilx5wzmqki92v6y-lix-2.95.0-pre20260129-dev_b6c8f41/share/man/man1
lix> Installing doc/manual/nix3-store-ping.1 to /nix/store/khgamafgkp7vzksxmilx5wzmqki92v6y-lix-2.95.0-pre20260129-dev_b6c8f41/share/man/man1
lix> Installing doc/manual/nix3-store-prefetch-file.1 to /nix/store/khgamafgkp7vzksxmilx5wzmqki92v6y-lix-2.95.0-pre20260129-dev_b6c8f41/share/man/man1
lix> Installing doc/manual/nix3-store-repair.1 to /nix/store/khgamafgkp7vzksxmilx5wzmqki92v6y-lix-2.95.0-pre20260129-dev_b6c8f41/share/man/man1
lix> Installing doc/manual/nix3-store-sign.1 to /nix/store/khgamafgkp7vzksxmilx5wzmqki92v6y-lix-2.95.0-pre20260129-dev_b6c8f41/share/man/man1
lix> Installing doc/manual/nix3-store-verify.1 to /nix/store/khgamafgkp7vzksxmilx5wzmqki92v6y-lix-2.95.0-pre20260129-dev_b6c8f41/share/man/man1
lix> Installing doc/manual/nix3-upgrade-nix.1 to /nix/store/khgamafgkp7vzksxmilx5wzmqki92v6y-lix-2.95.0-pre20260129-dev_b6c8f41/share/man/man1
lix> Installing doc/manual/nix3-why-depends.1 to /nix/store/khgamafgkp7vzksxmilx5wzmqki92v6y-lix-2.95.0-pre20260129-dev_b6c8f41/share/man/man1
lix> Installing doc/manual/nix.1 to /nix/store/khgamafgkp7vzksxmilx5wzmqki92v6y-lix-2.95.0-pre20260129-dev_b6c8f41/share/man/man1
lix> Installing doc/manual/nix-env.1 to /nix/store/khgamafgkp7vzksxmilx5wzmqki92v6y-lix-2.95.0-pre20260129-dev_b6c8f41/share/man/man1
lix> Installing doc/manual/nix-store.1 to /nix/store/khgamafgkp7vzksxmilx5wzmqki92v6y-lix-2.95.0-pre20260129-dev_b6c8f41/share/man/man1
lix> Installing doc/manual/nix-build.1 to /nix/store/khgamafgkp7vzksxmilx5wzmqki92v6y-lix-2.95.0-pre20260129-dev_b6c8f41/share/man/man1
lix> Installing doc/manual/nix-shell.1 to /nix/store/khgamafgkp7vzksxmilx5wzmqki92v6y-lix-2.95.0-pre20260129-dev_b6c8f41/share/man/man1
lix> Installing doc/manual/nix-instantiate.1 to /nix/store/khgamafgkp7vzksxmilx5wzmqki92v6y-lix-2.95.0-pre20260129-dev_b6c8f41/share/man/man1
lix> Installing doc/manual/nix-collect-garbage.1 to /nix/store/khgamafgkp7vzksxmilx5wzmqki92v6y-lix-2.95.0-pre20260129-dev_b6c8f41/share/man/man1
lix> Installing doc/manual/nix-prefetch-url.1 to /nix/store/khgamafgkp7vzksxmilx5wzmqki92v6y-lix-2.95.0-pre20260129-dev_b6c8f41/share/man/man1
lix> Installing doc/manual/nix-channel.1 to /nix/store/khgamafgkp7vzksxmilx5wzmqki92v6y-lix-2.95.0-pre20260129-dev_b6c8f41/share/man/man1
lix> Installing doc/manual/nix-hash.1 to /nix/store/khgamafgkp7vzksxmilx5wzmqki92v6y-lix-2.95.0-pre20260129-dev_b6c8f41/share/man/man1
lix> Installing doc/manual/nix-copy-closure.1 to /nix/store/khgamafgkp7vzksxmilx5wzmqki92v6y-lix-2.95.0-pre20260129-dev_b6c8f41/share/man/man1
lix> Installing doc/manual/nix.conf.5 to /nix/store/khgamafgkp7vzksxmilx5wzmqki92v6y-lix-2.95.0-pre20260129-dev_b6c8f41/share/man/man5
lix> Installing doc/manual/nix-daemon.8 to /nix/store/khgamafgkp7vzksxmilx5wzmqki92v6y-lix-2.95.0-pre20260129-dev_b6c8f41/share/man/man8
lix> Installing doc/manual/nix-profiles.5 to /nix/store/khgamafgkp7vzksxmilx5wzmqki92v6y-lix-2.95.0-pre20260129-dev_b6c8f41/share/man/man5
lix> Installing /build/source/build/lix/config.h to /nix/store/mygkqs2i2p4v0y633p58i29fy3f91nkn-lix-2.95.0-pre20260129-dev_b6c8f41-dev/include/lix
lix> Installing /build/source/lix/libutil/abstract-config.hh to /nix/store/mygkqs2i2p4v0y633p58i29fy3f91nkn-lix-2.95.0-pre20260129-dev_b6c8f41-dev/include/lix/libutil
lix> Installing /build/source/lix/libutil/abstract-setting-to-json.hh to /nix/store/mygkqs2i2p4v0y633p58i29fy3f91nkn-lix-2.95.0-pre20260129-dev_b6c8f41-dev/include/lix/libutil
lix> Installing /build/source/lix/libutil/ansicolor.hh to /nix/store/mygkqs2i2p4v0y633p58i29fy3f91nkn-lix-2.95.0-pre20260129-dev_b6c8f41-dev/include/lix/libutil
lix> Installing /build/source/lix/libutil/apply-config-options.hh to /nix/store/mygkqs2i2p4v0y633p58i29fy3f91nkn-lix-2.95.0-pre20260129-dev_b6c8f41-dev/include/lix/libutil
lix> Installing /build/source/lix/libutil/archive.hh to /nix/store/mygkqs2i2p4v0y633p58i29fy3f91nkn-lix-2.95.0-pre20260129-dev_b6c8f41-dev/include/lix/libutil
lix> Installing /build/source/lix/libutil/args.hh to /nix/store/mygkqs2i2p4v0y633p58i29fy3f91nkn-lix-2.95.0-pre20260129-dev_b6c8f41-dev/include/lix/libutil
lix> Installing /build/source/lix/libutil/async-collect.hh to /nix/store/mygkqs2i2p4v0y633p58i29fy3f91nkn-lix-2.95.0-pre20260129-dev_b6c8f41-dev/include/lix/libutil
lix> Installing /build/source/lix/libutil/async-io.hh to /nix/store/mygkqs2i2p4v0y633p58i29fy3f91nkn-lix-2.95.0-pre20260129-dev_b6c8f41-dev/include/lix/libutil
lix> Installing /build/source/lix/libutil/async-semaphore.hh to /nix/store/mygkqs2i2p4v0y633p58i29fy3f91nkn-lix-2.95.0-pre20260129-dev_b6c8f41-dev/include/lix/libutil
lix> Installing /build/source/lix/libutil/async.hh to /nix/store/mygkqs2i2p4v0y633p58i29fy3f91nkn-lix-2.95.0-pre20260129-dev_b6c8f41-dev/include/lix/libutil
lix> Installing /build/source/lix/libutil/backed-string-view.hh to /nix/store/mygkqs2i2p4v0y633p58i29fy3f91nkn-lix-2.95.0-pre20260129-dev_b6c8f41-dev/include/lix/libutil
lix> Installing /build/source/lix/libutil/box_ptr.hh to /nix/store/mygkqs2i2p4v0y633p58i29fy3f91nkn-lix-2.95.0-pre20260129-dev_b6c8f41-dev/include/lix/libutil
lix> Installing /build/source/lix/libutil/c-calls.hh to /nix/store/mygkqs2i2p4v0y633p58i29fy3f91nkn-lix-2.95.0-pre20260129-dev_b6c8f41-dev/include/lix/libutil
lix> Installing /build/source/lix/libutil/canon-path.hh to /nix/store/mygkqs2i2p4v0y633p58i29fy3f91nkn-lix-2.95.0-pre20260129-dev_b6c8f41-dev/include/lix/libutil
lix> Installing /build/source/lix/libutil/cgroup.hh to /nix/store/mygkqs2i2p4v0y633p58i29fy3f91nkn-lix-2.95.0-pre20260129-dev_b6c8f41-dev/include/lix/libutil
lix> Installing /build/source/lix/libutil/charptr-cast.hh to /nix/store/mygkqs2i2p4v0y633p58i29fy3f91nkn-lix-2.95.0-pre20260129-dev_b6c8f41-dev/include/lix/libutil
lix> Installing /build/source/lix/libutil/checked-arithmetic.hh to /nix/store/mygkqs2i2p4v0y633p58i29fy3f91nkn-lix-2.95.0-pre20260129-dev_b6c8f41-dev/include/lix/libutil
lix> Installing /build/source/lix/libutil/chunked-vector.hh to /nix/store/mygkqs2i2p4v0y633p58i29fy3f91nkn-lix-2.95.0-pre20260129-dev_b6c8f41-dev/include/lix/libutil
lix> Installing /build/source/lix/libutil/closure.hh to /nix/store/mygkqs2i2p4v0y633p58i29fy3f91nkn-lix-2.95.0-pre20260129-dev_b6c8f41-dev/include/lix/libutil
lix> Installing /build/source/lix/libutil/comparator.hh to /nix/store/mygkqs2i2p4v0y633p58i29fy3f91nkn-lix-2.95.0-pre20260129-dev_b6c8f41-dev/include/lix/libutil
lix> Installing /build/source/lix/libutil/compression.hh to /nix/store/mygkqs2i2p4v0y633p58i29fy3f91nkn-lix-2.95.0-pre20260129-dev_b6c8f41-dev/include/lix/libutil
lix> Installing /build/source/lix/libutil/compute-levels.hh to /nix/store/mygkqs2i2p4v0y633p58i29fy3f91nkn-lix-2.95.0-pre20260129-dev_b6c8f41-dev/include/lix/libutil
lix> Installing /build/source/lix/libutil/concepts.hh to /nix/store/mygkqs2i2p4v0y633p58i29fy3f91nkn-lix-2.95.0-pre20260129-dev_b6c8f41-dev/include/lix/libutil
lix> Installing /build/source/lix/libutil/config-impl.hh to /nix/store/mygkqs2i2p4v0y633p58i29fy3f91nkn-lix-2.95.0-pre20260129-dev_b6c8f41-dev/include/lix/libutil
lix> Installing /build/source/lix/libutil/config.hh to /nix/store/mygkqs2i2p4v0y633p58i29fy3f91nkn-lix-2.95.0-pre20260129-dev_b6c8f41-dev/include/lix/libutil
lix> Installing /build/source/lix/libutil/current-process.hh to /nix/store/mygkqs2i2p4v0y633p58i29fy3f91nkn-lix-2.95.0-pre20260129-dev_b6c8f41-dev/include/lix/libutil
lix> Installing /build/source/lix/libutil/deprecated-features.hh to /nix/store/mygkqs2i2p4v0y633p58i29fy3f91nkn-lix-2.95.0-pre20260129-dev_b6c8f41-dev/include/lix/libutil
lix> Installing /build/source/lix/libutil/english.hh to /nix/store/mygkqs2i2p4v0y633p58i29fy3f91nkn-lix-2.95.0-pre20260129-dev_b6c8f41-dev/include/lix/libutil
lix> Installing /build/source/lix/libutil/environment-variables.hh to /nix/store/mygkqs2i2p4v0y633p58i29fy3f91nkn-lix-2.95.0-pre20260129-dev_b6c8f41-dev/include/lix/libutil
lix> Installing /build/source/lix/libutil/error-trace.hh to /nix/store/mygkqs2i2p4v0y633p58i29fy3f91nkn-lix-2.95.0-pre20260129-dev_b6c8f41-dev/include/lix/libutil
lix> Installing /build/source/lix/libutil/error.hh to /nix/store/mygkqs2i2p4v0y633p58i29fy3f91nkn-lix-2.95.0-pre20260129-dev_b6c8f41-dev/include/lix/libutil
lix> Installing /build/source/lix/libutil/escape-char.hh to /nix/store/mygkqs2i2p4v0y633p58i29fy3f91nkn-lix-2.95.0-pre20260129-dev_b6c8f41-dev/include/lix/libutil
lix> Installing /build/source/lix/libutil/escape-string.hh to /nix/store/mygkqs2i2p4v0y633p58i29fy3f91nkn-lix-2.95.0-pre20260129-dev_b6c8f41-dev/include/lix/libutil
lix> Installing /build/source/lix/libutil/exit.hh to /nix/store/mygkqs2i2p4v0y633p58i29fy3f91nkn-lix-2.95.0-pre20260129-dev_b6c8f41-dev/include/lix/libutil
lix> Installing /build/source/lix/libutil/experimental-features.hh to /nix/store/mygkqs2i2p4v0y633p58i29fy3f91nkn-lix-2.95.0-pre20260129-dev_b6c8f41-dev/include/lix/libutil
lix> Installing /build/source/lix/libutil/file-descriptor.hh to /nix/store/mygkqs2i2p4v0y633p58i29fy3f91nkn-lix-2.95.0-pre20260129-dev_b6c8f41-dev/include/lix/libutil
lix> Installing /build/source/lix/libutil/file-system.hh to /nix/store/mygkqs2i2p4v0y633p58i29fy3f91nkn-lix-2.95.0-pre20260129-dev_b6c8f41-dev/include/lix/libutil
lix> Installing /build/source/lix/libutil/finally.hh to /nix/store/mygkqs2i2p4v0y633p58i29fy3f91nkn-lix-2.95.0-pre20260129-dev_b6c8f41-dev/include/lix/libutil
lix> Installing /build/source/lix/libutil/fmt.hh to /nix/store/mygkqs2i2p4v0y633p58i29fy3f91nkn-lix-2.95.0-pre20260129-dev_b6c8f41-dev/include/lix/libutil
lix> Installing /build/source/lix/libutil/generator.hh to /nix/store/mygkqs2i2p4v0y633p58i29fy3f91nkn-lix-2.95.0-pre20260129-dev_b6c8f41-dev/include/lix/libutil
lix> Installing /build/source/lix/libutil/git.hh to /nix/store/mygkqs2i2p4v0y633p58i29fy3f91nkn-lix-2.95.0-pre20260129-dev_b6c8f41-dev/include/lix/libutil
lix> Installing /build/source/lix/libutil/hash.hh to /nix/store/mygkqs2i2p4v0y633p58i29fy3f91nkn-lix-2.95.0-pre20260129-dev_b6c8f41-dev/include/lix/libutil
lix> Installing /build/source/lix/libutil/hilite.hh to /nix/store/mygkqs2i2p4v0y633p58i29fy3f91nkn-lix-2.95.0-pre20260129-dev_b6c8f41-dev/include/lix/libutil
lix> Installing /build/source/lix/libutil/input-accessor.hh to /nix/store/mygkqs2i2p4v0y633p58i29fy3f91nkn-lix-2.95.0-pre20260129-dev_b6c8f41-dev/include/lix/libutil
lix> Installing /build/source/lix/libutil/io-buffer.hh to /nix/store/mygkqs2i2p4v0y633p58i29fy3f91nkn-lix-2.95.0-pre20260129-dev_b6c8f41-dev/include/lix/libutil
lix> Installing /build/source/lix/libutil/json-fwd.hh to /nix/store/mygkqs2i2p4v0y633p58i29fy3f91nkn-lix-2.95.0-pre20260129-dev_b6c8f41-dev/include/lix/libutil
lix> Installing /build/source/lix/libutil/json.hh to /nix/store/mygkqs2i2p4v0y633p58i29fy3f91nkn-lix-2.95.0-pre20260129-dev_b6c8f41-dev/include/lix/libutil
lix> Installing /build/source/lix/libutil/linear-map.hh to /nix/store/mygkqs2i2p4v0y633p58i29fy3f91nkn-lix-2.95.0-pre20260129-dev_b6c8f41-dev/include/lix/libutil
lix> Installing /build/source/lix/libutil/log-format.hh to /nix/store/mygkqs2i2p4v0y633p58i29fy3f91nkn-lix-2.95.0-pre20260129-dev_b6c8f41-dev/include/lix/libutil
lix> Installing /build/source/lix/libutil/logging-rpc.hh to /nix/store/mygkqs2i2p4v0y633p58i29fy3f91nkn-lix-2.95.0-pre20260129-dev_b6c8f41-dev/include/lix/libutil
lix> Installing /build/source/lix/libutil/logging.hh to /nix/store/mygkqs2i2p4v0y633p58i29fy3f91nkn-lix-2.95.0-pre20260129-dev_b6c8f41-dev/include/lix/libutil
lix> Installing /build/source/lix/libutil/lru-cache.hh to /nix/store/mygkqs2i2p4v0y633p58i29fy3f91nkn-lix-2.95.0-pre20260129-dev_b6c8f41-dev/include/lix/libutil
lix> Installing /build/source/lix/libutil/manually-drop.hh to /nix/store/mygkqs2i2p4v0y633p58i29fy3f91nkn-lix-2.95.0-pre20260129-dev_b6c8f41-dev/include/lix/libutil
lix> Installing /build/source/lix/libutil/monitor-fd.hh to /nix/store/mygkqs2i2p4v0y633p58i29fy3f91nkn-lix-2.95.0-pre20260129-dev_b6c8f41-dev/include/lix/libutil
lix> Installing /build/source/lix/libutil/mount.hh to /nix/store/mygkqs2i2p4v0y633p58i29fy3f91nkn-lix-2.95.0-pre20260129-dev_b6c8f41-dev/include/lix/libutil
lix> Installing /build/source/lix/libutil/namespaces.hh to /nix/store/mygkqs2i2p4v0y633p58i29fy3f91nkn-lix-2.95.0-pre20260129-dev_b6c8f41-dev/include/lix/libutil
lix> Installing /build/source/lix/libutil/notifying-counter.hh to /nix/store/mygkqs2i2p4v0y633p58i29fy3f91nkn-lix-2.95.0-pre20260129-dev_b6c8f41-dev/include/lix/libutil
lix> Installing /build/source/lix/libutil/pool.hh to /nix/store/mygkqs2i2p4v0y633p58i29fy3f91nkn-lix-2.95.0-pre20260129-dev_b6c8f41-dev/include/lix/libutil
lix> Installing /build/source/lix/libutil/position.hh to /nix/store/mygkqs2i2p4v0y633p58i29fy3f91nkn-lix-2.95.0-pre20260129-dev_b6c8f41-dev/include/lix/libutil
lix> Installing /build/source/lix/libutil/print-elided.hh to /nix/store/mygkqs2i2p4v0y633p58i29fy3f91nkn-lix-2.95.0-pre20260129-dev_b6c8f41-dev/include/lix/libutil
lix> Installing /build/source/lix/libutil/processes.hh to /nix/store/mygkqs2i2p4v0y633p58i29fy3f91nkn-lix-2.95.0-pre20260129-dev_b6c8f41-dev/include/lix/libutil
lix> Installing /build/source/lix/libutil/ref.hh to /nix/store/mygkqs2i2p4v0y633p58i29fy3f91nkn-lix-2.95.0-pre20260129-dev_b6c8f41-dev/include/lix/libutil
lix> Installing /build/source/lix/libutil/references.hh to /nix/store/mygkqs2i2p4v0y633p58i29fy3f91nkn-lix-2.95.0-pre20260129-dev_b6c8f41-dev/include/lix/libutil
lix> Installing /build/source/lix/libutil/regex-combinators.hh to /nix/store/mygkqs2i2p4v0y633p58i29fy3f91nkn-lix-2.95.0-pre20260129-dev_b6c8f41-dev/include/lix/libutil
lix> Installing /build/source/lix/libutil/regex.hh to /nix/store/mygkqs2i2p4v0y633p58i29fy3f91nkn-lix-2.95.0-pre20260129-dev_b6c8f41-dev/include/lix/libutil
lix> Installing /build/source/lix/libutil/repair-flag.hh to /nix/store/mygkqs2i2p4v0y633p58i29fy3f91nkn-lix-2.95.0-pre20260129-dev_b6c8f41-dev/include/lix/libutil
lix> Installing /build/source/lix/libutil/result.hh to /nix/store/mygkqs2i2p4v0y633p58i29fy3f91nkn-lix-2.95.0-pre20260129-dev_b6c8f41-dev/include/lix/libutil
lix> Installing /build/source/lix/libutil/rpc-fwd.hh to /nix/store/mygkqs2i2p4v0y633p58i29fy3f91nkn-lix-2.95.0-pre20260129-dev_b6c8f41-dev/include/lix/libutil
lix> Installing /build/source/lix/libutil/rpc.hh to /nix/store/mygkqs2i2p4v0y633p58i29fy3f91nkn-lix-2.95.0-pre20260129-dev_b6c8f41-dev/include/lix/libutil
lix> Installing /build/source/lix/libutil/serialise-async.hh to /nix/store/mygkqs2i2p4v0y633p58i29fy3f91nkn-lix-2.95.0-pre20260129-dev_b6c8f41-dev/include/lix/libutil
lix> Installing /build/source/lix/libutil/serialise.hh to /nix/store/mygkqs2i2p4v0y633p58i29fy3f91nkn-lix-2.95.0-pre20260129-dev_b6c8f41-dev/include/lix/libutil
lix> Installing /build/source/lix/libutil/shlex.hh to /nix/store/mygkqs2i2p4v0y633p58i29fy3f91nkn-lix-2.95.0-pre20260129-dev_b6c8f41-dev/include/lix/libutil
lix> Installing /build/source/lix/libutil/signals.hh to /nix/store/mygkqs2i2p4v0y633p58i29fy3f91nkn-lix-2.95.0-pre20260129-dev_b6c8f41-dev/include/lix/libutil
lix> Installing /build/source/lix/libutil/source-path.hh to /nix/store/mygkqs2i2p4v0y633p58i29fy3f91nkn-lix-2.95.0-pre20260129-dev_b6c8f41-dev/include/lix/libutil
lix> Installing /build/source/lix/libutil/split.hh to /nix/store/mygkqs2i2p4v0y633p58i29fy3f91nkn-lix-2.95.0-pre20260129-dev_b6c8f41-dev/include/lix/libutil
lix> Installing /build/source/lix/libutil/strings.hh to /nix/store/mygkqs2i2p4v0y633p58i29fy3f91nkn-lix-2.95.0-pre20260129-dev_b6c8f41-dev/include/lix/libutil
lix> Installing /build/source/lix/libutil/suggestions.hh to /nix/store/mygkqs2i2p4v0y633p58i29fy3f91nkn-lix-2.95.0-pre20260129-dev_b6c8f41-dev/include/lix/libutil
lix> Installing /build/source/lix/libutil/sync.hh to /nix/store/mygkqs2i2p4v0y633p58i29fy3f91nkn-lix-2.95.0-pre20260129-dev_b6c8f41-dev/include/lix/libutil
lix> Installing /build/source/lix/libutil/tarfile.hh to /nix/store/mygkqs2i2p4v0y633p58i29fy3f91nkn-lix-2.95.0-pre20260129-dev_b6c8f41-dev/include/lix/libutil
lix> Installing /build/source/lix/libutil/terminal.hh to /nix/store/mygkqs2i2p4v0y633p58i29fy3f91nkn-lix-2.95.0-pre20260129-dev_b6c8f41-dev/include/lix/libutil
lix> Installing /build/source/lix/libutil/thread-name.hh to /nix/store/mygkqs2i2p4v0y633p58i29fy3f91nkn-lix-2.95.0-pre20260129-dev_b6c8f41-dev/include/lix/libutil
lix> Installing /build/source/lix/libutil/thread-pool.hh to /nix/store/mygkqs2i2p4v0y633p58i29fy3f91nkn-lix-2.95.0-pre20260129-dev_b6c8f41-dev/include/lix/libutil
lix> Installing /build/source/lix/libutil/topo-sort.hh to /nix/store/mygkqs2i2p4v0y633p58i29fy3f91nkn-lix-2.95.0-pre20260129-dev_b6c8f41-dev/include/lix/libutil
lix> Installing /build/source/lix/libutil/tracepoint.hh to /nix/store/mygkqs2i2p4v0y633p58i29fy3f91nkn-lix-2.95.0-pre20260129-dev_b6c8f41-dev/include/lix/libutil
lix> Installing /build/source/lix/libutil/types-rpc.hh to /nix/store/mygkqs2i2p4v0y633p58i29fy3f91nkn-lix-2.95.0-pre20260129-dev_b6c8f41-dev/include/lix/libutil
lix> Installing /build/source/lix/libutil/types.hh to /nix/store/mygkqs2i2p4v0y633p58i29fy3f91nkn-lix-2.95.0-pre20260129-dev_b6c8f41-dev/include/lix/libutil
lix> Installing /build/source/lix/libutil/unix-domain-socket.hh to /nix/store/mygkqs2i2p4v0y633p58i29fy3f91nkn-lix-2.95.0-pre20260129-dev_b6c8f41-dev/include/lix/libutil
lix> Installing /build/source/lix/libutil/url-name.hh to /nix/store/mygkqs2i2p4v0y633p58i29fy3f91nkn-lix-2.95.0-pre20260129-dev_b6c8f41-dev/include/lix/libutil
lix> Installing /build/source/lix/libutil/url-parts.hh to /nix/store/mygkqs2i2p4v0y633p58i29fy3f91nkn-lix-2.95.0-pre20260129-dev_b6c8f41-dev/include/lix/libutil
lix> Installing /build/source/lix/libutil/url.hh to /nix/store/mygkqs2i2p4v0y633p58i29fy3f91nkn-lix-2.95.0-pre20260129-dev_b6c8f41-dev/include/lix/libutil
lix> Installing /build/source/lix/libutil/users.hh to /nix/store/mygkqs2i2p4v0y633p58i29fy3f91nkn-lix-2.95.0-pre20260129-dev_b6c8f41-dev/include/lix/libutil
lix> Installing /build/source/lix/libutil/variant-wrapper.hh to /nix/store/mygkqs2i2p4v0y633p58i29fy3f91nkn-lix-2.95.0-pre20260129-dev_b6c8f41-dev/include/lix/libutil
lix> Installing /build/source/lix/libutil/xml-writer.hh to /nix/store/mygkqs2i2p4v0y633p58i29fy3f91nkn-lix-2.95.0-pre20260129-dev_b6c8f41-dev/include/lix/libutil
lix> Installing /build/source/lix/libutil/args/root.hh to /nix/store/mygkqs2i2p4v0y633p58i29fy3f91nkn-lix-2.95.0-pre20260129-dev_b6c8f41-dev/include/lix/libutil/args
lix> Installing /build/source/lix/libstore/binary-cache-store.hh to /nix/store/mygkqs2i2p4v0y633p58i29fy3f91nkn-lix-2.95.0-pre20260129-dev_b6c8f41-dev/include/lix/libstore
lix> Installing /build/source/lix/libstore/build-result.hh to /nix/store/mygkqs2i2p4v0y633p58i29fy3f91nkn-lix-2.95.0-pre20260129-dev_b6c8f41-dev/include/lix/libstore
lix> Installing /build/source/lix/libstore/builtins.hh to /nix/store/mygkqs2i2p4v0y633p58i29fy3f91nkn-lix-2.95.0-pre20260129-dev_b6c8f41-dev/include/lix/libstore
lix> Installing /build/source/lix/libstore/common-protocol-impl.hh to /nix/store/mygkqs2i2p4v0y633p58i29fy3f91nkn-lix-2.95.0-pre20260129-dev_b6c8f41-dev/include/lix/libstore
lix> Installing /build/source/lix/libstore/common-protocol.hh to /nix/store/mygkqs2i2p4v0y633p58i29fy3f91nkn-lix-2.95.0-pre20260129-dev_b6c8f41-dev/include/lix/libstore
lix> Installing /build/source/lix/libstore/content-address.hh to /nix/store/mygkqs2i2p4v0y633p58i29fy3f91nkn-lix-2.95.0-pre20260129-dev_b6c8f41-dev/include/lix/libstore
lix> Installing /build/source/lix/libstore/crypto.hh to /nix/store/mygkqs2i2p4v0y633p58i29fy3f91nkn-lix-2.95.0-pre20260129-dev_b6c8f41-dev/include/lix/libstore
lix> Installing /build/source/lix/libstore/daemon.hh to /nix/store/mygkqs2i2p4v0y633p58i29fy3f91nkn-lix-2.95.0-pre20260129-dev_b6c8f41-dev/include/lix/libstore
lix> Installing /build/source/lix/libstore/derivations.hh to /nix/store/mygkqs2i2p4v0y633p58i29fy3f91nkn-lix-2.95.0-pre20260129-dev_b6c8f41-dev/include/lix/libstore
lix> Installing /build/source/lix/libstore/derived-path.hh to /nix/store/mygkqs2i2p4v0y633p58i29fy3f91nkn-lix-2.95.0-pre20260129-dev_b6c8f41-dev/include/lix/libstore
lix> Installing /build/source/lix/libstore/dummy-store.hh to /nix/store/mygkqs2i2p4v0y633p58i29fy3f91nkn-lix-2.95.0-pre20260129-dev_b6c8f41-dev/include/lix/libstore
lix> Installing /build/source/lix/libstore/filetransfer.hh to /nix/store/mygkqs2i2p4v0y633p58i29fy3f91nkn-lix-2.95.0-pre20260129-dev_b6c8f41-dev/include/lix/libstore
lix> Installing /build/source/lix/libstore/fs-accessor.hh to /nix/store/mygkqs2i2p4v0y633p58i29fy3f91nkn-lix-2.95.0-pre20260129-dev_b6c8f41-dev/include/lix/libstore
lix> Installing /build/source/lix/libstore/gc-store.hh to /nix/store/mygkqs2i2p4v0y633p58i29fy3f91nkn-lix-2.95.0-pre20260129-dev_b6c8f41-dev/include/lix/libstore
lix> Installing /build/source/lix/libstore/globals.hh to /nix/store/mygkqs2i2p4v0y633p58i29fy3f91nkn-lix-2.95.0-pre20260129-dev_b6c8f41-dev/include/lix/libstore
lix> Installing /build/source/lix/libstore/http-binary-cache-store.hh to /nix/store/mygkqs2i2p4v0y633p58i29fy3f91nkn-lix-2.95.0-pre20260129-dev_b6c8f41-dev/include/lix/libstore
lix> Installing /build/source/lix/libstore/indirect-root-store.hh to /nix/store/mygkqs2i2p4v0y633p58i29fy3f91nkn-lix-2.95.0-pre20260129-dev_b6c8f41-dev/include/lix/libstore
lix> Installing /build/source/lix/libstore/legacy-ssh-store.hh to /nix/store/mygkqs2i2p4v0y633p58i29fy3f91nkn-lix-2.95.0-pre20260129-dev_b6c8f41-dev/include/lix/libstore
lix> Installing /build/source/lix/libstore/length-prefixed-protocol-helper.hh to /nix/store/mygkqs2i2p4v0y633p58i29fy3f91nkn-lix-2.95.0-pre20260129-dev_b6c8f41-dev/include/lix/libstore
lix> Installing /build/source/lix/libstore/local-binary-cache-store.hh to /nix/store/mygkqs2i2p4v0y633p58i29fy3f91nkn-lix-2.95.0-pre20260129-dev_b6c8f41-dev/include/lix/libstore
lix> Installing /build/source/lix/libstore/local-fs-store.hh to /nix/store/mygkqs2i2p4v0y633p58i29fy3f91nkn-lix-2.95.0-pre20260129-dev_b6c8f41-dev/include/lix/libstore
lix> Installing /build/source/lix/libstore/local-store.hh to /nix/store/mygkqs2i2p4v0y633p58i29fy3f91nkn-lix-2.95.0-pre20260129-dev_b6c8f41-dev/include/lix/libstore
lix> Installing /build/source/lix/libstore/lock.hh to /nix/store/mygkqs2i2p4v0y633p58i29fy3f91nkn-lix-2.95.0-pre20260129-dev_b6c8f41-dev/include/lix/libstore
lix> Installing /build/source/lix/libstore/log-store.hh to /nix/store/mygkqs2i2p4v0y633p58i29fy3f91nkn-lix-2.95.0-pre20260129-dev_b6c8f41-dev/include/lix/libstore
lix> Installing /build/source/lix/libstore/machines.hh to /nix/store/mygkqs2i2p4v0y633p58i29fy3f91nkn-lix-2.95.0-pre20260129-dev_b6c8f41-dev/include/lix/libstore
lix> Installing /build/source/lix/libstore/make-content-addressed.hh to /nix/store/mygkqs2i2p4v0y633p58i29fy3f91nkn-lix-2.95.0-pre20260129-dev_b6c8f41-dev/include/lix/libstore
lix> Installing /build/source/lix/libstore/names.hh to /nix/store/mygkqs2i2p4v0y633p58i29fy3f91nkn-lix-2.95.0-pre20260129-dev_b6c8f41-dev/include/lix/libstore
lix> Installing /build/source/lix/libstore/nar-accessor.hh to /nix/store/mygkqs2i2p4v0y633p58i29fy3f91nkn-lix-2.95.0-pre20260129-dev_b6c8f41-dev/include/lix/libstore
lix> Installing /build/source/lix/libstore/nar-info-disk-cache.hh to /nix/store/mygkqs2i2p4v0y633p58i29fy3f91nkn-lix-2.95.0-pre20260129-dev_b6c8f41-dev/include/lix/libstore
lix> Installing /build/source/lix/libstore/nar-info.hh to /nix/store/mygkqs2i2p4v0y633p58i29fy3f91nkn-lix-2.95.0-pre20260129-dev_b6c8f41-dev/include/lix/libstore
lix> Installing /build/source/lix/libstore/outputs-spec.hh to /nix/store/mygkqs2i2p4v0y633p58i29fy3f91nkn-lix-2.95.0-pre20260129-dev_b6c8f41-dev/include/lix/libstore
lix> Installing /build/source/lix/libstore/parsed-derivations.hh to /nix/store/mygkqs2i2p4v0y633p58i29fy3f91nkn-lix-2.95.0-pre20260129-dev_b6c8f41-dev/include/lix/libstore
lix> Installing /build/source/lix/libstore/path-info.hh to /nix/store/mygkqs2i2p4v0y633p58i29fy3f91nkn-lix-2.95.0-pre20260129-dev_b6c8f41-dev/include/lix/libstore
lix> Installing /build/source/lix/libstore/path-references.hh to /nix/store/mygkqs2i2p4v0y633p58i29fy3f91nkn-lix-2.95.0-pre20260129-dev_b6c8f41-dev/include/lix/libstore
lix> Installing /build/source/lix/libstore/path-regex.hh to /nix/store/mygkqs2i2p4v0y633p58i29fy3f91nkn-lix-2.95.0-pre20260129-dev_b6c8f41-dev/include/lix/libstore
lix> Installing /build/source/lix/libstore/path-tree.hh to /nix/store/mygkqs2i2p4v0y633p58i29fy3f91nkn-lix-2.95.0-pre20260129-dev_b6c8f41-dev/include/lix/libstore
lix> Installing /build/source/lix/libstore/path-with-outputs.hh to /nix/store/mygkqs2i2p4v0y633p58i29fy3f91nkn-lix-2.95.0-pre20260129-dev_b6c8f41-dev/include/lix/libstore
lix> Installing /build/source/lix/libstore/path.hh to /nix/store/mygkqs2i2p4v0y633p58i29fy3f91nkn-lix-2.95.0-pre20260129-dev_b6c8f41-dev/include/lix/libstore
lix> Installing /build/source/lix/libstore/pathlocks.hh to /nix/store/mygkqs2i2p4v0y633p58i29fy3f91nkn-lix-2.95.0-pre20260129-dev_b6c8f41-dev/include/lix/libstore
lix> Installing /build/source/lix/libstore/profiles.hh to /nix/store/mygkqs2i2p4v0y633p58i29fy3f91nkn-lix-2.95.0-pre20260129-dev_b6c8f41-dev/include/lix/libstore
lix> Installing /build/source/lix/libstore/realisation.hh to /nix/store/mygkqs2i2p4v0y633p58i29fy3f91nkn-lix-2.95.0-pre20260129-dev_b6c8f41-dev/include/lix/libstore
lix> Installing /build/source/lix/libstore/remote-fs-accessor.hh to /nix/store/mygkqs2i2p4v0y633p58i29fy3f91nkn-lix-2.95.0-pre20260129-dev_b6c8f41-dev/include/lix/libstore
lix> Installing /build/source/lix/libstore/remote-store-connection.hh to /nix/store/mygkqs2i2p4v0y633p58i29fy3f91nkn-lix-2.95.0-pre20260129-dev_b6c8f41-dev/include/lix/libstore
lix> Installing /build/source/lix/libstore/remote-store.hh to /nix/store/mygkqs2i2p4v0y633p58i29fy3f91nkn-lix-2.95.0-pre20260129-dev_b6c8f41-dev/include/lix/libstore
lix> Installing /build/source/lix/libstore/s3-binary-cache-store.hh to /nix/store/mygkqs2i2p4v0y633p58i29fy3f91nkn-lix-2.95.0-pre20260129-dev_b6c8f41-dev/include/lix/libstore
lix> Installing /build/source/lix/libstore/s3.hh to /nix/store/mygkqs2i2p4v0y633p58i29fy3f91nkn-lix-2.95.0-pre20260129-dev_b6c8f41-dev/include/lix/libstore
lix> Installing /build/source/lix/libstore/serve-protocol-impl.hh to /nix/store/mygkqs2i2p4v0y633p58i29fy3f91nkn-lix-2.95.0-pre20260129-dev_b6c8f41-dev/include/lix/libstore
lix> Installing /build/source/lix/libstore/serve-protocol.hh to /nix/store/mygkqs2i2p4v0y633p58i29fy3f91nkn-lix-2.95.0-pre20260129-dev_b6c8f41-dev/include/lix/libstore
lix> Installing /build/source/lix/libstore/sqlite.hh to /nix/store/mygkqs2i2p4v0y633p58i29fy3f91nkn-lix-2.95.0-pre20260129-dev_b6c8f41-dev/include/lix/libstore
lix> Installing /build/source/lix/libstore/ssh-store.hh to /nix/store/mygkqs2i2p4v0y633p58i29fy3f91nkn-lix-2.95.0-pre20260129-dev_b6c8f41-dev/include/lix/libstore
lix> Installing /build/source/lix/libstore/ssh.hh to /nix/store/mygkqs2i2p4v0y633p58i29fy3f91nkn-lix-2.95.0-pre20260129-dev_b6c8f41-dev/include/lix/libstore
lix> Installing /build/source/lix/libstore/store-api.hh to /nix/store/mygkqs2i2p4v0y633p58i29fy3f91nkn-lix-2.95.0-pre20260129-dev_b6c8f41-dev/include/lix/libstore
lix> Installing /build/source/lix/libstore/store-cast.hh to /nix/store/mygkqs2i2p4v0y633p58i29fy3f91nkn-lix-2.95.0-pre20260129-dev_b6c8f41-dev/include/lix/libstore
lix> Installing /build/source/lix/libstore/temporary-dir.hh to /nix/store/mygkqs2i2p4v0y633p58i29fy3f91nkn-lix-2.95.0-pre20260129-dev_b6c8f41-dev/include/lix/libstore
lix> Installing /build/source/lix/libstore/types-rpc.hh to /nix/store/mygkqs2i2p4v0y633p58i29fy3f91nkn-lix-2.95.0-pre20260129-dev_b6c8f41-dev/include/lix/libstore
lix> Installing /build/source/lix/libstore/uds-remote-store.hh to /nix/store/mygkqs2i2p4v0y633p58i29fy3f91nkn-lix-2.95.0-pre20260129-dev_b6c8f41-dev/include/lix/libstore
lix> Installing /build/source/lix/libstore/worker-protocol-impl.hh to /nix/store/mygkqs2i2p4v0y633p58i29fy3f91nkn-lix-2.95.0-pre20260129-dev_b6c8f41-dev/include/lix/libstore
lix> Installing /build/source/lix/libstore/worker-protocol.hh to /nix/store/mygkqs2i2p4v0y633p58i29fy3f91nkn-lix-2.95.0-pre20260129-dev_b6c8f41-dev/include/lix/libstore
lix> Installing /build/source/lix/libstore/build/child.hh to /nix/store/mygkqs2i2p4v0y633p58i29fy3f91nkn-lix-2.95.0-pre20260129-dev_b6c8f41-dev/include/lix/libstore/build
lix> Installing /build/source/lix/libstore/build/derivation-goal.hh to /nix/store/mygkqs2i2p4v0y633p58i29fy3f91nkn-lix-2.95.0-pre20260129-dev_b6c8f41-dev/include/lix/libstore/build
lix> Installing /build/source/lix/libstore/build/goal.hh to /nix/store/mygkqs2i2p4v0y633p58i29fy3f91nkn-lix-2.95.0-pre20260129-dev_b6c8f41-dev/include/lix/libstore/build
lix> Installing /build/source/lix/libstore/build/hook-instance.hh to /nix/store/mygkqs2i2p4v0y633p58i29fy3f91nkn-lix-2.95.0-pre20260129-dev_b6c8f41-dev/include/lix/libstore/build
lix> Installing /build/source/lix/libstore/build/local-derivation-goal.hh to /nix/store/mygkqs2i2p4v0y633p58i29fy3f91nkn-lix-2.95.0-pre20260129-dev_b6c8f41-dev/include/lix/libstore/build
lix> Installing /build/source/lix/libstore/build/personality.hh to /nix/store/mygkqs2i2p4v0y633p58i29fy3f91nkn-lix-2.95.0-pre20260129-dev_b6c8f41-dev/include/lix/libstore/build
lix> Installing /build/source/lix/libstore/build/substitution-goal.hh to /nix/store/mygkqs2i2p4v0y633p58i29fy3f91nkn-lix-2.95.0-pre20260129-dev_b6c8f41-dev/include/lix/libstore/build
lix> Installing /build/source/lix/libstore/build/worker.hh to /nix/store/mygkqs2i2p4v0y633p58i29fy3f91nkn-lix-2.95.0-pre20260129-dev_b6c8f41-dev/include/lix/libstore/build
lix> Installing /build/source/lix/libstore/builtins/buildenv.hh to /nix/store/mygkqs2i2p4v0y633p58i29fy3f91nkn-lix-2.95.0-pre20260129-dev_b6c8f41-dev/include/lix/libstore/builtins
lix> Installing /build/source/lix/libstore/platform/linux.hh to /nix/store/mygkqs2i2p4v0y633p58i29fy3f91nkn-lix-2.95.0-pre20260129-dev_b6c8f41-dev/include/lix/libstore/platform
lix> Installing /build/source/lix/libfetchers/attrs.hh to /nix/store/mygkqs2i2p4v0y633p58i29fy3f91nkn-lix-2.95.0-pre20260129-dev_b6c8f41-dev/include/lix/libfetchers
lix> Installing /build/source/lix/libfetchers/cache.hh to /nix/store/mygkqs2i2p4v0y633p58i29fy3f91nkn-lix-2.95.0-pre20260129-dev_b6c8f41-dev/include/lix/libfetchers
lix> Installing /build/source/lix/libfetchers/fetch-settings.hh to /nix/store/mygkqs2i2p4v0y633p58i29fy3f91nkn-lix-2.95.0-pre20260129-dev_b6c8f41-dev/include/lix/libfetchers
lix> Installing /build/source/lix/libfetchers/fetch-to-store.hh to /nix/store/mygkqs2i2p4v0y633p58i29fy3f91nkn-lix-2.95.0-pre20260129-dev_b6c8f41-dev/include/lix/libfetchers
lix> Installing /build/source/lix/libfetchers/fetchers.hh to /nix/store/mygkqs2i2p4v0y633p58i29fy3f91nkn-lix-2.95.0-pre20260129-dev_b6c8f41-dev/include/lix/libfetchers
lix> Installing /build/source/lix/libfetchers/registry.hh to /nix/store/mygkqs2i2p4v0y633p58i29fy3f91nkn-lix-2.95.0-pre20260129-dev_b6c8f41-dev/include/lix/libfetchers
lix> Installing /build/source/lix/libexpr/attr-path.hh to /nix/store/mygkqs2i2p4v0y633p58i29fy3f91nkn-lix-2.95.0-pre20260129-dev_b6c8f41-dev/include/lix/libexpr
lix> Installing /build/source/lix/libexpr/attr-set.hh to /nix/store/mygkqs2i2p4v0y633p58i29fy3f91nkn-lix-2.95.0-pre20260129-dev_b6c8f41-dev/include/lix/libexpr
lix> Installing /build/source/lix/libexpr/eval-cache.hh to /nix/store/mygkqs2i2p4v0y633p58i29fy3f91nkn-lix-2.95.0-pre20260129-dev_b6c8f41-dev/include/lix/libexpr
lix> Installing /build/source/lix/libexpr/eval-error.hh to /nix/store/mygkqs2i2p4v0y633p58i29fy3f91nkn-lix-2.95.0-pre20260129-dev_b6c8f41-dev/include/lix/libexpr
lix> Installing /build/source/lix/libexpr/eval-inline.hh to /nix/store/mygkqs2i2p4v0y633p58i29fy3f91nkn-lix-2.95.0-pre20260129-dev_b6c8f41-dev/include/lix/libexpr
lix> Installing /build/source/lix/libexpr/eval-settings.hh to /nix/store/mygkqs2i2p4v0y633p58i29fy3f91nkn-lix-2.95.0-pre20260129-dev_b6c8f41-dev/include/lix/libexpr
lix> Installing /build/source/lix/libexpr/eval.hh to /nix/store/mygkqs2i2p4v0y633p58i29fy3f91nkn-lix-2.95.0-pre20260129-dev_b6c8f41-dev/include/lix/libexpr
lix> Installing /build/source/lix/libexpr/function-trace.hh to /nix/store/mygkqs2i2p4v0y633p58i29fy3f91nkn-lix-2.95.0-pre20260129-dev_b6c8f41-dev/include/lix/libexpr
lix> Installing /build/source/lix/libexpr/gc-alloc.hh to /nix/store/mygkqs2i2p4v0y633p58i29fy3f91nkn-lix-2.95.0-pre20260129-dev_b6c8f41-dev/include/lix/libexpr
lix> Installing /build/source/lix/libexpr/gc-small-vector.hh to /nix/store/mygkqs2i2p4v0y633p58i29fy3f91nkn-lix-2.95.0-pre20260129-dev_b6c8f41-dev/include/lix/libexpr
lix> Installing /build/source/lix/libexpr/get-drvs.hh to /nix/store/mygkqs2i2p4v0y633p58i29fy3f91nkn-lix-2.95.0-pre20260129-dev_b6c8f41-dev/include/lix/libexpr
lix> Installing /build/source/lix/libexpr/json-to-value.hh to /nix/store/mygkqs2i2p4v0y633p58i29fy3f91nkn-lix-2.95.0-pre20260129-dev_b6c8f41-dev/include/lix/libexpr
lix> Installing /build/source/lix/libexpr/nixexpr.hh to /nix/store/mygkqs2i2p4v0y633p58i29fy3f91nkn-lix-2.95.0-pre20260129-dev_b6c8f41-dev/include/lix/libexpr
lix> Installing /build/source/lix/libexpr/pos-idx.hh to /nix/store/mygkqs2i2p4v0y633p58i29fy3f91nkn-lix-2.95.0-pre20260129-dev_b6c8f41-dev/include/lix/libexpr
lix> Installing /build/source/lix/libexpr/pos-table.hh to /nix/store/mygkqs2i2p4v0y633p58i29fy3f91nkn-lix-2.95.0-pre20260129-dev_b6c8f41-dev/include/lix/libexpr
lix> Installing /build/source/lix/libexpr/primops.hh to /nix/store/mygkqs2i2p4v0y633p58i29fy3f91nkn-lix-2.95.0-pre20260129-dev_b6c8f41-dev/include/lix/libexpr
lix> Installing /build/source/lix/libexpr/print-ambiguous.hh to /nix/store/mygkqs2i2p4v0y633p58i29fy3f91nkn-lix-2.95.0-pre20260129-dev_b6c8f41-dev/include/lix/libexpr
lix> Installing /build/source/lix/libexpr/print-options.hh to /nix/store/mygkqs2i2p4v0y633p58i29fy3f91nkn-lix-2.95.0-pre20260129-dev_b6c8f41-dev/include/lix/libexpr
lix> Installing /build/source/lix/libexpr/print.hh to /nix/store/mygkqs2i2p4v0y633p58i29fy3f91nkn-lix-2.95.0-pre20260129-dev_b6c8f41-dev/include/lix/libexpr
lix> Installing /build/source/lix/libexpr/repl-exit-status.hh to /nix/store/mygkqs2i2p4v0y633p58i29fy3f91nkn-lix-2.95.0-pre20260129-dev_b6c8f41-dev/include/lix/libexpr
lix> Installing /build/source/lix/libexpr/search-path.hh to /nix/store/mygkqs2i2p4v0y633p58i29fy3f91nkn-lix-2.95.0-pre20260129-dev_b6c8f41-dev/include/lix/libexpr
lix> Installing /build/source/lix/libexpr/symbol-table.hh to /nix/store/mygkqs2i2p4v0y633p58i29fy3f91nkn-lix-2.95.0-pre20260129-dev_b6c8f41-dev/include/lix/libexpr
lix> Installing /build/source/lix/libexpr/value-to-json.hh to /nix/store/mygkqs2i2p4v0y633p58i29fy3f91nkn-lix-2.95.0-pre20260129-dev_b6c8f41-dev/include/lix/libexpr
lix> Installing /build/source/lix/libexpr/value-to-xml.hh to /nix/store/mygkqs2i2p4v0y633p58i29fy3f91nkn-lix-2.95.0-pre20260129-dev_b6c8f41-dev/include/lix/libexpr
lix> Installing /build/source/lix/libexpr/value.hh to /nix/store/mygkqs2i2p4v0y633p58i29fy3f91nkn-lix-2.95.0-pre20260129-dev_b6c8f41-dev/include/lix/libexpr
lix> Installing /build/source/lix/libexpr/flake/flake.hh to /nix/store/mygkqs2i2p4v0y633p58i29fy3f91nkn-lix-2.95.0-pre20260129-dev_b6c8f41-dev/include/lix/libexpr/flake
lix> Installing /build/source/lix/libexpr/flake/flakeref.hh to /nix/store/mygkqs2i2p4v0y633p58i29fy3f91nkn-lix-2.95.0-pre20260129-dev_b6c8f41-dev/include/lix/libexpr/flake
lix> Installing /build/source/lix/libexpr/flake/lockfile.hh to /nix/store/mygkqs2i2p4v0y633p58i29fy3f91nkn-lix-2.95.0-pre20260129-dev_b6c8f41-dev/include/lix/libexpr/flake
lix> Installing /build/source/lix/libexpr/parser/change_head.hh to /nix/store/mygkqs2i2p4v0y633p58i29fy3f91nkn-lix-2.95.0-pre20260129-dev_b6c8f41-dev/include/lix/libexpr/parser
lix> Installing /build/source/lix/libexpr/parser/grammar.hh to /nix/store/mygkqs2i2p4v0y633p58i29fy3f91nkn-lix-2.95.0-pre20260129-dev_b6c8f41-dev/include/lix/libexpr/parser
lix> Installing /build/source/lix/libexpr/parser/state.hh to /nix/store/mygkqs2i2p4v0y633p58i29fy3f91nkn-lix-2.95.0-pre20260129-dev_b6c8f41-dev/include/lix/libexpr/parser
lix> Installing /build/source/lix/libexpr/value/context.hh to /nix/store/mygkqs2i2p4v0y633p58i29fy3f91nkn-lix-2.95.0-pre20260129-dev_b6c8f41-dev/include/lix/libexpr/value
lix> Installing /build/source/lix/libmain/common-args.hh to /nix/store/mygkqs2i2p4v0y633p58i29fy3f91nkn-lix-2.95.0-pre20260129-dev_b6c8f41-dev/include/lix/libmain
lix> Installing /build/source/lix/libmain/crash-handler.hh to /nix/store/mygkqs2i2p4v0y633p58i29fy3f91nkn-lix-2.95.0-pre20260129-dev_b6c8f41-dev/include/lix/libmain
lix> Installing /build/source/lix/libmain/loggers.hh to /nix/store/mygkqs2i2p4v0y633p58i29fy3f91nkn-lix-2.95.0-pre20260129-dev_b6c8f41-dev/include/lix/libmain
lix> Installing /build/source/lix/libmain/progress-bar.hh to /nix/store/mygkqs2i2p4v0y633p58i29fy3f91nkn-lix-2.95.0-pre20260129-dev_b6c8f41-dev/include/lix/libmain
lix> Installing /build/source/lix/libmain/shared.hh to /nix/store/mygkqs2i2p4v0y633p58i29fy3f91nkn-lix-2.95.0-pre20260129-dev_b6c8f41-dev/include/lix/libmain
lix> Installing /build/source/lix/libcmd/built-path.hh to /nix/store/mygkqs2i2p4v0y633p58i29fy3f91nkn-lix-2.95.0-pre20260129-dev_b6c8f41-dev/include/lix/libcmd
lix> Installing /build/source/lix/libcmd/cmd-profiles.hh to /nix/store/mygkqs2i2p4v0y633p58i29fy3f91nkn-lix-2.95.0-pre20260129-dev_b6c8f41-dev/include/lix/libcmd
lix> Installing /build/source/lix/libcmd/command.hh to /nix/store/mygkqs2i2p4v0y633p58i29fy3f91nkn-lix-2.95.0-pre20260129-dev_b6c8f41-dev/include/lix/libcmd
lix> Installing /build/source/lix/libcmd/common-eval-args.hh to /nix/store/mygkqs2i2p4v0y633p58i29fy3f91nkn-lix-2.95.0-pre20260129-dev_b6c8f41-dev/include/lix/libcmd
lix> Installing /build/source/lix/libcmd/editor-for.hh to /nix/store/mygkqs2i2p4v0y633p58i29fy3f91nkn-lix-2.95.0-pre20260129-dev_b6c8f41-dev/include/lix/libcmd
lix> Installing /build/source/lix/libcmd/installable-attr-path.hh to /nix/store/mygkqs2i2p4v0y633p58i29fy3f91nkn-lix-2.95.0-pre20260129-dev_b6c8f41-dev/include/lix/libcmd
lix> Installing /build/source/lix/libcmd/installable-derived-path.hh to /nix/store/mygkqs2i2p4v0y633p58i29fy3f91nkn-lix-2.95.0-pre20260129-dev_b6c8f41-dev/include/lix/libcmd
lix> Installing /build/source/lix/libcmd/installable-flake.hh to /nix/store/mygkqs2i2p4v0y633p58i29fy3f91nkn-lix-2.95.0-pre20260129-dev_b6c8f41-dev/include/lix/libcmd
lix> Installing /build/source/lix/libcmd/installable-value.hh to /nix/store/mygkqs2i2p4v0y633p58i29fy3f91nkn-lix-2.95.0-pre20260129-dev_b6c8f41-dev/include/lix/libcmd
lix> Installing /build/source/lix/libcmd/installables.hh to /nix/store/mygkqs2i2p4v0y633p58i29fy3f91nkn-lix-2.95.0-pre20260129-dev_b6c8f41-dev/include/lix/libcmd
lix> Installing /build/source/lix/libcmd/legacy.hh to /nix/store/mygkqs2i2p4v0y633p58i29fy3f91nkn-lix-2.95.0-pre20260129-dev_b6c8f41-dev/include/lix/libcmd
lix> Installing /build/source/lix/libcmd/markdown.hh to /nix/store/mygkqs2i2p4v0y633p58i29fy3f91nkn-lix-2.95.0-pre20260129-dev_b6c8f41-dev/include/lix/libcmd
lix> Installing /build/source/lix/libcmd/repl-interacter.hh to /nix/store/mygkqs2i2p4v0y633p58i29fy3f91nkn-lix-2.95.0-pre20260129-dev_b6c8f41-dev/include/lix/libcmd
lix> Installing /build/source/lix/libcmd/repl.hh to /nix/store/mygkqs2i2p4v0y633p58i29fy3f91nkn-lix-2.95.0-pre20260129-dev_b6c8f41-dev/include/lix/libcmd
lix> Installing /build/source/build/lix-base.pc to /nix/store/khgamafgkp7vzksxmilx5wzmqki92v6y-lix-2.95.0-pre20260129-dev_b6c8f41/lib/pkgconfig
lix> Installing /build/source/build/lix.pc to /nix/store/khgamafgkp7vzksxmilx5wzmqki92v6y-lix-2.95.0-pre20260129-dev_b6c8f41/lib/pkgconfig
lix> Installing /build/source/build/lix/lix-util.pc to /nix/store/khgamafgkp7vzksxmilx5wzmqki92v6y-lix-2.95.0-pre20260129-dev_b6c8f41/lib/pkgconfig
lix> Installing /build/source/build/lix/lix-store.pc to /nix/store/khgamafgkp7vzksxmilx5wzmqki92v6y-lix-2.95.0-pre20260129-dev_b6c8f41/lib/pkgconfig
lix> Installing /build/source/build/lix/lix-fetchers.pc to /nix/store/khgamafgkp7vzksxmilx5wzmqki92v6y-lix-2.95.0-pre20260129-dev_b6c8f41/lib/pkgconfig
lix> Installing /build/source/build/lix/lix-expr.pc to /nix/store/khgamafgkp7vzksxmilx5wzmqki92v6y-lix-2.95.0-pre20260129-dev_b6c8f41/lib/pkgconfig
lix> Installing /build/source/build/lix/lix-main.pc to /nix/store/khgamafgkp7vzksxmilx5wzmqki92v6y-lix-2.95.0-pre20260129-dev_b6c8f41/lib/pkgconfig
lix> Installing /build/source/build/lix/lix-cmd.pc to /nix/store/khgamafgkp7vzksxmilx5wzmqki92v6y-lix-2.95.0-pre20260129-dev_b6c8f41/lib/pkgconfig
lix> Installing /build/source/build/scripts/nix.sh to /nix/store/khgamafgkp7vzksxmilx5wzmqki92v6y-lix-2.95.0-pre20260129-dev_b6c8f41/etc/profile.d
lix> Installing /build/source/build/scripts/nix.fish to /nix/store/khgamafgkp7vzksxmilx5wzmqki92v6y-lix-2.95.0-pre20260129-dev_b6c8f41/etc/profile.d
lix> Installing /build/source/build/scripts/nix-daemon.sh to /nix/store/khgamafgkp7vzksxmilx5wzmqki92v6y-lix-2.95.0-pre20260129-dev_b6c8f41/etc/profile.d
lix> Installing /build/source/build/scripts/nix-daemon.fish to /nix/store/khgamafgkp7vzksxmilx5wzmqki92v6y-lix-2.95.0-pre20260129-dev_b6c8f41/etc/profile.d
lix> Installing /build/source/build/misc/systemd/nix-daemon.socket to /nix/store/khgamafgkp7vzksxmilx5wzmqki92v6y-lix-2.95.0-pre20260129-dev_b6c8f41/lib/systemd/system
lix> Installing /build/source/build/misc/systemd/nix-daemon@.service to /nix/store/khgamafgkp7vzksxmilx5wzmqki92v6y-lix-2.95.0-pre20260129-dev_b6c8f41/lib/systemd/system
lix> Installing /build/source/build/misc/systemd/nix-daemon.service to /nix/store/khgamafgkp7vzksxmilx5wzmqki92v6y-lix-2.95.0-pre20260129-dev_b6c8f41/lib/systemd/system
lix> Installing /build/source/build/misc/systemd/nix-daemon.conf to /nix/store/khgamafgkp7vzksxmilx5wzmqki92v6y-lix-2.95.0-pre20260129-dev_b6c8f41/lib/tmpfiles.d
lix> Installing /build/source/misc/flake-registry/flake-registry.json to /nix/store/khgamafgkp7vzksxmilx5wzmqki92v6y-lix-2.95.0-pre20260129-dev_b6c8f41/share
lix> Installing symlink pointing to nix to /nix/store/khgamafgkp7vzksxmilx5wzmqki92v6y-lix-2.95.0-pre20260129-dev_b6c8f41/bin/nix-build
lix> Installing symlink pointing to nix to /nix/store/khgamafgkp7vzksxmilx5wzmqki92v6y-lix-2.95.0-pre20260129-dev_b6c8f41/bin/nix-channel
lix> Installing symlink pointing to nix to /nix/store/khgamafgkp7vzksxmilx5wzmqki92v6y-lix-2.95.0-pre20260129-dev_b6c8f41/bin/nix-collect-garbage
lix> Installing symlink pointing to nix to /nix/store/khgamafgkp7vzksxmilx5wzmqki92v6y-lix-2.95.0-pre20260129-dev_b6c8f41/bin/nix-copy-closure
lix> Installing symlink pointing to nix to /nix/store/khgamafgkp7vzksxmilx5wzmqki92v6y-lix-2.95.0-pre20260129-dev_b6c8f41/bin/nix-daemon
lix> Installing symlink pointing to nix to /nix/store/khgamafgkp7vzksxmilx5wzmqki92v6y-lix-2.95.0-pre20260129-dev_b6c8f41/bin/nix-env
lix> Installing symlink pointing to nix to /nix/store/khgamafgkp7vzksxmilx5wzmqki92v6y-lix-2.95.0-pre20260129-dev_b6c8f41/bin/nix-hash
lix> Installing symlink pointing to nix to /nix/store/khgamafgkp7vzksxmilx5wzmqki92v6y-lix-2.95.0-pre20260129-dev_b6c8f41/bin/nix-instantiate
lix> Installing symlink pointing to nix to /nix/store/khgamafgkp7vzksxmilx5wzmqki92v6y-lix-2.95.0-pre20260129-dev_b6c8f41/bin/nix-prefetch-url
lix> Installing symlink pointing to nix to /nix/store/khgamafgkp7vzksxmilx5wzmqki92v6y-lix-2.95.0-pre20260129-dev_b6c8f41/bin/nix-shell
lix> Installing symlink pointing to nix to /nix/store/khgamafgkp7vzksxmilx5wzmqki92v6y-lix-2.95.0-pre20260129-dev_b6c8f41/bin/nix-store
lix> Installing symlink pointing to nix to /nix/store/khgamafgkp7vzksxmilx5wzmqki92v6y-lix-2.95.0-pre20260129-dev_b6c8f41/bin/lix
lix> Installing symlink pointing to /nix/store/khgamafgkp7vzksxmilx5wzmqki92v6y-lix-2.95.0-pre20260129-dev_b6c8f41/bin/nix to /nix/store/khgamafgkp7vzksxmilx5wzmqki92v6y-lix-2.95.0-pre20260129-dev_b6c8f41/libexec/nix/build-remote
lix> Installing symlink pointing to /nix/store/khgamafgkp7vzksxmilx5wzmqki92v6y-lix-2.95.0-pre20260129-dev_b6c8f41/bin/nix to /nix/store/khgamafgkp7vzksxmilx5wzmqki92v6y-lix-2.95.0-pre20260129-dev_b6c8f41/libexec/lix/builtin-builder
lix> Running custom install script '/nix/store/plrdyj6is9kx75rrc945z0gfm4i6j815-python3-3.13.11-env/bin/python3 /build/source/meson/setup-functional-tests.py'
lix> setup-functional-tests.py: mirroring tests/functional to build directory
lix> Running phase: fixupPhase
lix> Moving /nix/store/khgamafgkp7vzksxmilx5wzmqki92v6y-lix-2.95.0-pre20260129-dev_b6c8f41/share/doc to /nix/store/30k4i07vlgp4c7b0vw6adzgf4304m26q-lix-2.95.0-pre20260129-dev_b6c8f41-doc/share/doc
lix> Moving /nix/store/khgamafgkp7vzksxmilx5wzmqki92v6y-lix-2.95.0-pre20260129-dev_b6c8f41/lib/pkgconfig to /nix/store/mygkqs2i2p4v0y633p58i29fy3f91nkn-lix-2.95.0-pre20260129-dev_b6c8f41-dev/lib/pkgconfig
lix> Patching '/nix/store/mygkqs2i2p4v0y633p58i29fy3f91nkn-lix-2.95.0-pre20260129-dev_b6c8f41-dev/lib/pkgconfig/lix-base.pc' includedir to output /nix/store/mygkqs2i2p4v0y633p58i29fy3f91nkn-lix-2.95.0-pre20260129-dev_b6c8f41-dev
lix> Patching '/nix/store/mygkqs2i2p4v0y633p58i29fy3f91nkn-lix-2.95.0-pre20260129-dev_b6c8f41-dev/lib/pkgconfig/lix-cmd.pc' includedir to output /nix/store/mygkqs2i2p4v0y633p58i29fy3f91nkn-lix-2.95.0-pre20260129-dev_b6c8f41-dev
lix> Patching '/nix/store/mygkqs2i2p4v0y633p58i29fy3f91nkn-lix-2.95.0-pre20260129-dev_b6c8f41-dev/lib/pkgconfig/lix-expr.pc' includedir to output /nix/store/mygkqs2i2p4v0y633p58i29fy3f91nkn-lix-2.95.0-pre20260129-dev_b6c8f41-dev
lix> Patching '/nix/store/mygkqs2i2p4v0y633p58i29fy3f91nkn-lix-2.95.0-pre20260129-dev_b6c8f41-dev/lib/pkgconfig/lix-fetchers.pc' includedir to output /nix/store/mygkqs2i2p4v0y633p58i29fy3f91nkn-lix-2.95.0-pre20260129-dev_b6c8f41-dev
lix> Patching '/nix/store/mygkqs2i2p4v0y633p58i29fy3f91nkn-lix-2.95.0-pre20260129-dev_b6c8f41-dev/lib/pkgconfig/lix-main.pc' includedir to output /nix/store/mygkqs2i2p4v0y633p58i29fy3f91nkn-lix-2.95.0-pre20260129-dev_b6c8f41-dev
lix> Patching '/nix/store/mygkqs2i2p4v0y633p58i29fy3f91nkn-lix-2.95.0-pre20260129-dev_b6c8f41-dev/lib/pkgconfig/lix-store.pc' includedir to output /nix/store/mygkqs2i2p4v0y633p58i29fy3f91nkn-lix-2.95.0-pre20260129-dev_b6c8f41-dev
lix> Patching '/nix/store/mygkqs2i2p4v0y633p58i29fy3f91nkn-lix-2.95.0-pre20260129-dev_b6c8f41-dev/lib/pkgconfig/lix-util.pc' includedir to output /nix/store/mygkqs2i2p4v0y633p58i29fy3f91nkn-lix-2.95.0-pre20260129-dev_b6c8f41-dev
lix> Patching '/nix/store/mygkqs2i2p4v0y633p58i29fy3f91nkn-lix-2.95.0-pre20260129-dev_b6c8f41-dev/lib/pkgconfig/lix.pc' includedir to output /nix/store/mygkqs2i2p4v0y633p58i29fy3f91nkn-lix-2.95.0-pre20260129-dev_b6c8f41-dev
lix> shrinking RPATHs of ELF executables and libraries in /nix/store/30k4i07vlgp4c7b0vw6adzgf4304m26q-lix-2.95.0-pre20260129-dev_b6c8f41-doc
lix> checking for references to /build/ in /nix/store/30k4i07vlgp4c7b0vw6adzgf4304m26q-lix-2.95.0-pre20260129-dev_b6c8f41-doc...
lix> patching script interpreter paths in /nix/store/30k4i07vlgp4c7b0vw6adzgf4304m26q-lix-2.95.0-pre20260129-dev_b6c8f41-doc
lix> shrinking RPATHs of ELF executables and libraries in /nix/store/mygkqs2i2p4v0y633p58i29fy3f91nkn-lix-2.95.0-pre20260129-dev_b6c8f41-dev
lix> checking for references to /build/ in /nix/store/mygkqs2i2p4v0y633p58i29fy3f91nkn-lix-2.95.0-pre20260129-dev_b6c8f41-dev...
lix> patching script interpreter paths in /nix/store/mygkqs2i2p4v0y633p58i29fy3f91nkn-lix-2.95.0-pre20260129-dev_b6c8f41-dev
lix> stripping (with command strip and flags -S -p) in  /nix/store/mygkqs2i2p4v0y633p58i29fy3f91nkn-lix-2.95.0-pre20260129-dev_b6c8f41-dev/lib
lix> shrinking RPATHs of ELF executables and libraries in /nix/store/khgamafgkp7vzksxmilx5wzmqki92v6y-lix-2.95.0-pre20260129-dev_b6c8f41
lix> shrinking /nix/store/khgamafgkp7vzksxmilx5wzmqki92v6y-lix-2.95.0-pre20260129-dev_b6c8f41/lib/liblixutil.so
lix> shrinking /nix/store/khgamafgkp7vzksxmilx5wzmqki92v6y-lix-2.95.0-pre20260129-dev_b6c8f41/lib/liblixstore.so
lix> shrinking /nix/store/khgamafgkp7vzksxmilx5wzmqki92v6y-lix-2.95.0-pre20260129-dev_b6c8f41/lib/liblixfetchers.so
lix> shrinking /nix/store/khgamafgkp7vzksxmilx5wzmqki92v6y-lix-2.95.0-pre20260129-dev_b6c8f41/lib/liblixexpr.so
lix> shrinking /nix/store/khgamafgkp7vzksxmilx5wzmqki92v6y-lix-2.95.0-pre20260129-dev_b6c8f41/lib/liblixmain.so
lix> shrinking /nix/store/khgamafgkp7vzksxmilx5wzmqki92v6y-lix-2.95.0-pre20260129-dev_b6c8f41/lib/liblixcmd.so
lix> shrinking /nix/store/khgamafgkp7vzksxmilx5wzmqki92v6y-lix-2.95.0-pre20260129-dev_b6c8f41/libexec/lix/check-namespace-support
lix> shrinking /nix/store/khgamafgkp7vzksxmilx5wzmqki92v6y-lix-2.95.0-pre20260129-dev_b6c8f41/libexec/lix/kill-user
lix> shrinking /nix/store/khgamafgkp7vzksxmilx5wzmqki92v6y-lix-2.95.0-pre20260129-dev_b6c8f41/libexec/lix/run-build-hook
lix> shrinking /nix/store/khgamafgkp7vzksxmilx5wzmqki92v6y-lix-2.95.0-pre20260129-dev_b6c8f41/libexec/lix/run-diff-hook
lix> shrinking /nix/store/khgamafgkp7vzksxmilx5wzmqki92v6y-lix-2.95.0-pre20260129-dev_b6c8f41/libexec/lix/run-pager
lix> shrinking /nix/store/khgamafgkp7vzksxmilx5wzmqki92v6y-lix-2.95.0-pre20260129-dev_b6c8f41/libexec/lix/unix-bind-connect
lix> shrinking /nix/store/khgamafgkp7vzksxmilx5wzmqki92v6y-lix-2.95.0-pre20260129-dev_b6c8f41/bin/nix
lix> checking for references to /build/ in /nix/store/khgamafgkp7vzksxmilx5wzmqki92v6y-lix-2.95.0-pre20260129-dev_b6c8f41...
lix> gzipping man pages under /nix/store/khgamafgkp7vzksxmilx5wzmqki92v6y-lix-2.95.0-pre20260129-dev_b6c8f41/share/man/
lix> patching script interpreter paths in /nix/store/khgamafgkp7vzksxmilx5wzmqki92v6y-lix-2.95.0-pre20260129-dev_b6c8f41
lix> stripping (with command strip and flags -S -p) in  /nix/store/khgamafgkp7vzksxmilx5wzmqki92v6y-lix-2.95.0-pre20260129-dev_b6c8f41/lib /nix/store/khgamafgkp7vzksxmilx5wzmqki92v6y-lix-2.95.0-pre20260129-dev_b6c8f41/libexec /nix/store/khgamafgkp7vzksxmilx5wzmqki92v6y-lix-2.95.0-pre20260129-dev_b6c8f41/bin
lix> making symlink relative: /nix/store/khgamafgkp7vzksxmilx5wzmqki92v6y-lix-2.95.0-pre20260129-dev_b6c8f41/libexec/lix/builtin-builder
lix> making symlink relative: /nix/store/khgamafgkp7vzksxmilx5wzmqki92v6y-lix-2.95.0-pre20260129-dev_b6c8f41/libexec/nix/build-remote
lix> Running phase: installCheckPhase
lix> ninja: no work to do.
lix> mesonCheckPhase flags: --suite=installcheck --timeout-multiplier=0
lix>   1/123 lix:installcheck / functional-test-infra                                    OK              0.29s
lix>   2/123 lix:installcheck / functional-flakes-absolute-paths                         OK              0.43s
lix>   3/123 lix:installcheck / functional-init                                          OK              0.48s
lix>   4/123 lix:installcheck / functional-flakes-unlocked-override                      OK              0.54s
lix>   5/123 lix:installcheck / functional-flakes-inputs                                 OK              0.59s
lix>   6/123 lix:installcheck / functional-flakes-run                                    OK              0.72s
lix>   7/123 lix:installcheck / functional-flakes-bundle                                 OK              0.70s
lix>   8/123 lix:installcheck / functional-flakes-circular                               OK              0.78s
lix>   9/123 lix:installcheck / functional-flakes-develop-r8854                          OK              0.79s
lix>  10/123 lix:installcheck / functional-flakes-check                                  OK              0.86s
lix>  11/123 lix:installcheck / functional-flakes-flake-metadata                         OK              0.53s
lix>  12/123 lix:installcheck / functional-flakes-build-paths                            OK              0.98s
lix>  13/123 lix:installcheck / functional-flakes-subdir-flake                           OK              0.65s
lix>  14/123 lix:installcheck / functional-flakes-develop                                OK              1.35s
lix>  15/123 lix:installcheck / functional-legacy-ssh-store                              OK              0.61s
lix>  16/123 lix:installcheck / functional-flakes-flake-registry                         OK              0.95s
lix>  17/123 lix:installcheck / functional-flakes-follow-paths                           OK              1.42s
lix>  18/123 lix:installcheck / functional-flakes-init                                   OK              1.44s
lix>  19/123 lix:installcheck / functional-flakes-flake-in-submodule                     OK              1.82s
lix>  20/123 lix:installcheck / functional-experimental-features                         OK              1.22s
lix>  21/123 lix:installcheck / functional-nix-collect-garbage-d                         OK              1.99s
lix>  22/123 lix:installcheck / functional-nix-collect-garbage-dry-run                   OK              2.23s
lix>  23/123 lix:installcheck / functional-binary-cache-regression-fj647                 OK              1.52s
lix>  24/123 lix:installcheck / functional-unsandboxed-certificate-authorities           OK              1.77s
lix>  25/123 lix:installcheck / functional-sandboxed-certificate-authorities             OK              2.23s
lix>  26/123 lix:installcheck / functional-gc-concurrent                                 OK              1.33s
lix>  27/123 lix:installcheck / functional-fixed                                         OK              0.68s
lix>  28/123 lix:installcheck / functional-multiple-outputs                              OK              2.25s
lix>  29/123 lix:installcheck / functional-gc                                            OK              3.11s
lix>  30/123 lix:installcheck / functional-nix-build                                     OK              1.81s
lix>  31/123 lix:installcheck / functional-repair-chroot                                 OK              1.38s
lix>  32/123 lix:installcheck / functional-fetchGitLocked                                OK              0.84s
lix>  33/123 lix:installcheck / functional-fetchPath                                     OK              0.32s
lix>  34/123 lix:installcheck / functional-repair                                        OK              2.24s
lix>  35/123 lix:installcheck / functional-export-graph                                  OK              1.97s
lix>  36/123 lix:installcheck / functional-fetchTree-file                                OK              0.78s
lix>  37/123 lix:installcheck / functional-fetchers                                      OK              1.82s
lix>  38/123 lix:installcheck / functional-simple                                        OK              1.01s
lix>  39/123 lix:installcheck / functional-referrers                                     OK              0.79s
lix>  40/123 lix:installcheck / functional-optimise-store                                OK              0.96s
lix>  41/123 lix:installcheck / functional-fetchurl                                      OK              2.03s
lix>  42/123 lix:installcheck / functional-substitute-with-invalid-ca                    OK              0.72s
lix>  43/123 lix:installcheck / functional-fetchGitRefs                                  OK              2.82s
lix>  44/123 lix:installcheck / functional-gc-runtime                                    OK              2.99s
lix>  45/123 lix:installcheck / functional-nix-shell-regression-533                      OK              0.46s
lix>  46/123 lix:installcheck / functional-user-envs                                     OK              5.77s
lix>  47/123 lix:installcheck / functional-nix-shell-structured-attrs                    OK              1.34s
lix>  48/123 lix:installcheck / functional-secure-drv-outputs                            OK              1.20s
lix>  49/123 lix:installcheck / functional-signing                                       OK              2.44s
lix>  50/123 lix:installcheck / functional-restricted                                    OK              1.49s
lix>  51/123 lix:installcheck / functional-binary-cache                                  OK              6.66s
lix>  52/123 lix:installcheck / functional-readfile-context                              OK              0.73s
lix>  53/123 lix:installcheck / functional-nix-shell-basic                               OK              2.69s
lix>  54/123 lix:installcheck / functional-flakes-search-root                            OK              1.35s
lix>  55/123 lix:installcheck / functional-fetchGit                                      OK              5.17s
lix>  56/123 lix:installcheck / functional-check                                         OK              3.24s
lix>  57/123 lix:installcheck / functional-build-jobless                                 OK              0.47s
lix>  58/123 lix:installcheck / functional-remote-store                                  OK              8.32s
lix>  59/123 lix:installcheck / functional-dependencies                                  OK              1.33s
lix>  60/123 lix:installcheck / functional-gc-non-blocking                               OK              3.66s
lix>  61/123 lix:installcheck / functional-fetchGitSubmodules                            OK              2.39s
lix>  62/123 lix:installcheck / functional-impure-eval                                   OK              0.81s
lix>  63/123 lix:installcheck / functional-nix-channel                                   OK              2.05s
lix>  64/123 lix:installcheck / functional-check-reqs                                    OK              1.97s
lix>  65/123 lix:installcheck / functional-config                                        OK              0.75s
lix>  66/123 lix:installcheck / functional-local-store                                   OK              0.55s
lix>  67/123 lix:installcheck / functional-nar-access                                    OK              1.62s
lix>  68/123 lix:installcheck / functional-logging                                       OK              1.23s
lix>  69/123 lix:installcheck / functional-export                                        OK              1.03s
lix>  70/123 lix:installcheck / functional-filter-source                                 OK              0.69s
lix>  71/123 lix:installcheck / functional-misc                                          OK              0.50s
lix>  72/123 lix:installcheck / functional-structured-attrs                              OK              0.36s
lix>  73/123 lix:installcheck / functional-supplementary-groups                          OK              0.70s
lix>  74/123 lix:installcheck / functional-brotli                                        OK              0.71s
lix>  75/123 lix:installcheck / functional-zstd                                          OK              0.78s
lix>  76/123 lix:installcheck / functional-build-dry                                     OK              1.08s
lix>  77/123 lix:installcheck / functional-linux-sandbox                                 OK              1.23s
lix>  78/123 lix:installcheck / functional-pre-hook                                      OK              0.54s
lix>  79/123 lix:installcheck / functional-repl                                          OK              2.40s
lix>  80/123 lix:installcheck / functional-nix-copy-ssh                                  OK              0.93s
lix>  81/123 lix:installcheck / functional-shell                                         OK              1.24s
lix>  82/123 lix:installcheck / functional-function-trace                                OK              0.47s
lix>  83/123 lix:installcheck / functional-flakes-flakes                                 OK             11.65s
lix>  84/123 lix:installcheck / functional-derivation-json                               OK              0.35s
lix>  85/123 lix:installcheck / functional-import-derivation                             OK              0.46s
lix>  86/123 lix:installcheck / functional-fmt                                           OK              0.60s
lix>  87/123 lix:installcheck / functional-nix-copy-ssh-ng                               OK              1.35s
lix>  88/123 lix:installcheck / functional-case-hack                                     OK              0.40s
lix>  89/123 lix:installcheck / functional-placeholders                                  OK              0.36s
lix>  90/123 lix:installcheck / functional-flakes-config                                 OK              0.81s
lix>  91/123 lix:installcheck / functional-ssh-relay                                     OK              0.38s
lix>  92/123 lix:installcheck / functional-build                                         OK              0.38s
lix>  93/123 lix:installcheck / functional-db-migration                                  SKIP            0.20s   exit status 77
lix>  94/123 lix:installcheck / functional-bash-profile                                  OK              0.23s
lix>  95/123 lix:installcheck / functional-output-normalization                          OK              0.36s
lix>  96/123 lix:installcheck / functional-pass-as-file                                  OK              0.37s
lix>  97/123 lix:installcheck / functional-eval-store                                    OK              1.10s
lix>  98/123 lix:installcheck / functional-selfref-gc                                    OK              0.49s
lix>  99/123 lix:installcheck / functional-store-ping                                    OK              0.28s
lix> 100/123 lix:installcheck / functional-suggestions                                   OK              0.45s
lix> 101/123 lix:installcheck / functional-toString-path                                 OK              0.24s
lix> 102/123 lix:installcheck / functional-path-from-hash-part                           OK              0.37s
lix> 103/123 lix:installcheck / functional-extra-sandbox-profile                         SKIP            0.19s   exit status 77
lix> 104/123 lix:installcheck / functional-test-libstoreconsumer                         OK              0.36s
lix> 105/123 lix:installcheck / functional-post-hook                                     OK              1.96s
lix> 106/123 lix:installcheck / functional-read-only-store                               OK              0.60s
lix> 107/123 lix:installcheck / functional-flakes-show                                   OK              0.84s
lix> 108/123 lix:installcheck / functional2                                              RUNNING       
lix> >>> MSAN_OPTIONS=halt_on_error=1:abort_on_error=1:print_summary=1:print_stacktrace=1 system=x86_64-linux NIX_BIN_DIR=/build/source/build/lix/nix MALLOC_PERTURB_=115 MESON_TEST_ITERATION=1 ASAN_OPTIONS=halt_on_error=1:abort_on_error=1:print_summary=1 LD_LIBRARY_PATH=/build/source/build/lix/libexpr:/build/source/build/lix/libmain:/build/source/build/lix/libcmd:/build/source/build/lix/libfetchers:/build/source/build/lix/libutil:/build/source/build/lix/libstore UBSAN_OPTIONS=halt_on_error=1:abort_on_error=1:print_summary=1:print_stacktrace=1 /nix/store/plrdyj6is9kx75rrc945z0gfm4i6j815-python3-3.13.11-env/bin/python3 -m pytest -v -r fEs -n auto --maxprocesses=12 --dist=worksteal /build/source/tests/functional2
lix> 109/123 lix:installcheck / functional-regression-484                                OK              0.48s
lix> 110/123 lix:installcheck / functional-plugins                                       OK              0.31s
lix> 111/123 lix:installcheck / functional-redirected-filter-source                      OK              0.40s
lix> 112/123 lix:installcheck / functional-substitute-truncated-nar                      OK              0.56s
lix> 113/123 lix:installcheck / functional-gc-auto                                       OK             11.94s
lix> 114/123 lix:installcheck / functional-mtls-substituter-ssl-client-cert              OK              0.43s
lix> 115/123 lix:installcheck / functional-build-delete                                  OK              1.90s
lix> 116/123 lix:installcheck / functional-nested-sandboxing                             OK              1.45s
lix> 117/123 lix:installcheck / repl-characterization-tests                              OK              1.17s
lix> 118/123 lix:installcheck / functional-nix-profile                                   OK              2.87s
lix> 119/123 lix:installcheck / functional-build-remote-content-addressed-fixed          OK              6.81s

